nische,brand_haendler,url_programm,netzwerk,zielmarkt,provision,provision_datenqualitaet,cookie_dauer,cookie_datenqualitaet,aov_bekannt,social_media_erlaubt,instagram_erlaubt,deep_links,produktfeed_api,internationale_lieferung,besonderheiten,quelle_url,pruefdatum
Gaming/Desk Setup,"Logitech (inkl. Logitech G, Ultimate Ears, Astro)",https://www.logitech.com/en-us/programs/affiliate-program,Impact,US (separates Impact-Programm für EMEA lt. Verzeichnis),"4–10 % Standard, je nach Marke; saisonale und Performance-Boni",VERIFIED,30 Tage,VERIFIED,125 USD (vom Brand genannt),UNKNOWN (keine expliziten Regeln; Coupon-/Deal-Partner wie Honey als Referenz genannt),UNKNOWN,UNKNOWN (programmspezifisch nicht angegeben; Impact bietet netzwerkseitig Deeplinks),Produktkatalog + Banner/Textlinks lt. Programmseite,UNKNOWN,"EMEA-Direktkonditionen nicht öffentlich; Subnetz-Raten EMEA 2,8–3,2 % (MCANISM/FlexOffers). Hinweis: im Verzeichnis gelistete Raten von FlexOffers/SaleGains/MCANISM/cityads/MyLead/AdPump/Admitad sind Subnetzwerk-Raten (i.d.R. unter der Direktrate).",https://www.logitech.com/en-us/programs/affiliate-program ; https://www.affiliate-marketing.de/partnerprogramme/logitech.com,2026-09-26
Gaming/Desk Setup,Razer,UNKNOWN,Impact (global); daisycon; weitere Subnetze,"Global inkl. DE, UK, US","Impact-Direktrate nicht öffentlich; daisycon 3,75–7,5 %; Sekundärquellen: bis 3 % Peripherie / 5 USD je System",THIRD-PARTY ESTIMATE,30 Tage (Sekundärquellen),THIRD-PARTY ESTIMATE,UNKNOWN,UNKNOWN,UNKNOWN,UNKNOWN (programmspezifisch nicht angegeben; Impact bietet netzwerkseitig Deeplinks),UNKNOWN,UNKNOWN,Angaben widersprüchlich zwischen Quellen. Hinweis: im Verzeichnis gelistete Raten von FlexOffers/SaleGains/MCANISM/cityads/MyLead/AdPump/Admitad sind Subnetzwerk-Raten (i.d.R. unter der Direktrate).,https://www.affiliate-marketing.de/partnerprogramme/razer.com ; https://referralrocket.io/affiliate-program/razer_10I,2026-09-26
Gaming/Desk Setup,Corsair,UNKNOWN,Impact (34 Territorien inkl. DE/AT/CH/US); Admitad; SaleGains,"Global inkl. DE, US, UK","Direktrate nicht öffentlich; Subnetze 0,9–3,5 % (Admitad 3,5 %)",THIRD-PARTY ESTIMATE,30 Tage (Sekundärquellen),THIRD-PARTY ESTIMATE,UNKNOWN,UNKNOWN,UNKNOWN,UNKNOWN (programmspezifisch nicht angegeben; Impact bietet netzwerkseitig Deeplinks),UNKNOWN,UNKNOWN,Sekundärquellen nennen 1–8 % (stark widersprüchlich). Hinweis: im Verzeichnis gelistete Raten von FlexOffers/SaleGains/MCANISM/cityads/MyLead/AdPump/Admitad sind Subnetzwerk-Raten (i.d.R. unter der Direktrate).,https://www.affiliate-marketing.de/partnerprogramme/corsair.com ; https://getlasso.co/affiliate/corsair/,2026-09-26
Gaming/Desk Setup,SteelSeries,UNKNOWN,Impact (190+ Territorien); CJ,"Global inkl. DE, UK, US",CJ-Listing 4 %; Impact-Rate nicht öffentlich,THIRD-PARTY ESTIMATE,UNKNOWN,UNKNOWN,UNKNOWN,UNKNOWN,UNKNOWN,UNKNOWN (programmspezifisch nicht angegeben; Impact bietet netzwerkseitig Deeplinks),UNKNOWN,"Gratisversand ab 59,99 €/£ lt. Programmbeschreibung","FlexOffers US 3,2 % (Subnetz).",https://www.affiliate-marketing.de/partnerprogramme/steelseries.com,2026-09-26
Gaming/Desk Setup,HyperX (by HP),UNKNOWN,CJ,UNKNOWN (Markt im Verzeichnis nicht angegeben),1 %,THIRD-PARTY ESTIMATE,UNKNOWN,UNKNOWN,UNKNOWN,UNKNOWN,UNKNOWN,UNKNOWN (programmspezifisch nicht angegeben; CJ bietet netzwerkseitig Deeplinks),UNKNOWN,UNKNOWN,Sehr niedrige Rate; Listing seit 03/2026.,https://www.affiliate-marketing.de/partnerprogramme/hyperx.com,2026-09-26
Gaming/Desk Setup,ASUS (inkl. ROG),UNKNOWN,Awin (GB; US/CA); Subnetze,"UK (Awin 5 %), US/CA (Awin 1 %); DE nur via Subnetz (MyLead 2,1 %)",UK 5 %; US/CA 1 %,THIRD-PARTY ESTIMATE,UNKNOWN,UNKNOWN,UNKNOWN,UNKNOWN,UNKNOWN,UNKNOWN (programmspezifisch nicht angegeben; Awin bietet netzwerkseitig Deeplink-Generator),UNKNOWN,UNKNOWN,Kein Awin-DE-Programm im Verzeichnis. Hinweis: im Verzeichnis gelistete Raten von FlexOffers/SaleGains/MCANISM/cityads/MyLead/AdPump/Admitad sind Subnetzwerk-Raten (i.d.R. unter der Direktrate).,https://www.affiliate-marketing.de/partnerprogramme/asus.com,2026-09-26
Gaming/Desk Setup,Secretlab,https://secretlab.co/pages/affiliates,UNKNOWN (eigene Programmseite; Details nicht abrufbar),US (Seite 'Secretlab US'),Sekundärquelle: 12 % (unbestätigt),THIRD-PARTY ESTIMATE,"7 Tage (Sekundärquelle, unbestätigt)",THIRD-PARTY ESTIMATE,UNKNOWN (Titan Evo Preis nicht abrufbar),UNKNOWN,UNKNOWN,UNKNOWN,UNKNOWN,UNKNOWN,Offizielle Seite beim Abruf abgeschnitten; Konditionen vor Nutzung im Programm prüfen.,https://secretlab.co/pages/affiliates ; https://taprefer.com/secretlab-affiliate-program/secretlab/,2026-09-26
Gaming/Desk Setup,noblechairs,https://ui.awin.com/merchant-profile/39624,Awin (ID 39624),"AT, DE, US, UK, BE, PT, FR, CH, LU, ES, NL","5 % (Programmseite: flat; Verzeichnis EUR-Programm 1,5–5 %, GBP 5 %)",VERIFIED,30 Tage,VERIFIED,'High AOV' (keine Zahl genannt),Ja – 'digitale Content-Ersteller' explizit willkommen,UNKNOWN (nicht explizit genannt),Tracking-Links/Link-Builder im Dashboard,UNKNOWN,"Ja, 11 Länder lt. Programmseite",Awin-Registrierung Voraussetzung; exklusive Deals/Rabatte für Partner.,https://ui.awin.com/merchant-profile/39624 ; https://www.noblechairs.eu/de-at/partnerprogramm/cp_000023.html,2026-09-26
Gaming/Desk Setup,Caseking (DE),https://ui.awin.com/merchant-profile/28817,Awin (ID 28817),DE (auch internationale Märkte),Basis 1 %; PC-Systeme 3 %; noblechairs/ThunderX3/Ducky 5 %,VERIFIED,30 Tage,VERIFIED,'Hoher AOV' (keine Zahl genannt),UNKNOWN,UNKNOWN,UNKNOWN (programmspezifisch nicht angegeben; Awin bietet netzwerkseitig Deeplink-Generator),UNKNOWN,Ja (deutsche und internationale Märkte lt. Profil),Niedrige Basisrate für Hardware; Eigenmarken höher verprovisioniert.,https://ui.awin.com/merchant-profile/28817,2026-09-26
Gaming/Desk Setup,Herman Miller (US Store),https://store.hermanmiller.com/affiliate-signup.html?lang=en_US,CJ (Commission Junction),US (nur US-Partner zugelassen lt. FAQ),4 % (CJ-Listing im Verzeichnis; offizielle Seite nennt keine Zahl),THIRD-PARTY ESTIMATE,30 Tage (Sekundärquelle),THIRD-PARTY ESTIMATE,"Preisstichprobe: Aeron ab 2.305 USD (store.hermanmiller.com, 2026-09-26)",UNKNOWN (FAQ schließt nur Seiten mit expliziten/gewalttätigen Inhalten aus),UNKNOWN,UNKNOWN (programmspezifisch nicht angegeben; CJ bietet netzwerkseitig Deeplinks),Ja – Produktdaten-Feeds für zugelassene Partner (FAQ); täglich aktualisierter Katalog lt. Verzeichnis,US,Partner außerhalb der USA derzeit nicht akzeptiert; Banner dürfen nicht verändert werden; separates Gaming-Affiliate-Programm (CJ) in Kooperation mit Logitech G.,https://store.hermanmiller.com/faq-affiliate-program.html?lang=en_US ; https://store.hermanmiller.com/gaming-affiliate-signup?lang=en_US ; https://www.affiliate-marketing.de/partnerprogramme/hermanmiller.com,2026-09-26
Gaming/Desk Setup,Herman Miller (UK/DE/FR),UNKNOWN,CJ,"UK, DE, FR",4 %,THIRD-PARTY ESTIMATE,UNKNOWN,UNKNOWN,UNKNOWN,UNKNOWN,UNKNOWN,UNKNOWN (programmspezifisch nicht angegeben; CJ bietet netzwerkseitig Deeplinks),UNKNOWN,UNKNOWN,"Nur Verzeichnis-Listing; Widerspruch zur US-FAQ ('nur US-Partner') – vermutlich separate EU-Programme, vor Nutzung prüfen.",https://www.affiliate-marketing.de/partnerprogramme/hermanmiller.com,2026-09-26
Gaming/Desk Setup,FlexiSpot UK,https://ui.awin.com/merchant-profile/22506,Awin (ID 22506),UK,4–8 % (gestaffelt),VERIFIED,30 Tage,VERIFIED,"291,69 GBP (Awin-Profil)",UNKNOWN (Cashback + Gutschein-Marketing explizit erlaubt),UNKNOWN,UNKNOWN (programmspezifisch nicht angegeben; Awin bietet netzwerkseitig Deeplink-Generator),UNKNOWN,Irland: +100 GBP Versand je Artikel,'Fast commission release'; temporäre Provisionserhöhungen für Top-Partner.,https://ui.awin.com/merchant-profile/22506,2026-09-26
Gaming/Desk Setup,FlexiSpot DE,UNKNOWN,ADCELL (DE/AT/LU) und Awin (DE),"DE, AT, LU",ADCELL 1–7 % (gestaffelt); Awin DE 4 %,THIRD-PARTY ESTIMATE,30 Tage,THIRD-PARTY ESTIMATE,"246,58 EUR (Verzeichnis)",UNKNOWN,UNKNOWN,UNKNOWN,UNKNOWN,UNKNOWN,Zwei parallele Netzwerke in DE; 5 J. Rahmen-/3 J. Motorgarantie als Verkaufsargument.,https://www.affiliate-marketing.de/partnerprogramme/flexispot.de,2026-09-26
Gaming/Desk Setup,FlexiSpot US/CA,UNKNOWN,Awin,"US, CA",1–5 %,THIRD-PARTY ESTIMATE,30 Tage,THIRD-PARTY ESTIMATE,UNKNOWN,UNKNOWN,UNKNOWN,UNKNOWN (programmspezifisch nicht angegeben; Awin bietet netzwerkseitig Deeplink-Generator),UNKNOWN,UNKNOWN,,https://www.affiliate-marketing.de/partnerprogramme/flexispot.de,2026-09-26
Gaming/Desk Setup,Elgato (Corsair),UNKNOWN,Impact (global inkl. DE/UK/US),Global,"Impact-Rate nicht öffentlich; Subnetz SaleGains 3,75 %",THIRD-PARTY ESTIMATE,UNKNOWN,UNKNOWN,UNKNOWN,UNKNOWN,UNKNOWN,UNKNOWN (programmspezifisch nicht angegeben; Impact bietet netzwerkseitig Deeplinks),UNKNOWN,UNKNOWN,Hinweis: im Verzeichnis gelistete Raten von FlexOffers/SaleGains/MCANISM/cityads/MyLead/AdPump/Admitad sind Subnetzwerk-Raten (i.d.R. unter der Direktrate).,https://www.affiliate-marketing.de/partnerprogramme/elgato.com,2026-09-26
Gaming/Desk Setup,Govee (Setup-Beleuchtung),UNKNOWN,Awin (DE); Impact (DE/GB/US u.a.); Subnetze,"DE (Awin), US/UK (Impact)",Awin DE 5–12 %; Impact nicht öffentlich; FlexOffers US 4–8 %,THIRD-PARTY ESTIMATE,UNKNOWN,UNKNOWN,UNKNOWN,UNKNOWN,UNKNOWN,UNKNOWN (programmspezifisch nicht angegeben; Awin bietet netzwerkseitig Deeplink-Generator),UNKNOWN,UNKNOWN,"Hohe Prozente, aber niedriger Einzelpreis der Produkte. Hinweis: im Verzeichnis gelistete Raten von FlexOffers/SaleGains/MCANISM/cityads/MyLead/AdPump/Admitad sind Subnetzwerk-Raten (i.d.R. unter der Direktrate).",https://www.affiliate-marketing.de/partnerprogramme/govee.com,2026-09-26
Gaming/Desk Setup,Nanoleaf,UNKNOWN,"UNKNOWN (Direktnetzwerk nicht gelistet); FlexOffers, MCANISM",US; EU (26 Länder via MCANISM),FlexOffers US 8 %; MCANISM 7 %,THIRD-PARTY ESTIMATE,UNKNOWN,UNKNOWN,UNKNOWN,UNKNOWN,UNKNOWN,UNKNOWN,UNKNOWN,UNKNOWN,Hinweis: im Verzeichnis gelistete Raten von FlexOffers/SaleGains/MCANISM/cityads/MyLead/AdPump/Admitad sind Subnetzwerk-Raten (i.d.R. unter der Direktrate).,https://www.affiliate-marketing.de/partnerprogramme/nanoleaf.me,2026-09-26
Gaming/Desk Setup,Orbitkey,UNKNOWN,"UNKNOWN (Direktnetzwerk nicht gelistet); FlexOffers, SaleGains",US,FlexOffers 8 %; SaleGains 6 %,THIRD-PARTY ESTIMATE,UNKNOWN,UNKNOWN,UNKNOWN,UNKNOWN,UNKNOWN,UNKNOWN,Nein (lt. Verzeichnis kein Produktfeed),UNKNOWN,Kein SEM lt. Verzeichnis. Hinweis: im Verzeichnis gelistete Raten von FlexOffers/SaleGains/MCANISM/cityads/MyLead/AdPump/Admitad sind Subnetzwerk-Raten (i.d.R. unter der Direktrate).,https://www.affiliate-marketing.de/partnerprogramme/orbitkey.com,2026-09-26
Gaming/Desk Setup,Nomad Goods (Desk-/Tech-Zubehör),UNKNOWN,CJ,UNKNOWN (vermutl. US),10 %,THIRD-PARTY ESTIMATE,UNKNOWN,UNKNOWN,UNKNOWN,UNKNOWN,UNKNOWN,UNKNOWN (programmspezifisch nicht angegeben; CJ bietet netzwerkseitig Deeplinks),UNKNOWN,UNKNOWN,,https://www.affiliate-marketing.de/partnerprogramme/nomadgoods.com,2026-09-26
Gaming/Desk Setup,Dell,UNKNOWN,CJ (US/UK/DE); Impact (AU/NZ),"US, UK, DE",CJ US Home & Home Office 1–7 %; CJ DE 1 %; CJ UK 1 %; Outlet US 2 %,THIRD-PARTY ESTIMATE,UNKNOWN,UNKNOWN,UNKNOWN,UNKNOWN,UNKNOWN,UNKNOWN (programmspezifisch nicht angegeben; CJ bietet netzwerkseitig Deeplinks),UNKNOWN,UNKNOWN,Rate in DE/UK sehr niedrig.,https://www.affiliate-marketing.de/partnerprogramme/dell.com,2026-09-26
Gaming/Desk Setup,Lenovo,UNKNOWN,TradeTracker (DE/AT); Impact (40+ Länderprogramme),"DE, AT, US, UK u.a.",TradeTracker DE/AT 4 %; Impact-Raten nicht öffentlich,THIRD-PARTY ESTIMATE,UNKNOWN,UNKNOWN,UNKNOWN,UNKNOWN,UNKNOWN,UNKNOWN,UNKNOWN,UNKNOWN,106 Programme im Verzeichnis erfasst.,https://www.affiliate-marketing.de/partnerprogramme/lenovo.com,2026-09-26
Gaming/Desk Setup,HP Store,UNKNOWN,Tradedoubler (DE); CJ (US),"DE, US",Tradedoubler DE 4 %; CJ US 1 %; HP All-In Plan CJ 5 %,THIRD-PARTY ESTIMATE,90 Tage (Verzeichnis-Beschreibung),THIRD-PARTY ESTIMATE,UNKNOWN,UNKNOWN,UNKNOWN,UNKNOWN,UNKNOWN,UNKNOWN,Langer Cookie; Produktlevel-Tracking lt. Beschreibung.,https://www.affiliate-marketing.de/partnerprogramme/hp.com,2026-09-26
Gaming/Desk Setup,Apple Services Performance Partners,https://performance-partners.apple.com/,Partnerize,International ('local market rate'),"Nicht öffentlich ('based on product and local market rate'); nur digitale Services (Apple Music, TV, Podcasts-Abos, Filme, Bücher) – KEINE Hardware",VERIFIED,UNKNOWN,UNKNOWN,UNKNOWN,UNKNOWN,UNKNOWN,Links müssen Affiliate-Token enthalten,UNKNOWN,n/a (digitale Services),Nur 'limited number of partners who can drive volume'; Auszahlung 60–90 Tage. Für Desk-Setup-Hardware ungeeignet.,https://performance-partners.apple.com/,2026-09-26
Gaming/Desk Setup,Best Buy (US),https://www.bestbuy.com/site/misc/affiliate-program/pcmcat198500050002.c?id=pcmcat198500050002,Impact,US,"Nicht auf Programmseite genannt; Subnetze 0,4–7,69 %",UNKNOWN,UNKNOWN,UNKNOWN,UNKNOWN,Ja – eigener Pfad 'Best Buy Creator' für Social-Media-Creator/Blogs (neben 'Publisher'),UNKNOWN (Creator-Pfad für Social Media; Plattform nicht einzeln genannt),UNKNOWN (programmspezifisch nicht angegeben; Impact bietet netzwerkseitig Deeplinks),UNKNOWN,US,Separate AGB für Creator und Publisher; monatliche Auszahlung.,https://www.bestbuy.com/site/misc/affiliate-program/pcmcat198500050002.c?id=pcmcat198500050002 ; https://www.affiliate-marketing.de/partnerprogramme/bestbuy.com,2026-09-26
Gaming/Desk Setup,notebooksbilliger.de,UNKNOWN,Awin,"DE, AT",2 %,THIRD-PARTY ESTIMATE,UNKNOWN,UNKNOWN,UNKNOWN,UNKNOWN,UNKNOWN,UNKNOWN (programmspezifisch nicht angegeben; Awin bietet netzwerkseitig Deeplink-Generator),UNKNOWN,UNKNOWN,,https://www.affiliate-marketing.de/partnerprogramme/notebooksbilliger.de,2026-09-26
Gaming/Desk Setup,MediaMarkt / Saturn,UNKNOWN,"communicationAds (DE); Awin (AT, CH)","DE, AT, CH","DE: 0,01–90 € fix pro Sale (kategorieabhängig); AT 2,5 %; CH 3,5 %",THIRD-PARTY ESTIMATE,UNKNOWN,UNKNOWN,UNKNOWN,UNKNOWN,UNKNOWN,UNKNOWN,UNKNOWN,UNKNOWN,DE-Programm mit Fixbeträgen statt Prozent.,https://www.affiliate-marketing.de/partnerprogramme/mediamarkt.de,2026-09-26
Gaming/Desk Setup,Currys (UK),https://ui.awin.com/merchant-profile/1599,Awin (ID 1599),UK & IE (ohne Kanalinseln),"Seit 01.08.2025: Editorial/Communities/Content Creators & Influencer 3 %; CSS 2,5 %; Loyalty/Browser/Direct u.a. 2 %; Cashback/Code/Retargeting/Subnetze 1 %; Apple, Mobiles, Konsolen, Digital generell 1 %",VERIFIED,30 Tage,VERIFIED,UNKNOWN,Ja – eigene Stufe 'Content Creators & Influencers' (3 %),UNKNOWN (nicht einzeln genannt),UNKNOWN (programmspezifisch nicht angegeben; Awin bietet netzwerkseitig Deeplink-Generator),Ja – mehrere Datenfeeds täglich,Nur UK & IE,Validierung nach Versand + 30 Tage Rückgabefrist; keine BNPL-Publisher; CSS/CLO nur mit Freigabe; keine Provision auf Wiederverkauf/eBay/Amazon-Store-Käufe.,https://ui.awin.com/merchant-profile/1599,2026-09-26
Gaming/Desk Setup,Scan Computers (UK),https://ui.awin.com/merchant-profile/15473,Awin (ID 15473),UK,Basis 1 %; höher je Kategorie/Partnerstatus auf Anfrage,VERIFIED,30 Tage,VERIFIED,UNKNOWN,UNKNOWN,UNKNOWN,UNKNOWN (programmspezifisch nicht angegeben; Awin bietet netzwerkseitig Deeplink-Generator),Ja – aktualisierter Produktfeed (lt. Profil-Beschreibung),UNKNOWN,"Bonus-Kampagnen, Flat-Fee-Optionen; PayPal-Credit-Ratenkauf für Kunden.",https://ui.awin.com/merchant-profile/15473,2026-09-26
Gaming/Desk Setup,Overclockers UK,https://ui.awin.com/merchant-profile/28821,Awin (ID 28821),UK,bis 2 %,VERIFIED,30 Tage,VERIFIED,'High AOV' (keine Zahl genannt),"Ja – Programm explizit für 'gamers, creators, and streamers'",UNKNOWN (nicht explizit),UNKNOWN (programmspezifisch nicht angegeben; Awin bietet netzwerkseitig Deeplink-Generator),UNKNOWN,UK-fokussiert,"8.000+ SKUs (PCs, Komponenten, Gaming-Stühle, Monitore).",https://ui.awin.com/merchant-profile/28821,2026-09-26
Gaming/Desk Setup,Argos (UK),UNKNOWN,CJ,UK (& IE),1 % (Verzeichnis); Sekundärquellen 1–3 %,THIRD-PARTY ESTIMATE,30 Tage (Sekundärquelle),THIRD-PARTY ESTIMATE,UNKNOWN,UNKNOWN,UNKNOWN,UNKNOWN (programmspezifisch nicht angegeben; CJ bietet netzwerkseitig Deeplinks),UNKNOWN,UNKNOWN,,https://www.affiliate-marketing.de/partnerprogramme/argos.co.uk ; https://getlasso.co/affiliate/argos/,2026-09-26
Tech Gadgets,Samsung (DE),UNKNOWN,Awin,"DE (auch AT, IE, weitere EU-Länder)","Awin DE 2–5 %; AT 1,64–2 %; IE 2 %; skandinavische Programme 8 %",THIRD-PARTY ESTIMATE,UNKNOWN,UNKNOWN,UNKNOWN,UNKNOWN,UNKNOWN,UNKNOWN (programmspezifisch nicht angegeben; Awin bietet netzwerkseitig Deeplink-Generator),UNKNOWN,UNKNOWN,"Kein UK- und kein US-Direktprogramm im Verzeichnis sichtbar (US nur FlexOffers 1,6 %).",https://www.affiliate-marketing.de/partnerprogramme/samsung.com,2026-09-26
Tech Gadgets,OnePlus,UNKNOWN,"Nur Subnetze gelistet (CityAds, MyLead, Admitad, SaleGains)","DE, UK/EMEA, US/CA","Subnetze: DE 1,5–3,75 %; US/CA 2,2–3,6 %",THIRD-PARTY ESTIMATE,UNKNOWN,UNKNOWN,UNKNOWN,UNKNOWN,UNKNOWN,UNKNOWN,UNKNOWN,UNKNOWN,Direktprogramm/Netzwerk nicht verifiziert. Hinweis: im Verzeichnis gelistete Raten von FlexOffers/SaleGains/MCANISM/cityads/MyLead/AdPump/Admitad sind Subnetzwerk-Raten (i.d.R. unter der Direktrate).,https://www.affiliate-marketing.de/partnerprogramme/oneplus.com,2026-09-26
Tech Gadgets,CASETiFY,UNKNOWN,"Impact (190+ Territorien); Awin (US, 'Casetagram Limited')",Global inkl. DE/UK/US,Awin US 10 %; Impact nicht öffentlich; SaleGains DE/AT/CH 6 %,THIRD-PARTY ESTIMATE,UNKNOWN,UNKNOWN,UNKNOWN,UNKNOWN,UNKNOWN,UNKNOWN (programmspezifisch nicht angegeben; Awin bietet netzwerkseitig Deeplink-Generator),UNKNOWN,International (global gelistet),Hinweis: im Verzeichnis gelistete Raten von FlexOffers/SaleGains/MCANISM/cityads/MyLead/AdPump/Admitad sind Subnetzwerk-Raten (i.d.R. unter der Direktrate).,https://www.affiliate-marketing.de/partnerprogramme/casetify.com,2026-09-26
Tech Gadgets,Peak Design,UNKNOWN,Impact (US/CA),"US, CA",Impact nicht öffentlich; FlexOffers-Subnetz 8 % (Direktrate vermutlich höher),THIRD-PARTY ESTIMATE,UNKNOWN,UNKNOWN,UNKNOWN,UNKNOWN,UNKNOWN,UNKNOWN (programmspezifisch nicht angegeben; Impact bietet netzwerkseitig Deeplinks),UNKNOWN,UNKNOWN,Hinweis: im Verzeichnis gelistete Raten von FlexOffers/SaleGains/MCANISM/cityads/MyLead/AdPump/Admitad sind Subnetzwerk-Raten (i.d.R. unter der Direktrate).,https://www.affiliate-marketing.de/partnerprogramme/peakdesign.com,2026-09-26
Tech Gadgets,Belkin,UNKNOWN,"Impact (US/CA, GB, DE/EU, AU)","DE, UK, US","Impact nicht öffentlich; Subnetze DE 2,4–3,2 %, UK 2,4–6,4 %, US bis 10,4 % (FlexOffers)",THIRD-PARTY ESTIMATE,UNKNOWN,UNKNOWN,UNKNOWN,UNKNOWN,UNKNOWN,UNKNOWN (programmspezifisch nicht angegeben; Impact bietet netzwerkseitig Deeplinks),UNKNOWN,UNKNOWN,Hinweis: im Verzeichnis gelistete Raten von FlexOffers/SaleGains/MCANISM/cityads/MyLead/AdPump/Admitad sind Subnetzwerk-Raten (i.d.R. unter der Direktrate).,https://www.affiliate-marketing.de/partnerprogramme/belkin.com,2026-09-26
Tech Gadgets,Anker,UNKNOWN,Webgains (UK); Rakuten Advertising (US/CA),"UK, US, CA (DE nur via Subnetze)",Webgains UK 5 %; Rakuten nicht öffentlich; Subnetze DE/UK/US 4–6 %,THIRD-PARTY ESTIMATE,UNKNOWN,UNKNOWN,UNKNOWN,UNKNOWN,UNKNOWN,UNKNOWN,UNKNOWN,UNKNOWN,26 Programme im Verzeichnis. Hinweis: im Verzeichnis gelistete Raten von FlexOffers/SaleGains/MCANISM/cityads/MyLead/AdPump/Admitad sind Subnetzwerk-Raten (i.d.R. unter der Direktrate).,https://www.affiliate-marketing.de/partnerprogramme/anker.com,2026-09-26
Tech Gadgets,UGREEN,UNKNOWN,"Awin (DE, FR, Global/US)","DE, US, FR (UK via Subnetz)","Awin 8 % (DE, Global/US, FR)",THIRD-PARTY ESTIMATE,UNKNOWN,UNKNOWN,UNKNOWN,UNKNOWN,UNKNOWN,UNKNOWN (programmspezifisch nicht angegeben; Awin bietet netzwerkseitig Deeplink-Generator),UNKNOWN,UNKNOWN,Hinweis: im Verzeichnis gelistete Raten von FlexOffers/SaleGains/MCANISM/cityads/MyLead/AdPump/Admitad sind Subnetzwerk-Raten (i.d.R. unter der Direktrate).,https://www.affiliate-marketing.de/partnerprogramme/ugreen.com,2026-09-26
Tech Gadgets,DJI,UNKNOWN,Impact (US),US (CA/Asien via Subnetze),"Impact nicht öffentlich; Subnetze US/CA 1,5–6 %",THIRD-PARTY ESTIMATE,UNKNOWN,UNKNOWN,UNKNOWN,UNKNOWN,UNKNOWN,UNKNOWN (programmspezifisch nicht angegeben; Impact bietet netzwerkseitig Deeplinks),UNKNOWN,UNKNOWN,DE/UK-Direktprogramm nicht gefunden. Hinweis: im Verzeichnis gelistete Raten von FlexOffers/SaleGains/MCANISM/cityads/MyLead/AdPump/Admitad sind Subnetzwerk-Raten (i.d.R. unter der Direktrate).,https://www.affiliate-marketing.de/partnerprogramme/dji.com,2026-09-26
Tech Gadgets,Insta360,https://www.insta360.com/affiliate (403 beim Abruf),UNKNOWN (nur SaleGains im Verzeichnis),Global inkl. DE/UK/US,"SaleGains 0,75–3,38 % (Subnetz)",THIRD-PARTY ESTIMATE,UNKNOWN,UNKNOWN,UNKNOWN,UNKNOWN,UNKNOWN,UNKNOWN,UNKNOWN,UNKNOWN,Direktkonditionen nicht abrufbar. Hinweis: im Verzeichnis gelistete Raten von FlexOffers/SaleGains/MCANISM/cityads/MyLead/AdPump/Admitad sind Subnetzwerk-Raten (i.d.R. unter der Direktrate).,https://www.affiliate-marketing.de/partnerprogramme/insta360.com,2026-09-26
Tech Gadgets,GoPro,UNKNOWN,Partnerize (GoPro Global),"DE, UK, US, FR, ES, IT, NL, AU, CA, JP","Partnerize nicht öffentlich; SaleGains 2,81 %",THIRD-PARTY ESTIMATE,UNKNOWN,UNKNOWN,UNKNOWN,UNKNOWN,UNKNOWN,UNKNOWN,UNKNOWN,International (10 Länder im Programm),Hinweis: im Verzeichnis gelistete Raten von FlexOffers/SaleGains/MCANISM/cityads/MyLead/AdPump/Admitad sind Subnetzwerk-Raten (i.d.R. unter der Direktrate).,https://www.affiliate-marketing.de/partnerprogramme/gopro.com,2026-09-26
Tech Gadgets,Garmin,UNKNOWN,"CJ (US, EU, UK)","US, EU, UK","2 % (US, EU, UK)",THIRD-PARTY ESTIMATE,UNKNOWN,UNKNOWN,UNKNOWN,UNKNOWN,UNKNOWN,UNKNOWN (programmspezifisch nicht angegeben; CJ bietet netzwerkseitig Deeplinks),UNKNOWN,UNKNOWN,Niedrige Rate trotz hohem Warenwert (Wearables/Outdoor-GPS).,https://www.affiliate-marketing.de/partnerprogramme/garmin.com,2026-09-26
Tech Gadgets,Oura,https://ouraring.com/affiliate (Weiterleitung auf partnerships.ouraring.com),Impact (US),US,Nicht öffentlich,UNKNOWN,UNKNOWN,UNKNOWN,UNKNOWN,UNKNOWN,UNKNOWN,UNKNOWN (programmspezifisch nicht angegeben; Impact bietet netzwerkseitig Deeplinks),UNKNOWN,UNKNOWN,Partnerportal-Inhalt beim Abruf leer.,https://www.affiliate-marketing.de/partnerprogramme/ouraring.com,2026-09-26
Tech Gadgets,WHOOP,UNKNOWN,Impact,"45 Territorien inkl. DE, UK, US",Nicht öffentlich,UNKNOWN,UNKNOWN,UNKNOWN,UNKNOWN,UNKNOWN,UNKNOWN,UNKNOWN (programmspezifisch nicht angegeben; Impact bietet netzwerkseitig Deeplinks),UNKNOWN,International (45 Territorien),Verzeichnis-Stand 11/2024 (älter).,https://www.affiliate-marketing.de/partnerprogramme/whoop.com,2026-09-26
Foto/Audio/Musik,Thomann,https://thomann.clickfire.de/,"Clickfire (Thomann Premium Partner-Programm, in-house)",DE/EU (Programm in DE und EN),"Forum 2 %; Website/Magazin 3,5 %; Influencer 4,5 %; Metanetzwerk 2 %",VERIFIED,14 Tage (alternativ nur Browser-Session),VERIFIED,UNKNOWN (Ø-Konversionsrate ca. 5 % lt. Programmseite),"Ja, aber Mindestreichweite: Social Media ab 5.000 Followern; Websites ab 500 Unique Visits/Tag","Ja (Social-Media-Präsenzen), ab 5.000 Followern",Ja – Links mit Zusatzcode; Produkt-Widget verfügbar,Produkt-Widget; Feed UNKNOWN,UNKNOWN (nicht geprüft),Freischaltung i.d.R. binnen 24 h; 116.000+ Produkte; 30 Tage Money-back für Kunden. Mindest-Followerzahl ist Hürde für neue Theme-Pages.,https://thomann.clickfire.de/ ; https://www.thomann.de/de/faq_question_wie_werde_ich_thomann_affiliate_partner.html,2026-09-26
Foto/Audio/Musik,Gear4music (UK),https://ui.awin.com/merchant-profile/1117,Awin (ID 1117; managed by 26pmx),"UK (weitere Programme IE, BE u.a.)",Nicht im Profil genannt ('competitive'),UNKNOWN,30 Tage,VERIFIED,UNKNOWN,"UNKNOWN (nicht genannt; KEINE Cashback-, Gutschein-, Incentive- oder CSS-Partner)",UNKNOWN,Ja – eigene Textlinks ohne Freigabe erlaubt,Ja – umfassender Datenfeed (60.000+ Produkte),UNKNOWN,Transaktionen 60 Tage pending (Retouren); kein Brand-Bidding/Google Shopping; Publisher mit aktiven Google/Microsoft-Ads werden abgelehnt.,https://ui.awin.com/merchant-profile/1117,2026-09-26
Foto/Audio/Musik,B&H Photo Video (US),https://www.bhphotovideo.com/find/shared/affiliates.jsp (403 beim Abruf),In-house (eigenes B&H-Affiliate-Portal),US,"2 % Basis; 8 % auf 3.000+ Produkte ausgewählter Marken (u.a. Bose, Audioengine, Vello); Ø ca. 3,5 %",THIRD-PARTY ESTIMATE,60 Stunden (Sekundärquellen; teils 30 Tage genannt – widersprüchlich),THIRD-PARTY ESTIMATE,UNKNOWN,UNKNOWN,UNKNOWN,UNKNOWN,UNKNOWN,UNKNOWN,Mindestauszahlung 80 USD (Sekundärquelle).,https://geniuslink.com/blog/bh-photo-affiliate-program/ ; https://getlasso.co/affiliate/bh-photo-video/,2026-09-26
Foto/Audio/Musik,Adorama (US),https://www.adorama.com/api/getContent?contentName=affiliate_faq&output=desktop,Impact,US (Bewerber aus Nexus-Staaten ggf. abgelehnt),2 % Standard; höhere Stufen für Top-Performer,VERIFIED,30 Tage,VERIFIED,UNKNOWN,UNKNOWN,UNKNOWN,UNKNOWN (programmspezifisch nicht angegeben; Impact bietet netzwerkseitig Deeplinks),UNKNOWN,UNKNOWN,Auszahlung 45 Tage nach Versand; Retouren innerhalb 45 Tagen = keine Provision; ohne Steuern/Versand.,https://www.adorama.com/api/getContent?contentName=affiliate_faq&output=desktop,2026-09-26
Foto/Audio/Musik,Wex Photo Video (UK),https://www.wexphotovideo.com/about-us/wex-affiliate-programme/ (403 beim Abruf),Impact (lt. Sekundärquelle; früher Awin ID 2298),UK,"1,5 % Standard, höher je Produktgruppe",THIRD-PARTY ESTIMATE,30 Tage,THIRD-PARTY ESTIMATE,UNKNOWN,Eingeschränkt: exklusive E-Mail-Codes dürfen nicht auf Social Media geteilt werden (Awin-AGB),UNKNOWN,UNKNOWN,UNKNOWN,UNKNOWN,Nur über das Netzwerk bereitgestellte Gutscheincodes erlaubt.,https://www.flexoffers.com/affiliate-programs/wex-photographic-affiliate-program/ ; https://ui.awin.com/merchant-profile-terms/2298,2026-09-26
Foto/Audio/Musik,Calumet Photo (DE),UNKNOWN,Awin,"DE, AT",3–5 %,THIRD-PARTY ESTIMATE,UNKNOWN,UNKNOWN,UNKNOWN,UNKNOWN,UNKNOWN,UNKNOWN (programmspezifisch nicht angegeben; Awin bietet netzwerkseitig Deeplink-Generator),UNKNOWN,UNKNOWN,Programm seit 2015.,https://www.affiliate-marketing.de/partnerprogramme/calumetphoto.de,2026-09-26
Foto/Audio/Musik,Sony (Store),UNKNOWN,"Awin (DE, GB u.a.); CJ","DE, UK, weitere EU",3 % (Awin DE/GB; CJ),THIRD-PARTY ESTIMATE,UNKNOWN,UNKNOWN,500 EUR (Verzeichnis),UNKNOWN,UNKNOWN,UNKNOWN (programmspezifisch nicht angegeben; Awin bietet netzwerkseitig Deeplink-Generator),UNKNOWN,UNKNOWN,SEM nicht erlaubt lt. Verzeichnis.,https://www.affiliate-marketing.de/partnerprogramme/sony.de,2026-09-26
Foto/Audio/Musik,Canon EMEA (DE),UNKNOWN,CJ,DE,2 % (bis 3 % kategorieabhängig),THIRD-PARTY ESTIMATE,30 Tage,THIRD-PARTY ESTIMATE,über 200 EUR (Verzeichnis),UNKNOWN,UNKNOWN,UNKNOWN (programmspezifisch nicht angegeben; CJ bietet netzwerkseitig Deeplinks),UNKNOWN,UNKNOWN,,https://www.affiliate-marketing.de/partnerprogramme/canon.de,2026-09-26
Foto/Audio/Musik,Teufel (DE),https://teufel.de/partnerprogramme,Rakuten Advertising,"DE, AT, CH, Benelux, FR, ES, IT, Skandinavien, Osteuropa, US (30+ Regionen)","bis 8 % vom Netto-Warenkorb, anteilig nach Werbeleistung (Multi-Touch-Attribution)",VERIFIED,UNKNOWN,UNKNOWN,UNKNOWN,UNKNOWN,UNKNOWN,UNKNOWN,UNKNOWN,"Ja, 30+ Regionen",Bestätigung erst nach Ablauf der 8-wöchigen Rückgabefrist; Multi-Touch = Provision wird unter beteiligten Partnern geteilt.,https://teufel.de/partnerprogramme,2026-09-26
Foto/Audio/Musik,Sennheiser,UNKNOWN,UNKNOWN (Direktnetzwerk nicht gelistet); Subnetze,"US, CA, AU (DE unklar)","3,5–7 % kategorieabhängig (Programmbeschreibung); Subnetze 3,15–4,6 %",THIRD-PARTY ESTIMATE,60 Tage (Programmbeschreibung im Verzeichnis),THIRD-PARTY ESTIMATE,UNKNOWN,UNKNOWN,UNKNOWN,UNKNOWN,UNKNOWN,UNKNOWN,Dedizierter Affiliate-Manager lt. Beschreibung.,https://www.affiliate-marketing.de/partnerprogramme/sennheiser.com,2026-09-26
Foto/Audio/Musik,Bang & Olufsen (DE),UNKNOWN,CJ,DE,5 %,THIRD-PARTY ESTIMATE,UNKNOWN,UNKNOWN,UNKNOWN,UNKNOWN,UNKNOWN,UNKNOWN (programmspezifisch nicht angegeben; CJ bietet netzwerkseitig Deeplinks),UNKNOWN,UNKNOWN,,https://www.affiliate-marketing.de/partnerprogramme/bang-olufsen.com,2026-09-26
Foto/Audio/Musik,Sonos,UNKNOWN,UNKNOWN (Verzeichnis: nur SaleGains),"DE, UK, US u.a.",Sekundärquellen 3–5 % (widersprüchlich),THIRD-PARTY ESTIMATE,1–30 Tage (widersprüchlich),THIRD-PARTY ESTIMATE,UNKNOWN,UNKNOWN,UNKNOWN,UNKNOWN,UNKNOWN,UNKNOWN,,https://www.affiliate-marketing.de/partnerprogramme/sonos.com ; https://getlasso.co/affiliate/sonos-europe/,2026-09-26
Foto/Audio/Musik,Bose (US),UNKNOWN,Impact (lt. Sekundärquellen),US,2–5 % (Sekundärquellen),THIRD-PARTY ESTIMATE,30 Tage (Sekundärquelle),THIRD-PARTY ESTIMATE,UNKNOWN,UNKNOWN,UNKNOWN,UNKNOWN (programmspezifisch nicht angegeben; Impact bietet netzwerkseitig Deeplinks),UNKNOWN,UNKNOWN,Bose ist bei B&H als 8-%-Featured-Brand gelistet (Alternative).,https://getlasso.co/affiliate/bose/,2026-09-26
Foto/Audio/Musik,Sweetwater (US),UNKNOWN,"Impact (lt. Verzeichnis, Stand 07/2025); ältere Quellen: AvantLink",US,Sekundärquellen: 3–8 % bzw. 4–6 %,THIRD-PARTY ESTIMATE,14 Tage (Sekundärquellen),THIRD-PARTY ESTIMATE,Sekundärquelle: Bestellungen 200–1.000+ USD,UNKNOWN,UNKNOWN,UNKNOWN,UNKNOWN,UNKNOWN,Netzwerkangaben widersprüchlich.,https://www.affiliate-marketing.de/partnerprogramme/sweetwater.com ; https://commissiondex.com/programs/sweetwater/,2026-09-26
Foto/Audio/Musik,Guitar Center (US),UNKNOWN,Impact,US,4–6 % (Erhöhung 2025 lt. Sekundärquellen),THIRD-PARTY ESTIMATE,30 Tage (ältere Angaben 14 Tage),THIRD-PARTY ESTIMATE,UNKNOWN,UNKNOWN,UNKNOWN,UNKNOWN (programmspezifisch nicht angegeben; Impact bietet netzwerkseitig Deeplinks),UNKNOWN,UNKNOWN,,https://www.affiliate-marketing.de/partnerprogramme/guitarcenter.com ; https://linkclicky.com/affiliate-program/guitar-center/,2026-09-26
Foto/Audio/Musik,Musician's Friend (US),UNKNOWN,Impact,US,Nicht öffentlich,UNKNOWN,UNKNOWN,UNKNOWN,UNKNOWN,UNKNOWN,UNKNOWN,UNKNOWN (programmspezifisch nicht angegeben; Impact bietet netzwerkseitig Deeplinks),UNKNOWN,UNKNOWN,Verzeichnis-Listing Stand 2020 (alt).,https://www.affiliate-marketing.de/partnerprogramme/musiciansfriend.com,2026-09-26
Foto/Audio/Musik,Native Instruments,UNKNOWN,UNKNOWN (Direktnetzwerk nicht gelistet); SaleGains,Weltweit (190+ Territorien),"4,5 % (Subnetz SaleGains)",THIRD-PARTY ESTIMATE,UNKNOWN,UNKNOWN,UNKNOWN,UNKNOWN,UNKNOWN,UNKNOWN,UNKNOWN,Digitale Produkte weltweit,Hinweis: im Verzeichnis gelistete Raten von FlexOffers/SaleGains/MCANISM/cityads/MyLead/AdPump/Admitad sind Subnetzwerk-Raten (i.d.R. unter der Direktrate).,https://www.affiliate-marketing.de/partnerprogramme/native-instruments.com,2026-09-26
Küche,KitchenAid (DE),UNKNOWN,Awin,DE,7 %,THIRD-PARTY ESTIMATE,UNKNOWN,UNKNOWN,UNKNOWN,UNKNOWN,UNKNOWN,UNKNOWN (programmspezifisch nicht angegeben; Awin bietet netzwerkseitig Deeplink-Generator),UNKNOWN,UNKNOWN,,https://www.affiliate-marketing.de/partnerprogramme/kitchenaid.de,2026-09-26
Küche,"KitchenAid (US, ShopKitchenAid.com)",UNKNOWN,CJ (Small Appliances); Rakuten (Major Appliances),US,CJ 5 %; Rakuten nicht öffentlich,THIRD-PARTY ESTIMATE,UNKNOWN,UNKNOWN,UNKNOWN,UNKNOWN,UNKNOWN,UNKNOWN (programmspezifisch nicht angegeben; CJ bietet netzwerkseitig Deeplinks),UNKNOWN,UNKNOWN,FlexOffers-Subnetz nennt 9 % (widerspricht CJ-Rate).,https://www.affiliate-marketing.de/partnerprogramme/kitchenaid.de,2026-09-26
Küche,SharkNinja / Ninja (DE),UNKNOWN,Awin (DE/AT); ADCocktail,"DE, AT",Awin 5 %; ADCocktail 4 %,THIRD-PARTY ESTIMATE,30 Tage,THIRD-PARTY ESTIMATE,146 EUR (Verzeichnis),UNKNOWN,UNKNOWN,Ja – Deeplinks werden bereitgestellt (lt. Beschreibung),Ja – vollständiger Produktdatenfeed,DE/AT,40 Tage Validierung; Airfryer/Ninja Creami als Kernprodukte.,https://www.affiliate-marketing.de/partnerprogramme/ninjakitchen.de,2026-09-26
Küche,SharkNinja / Ninja (UK),UNKNOWN,UNKNOWN (Verzeichnis: nur SaleGains),UK,"Subnetz 0,75–2,25 %",THIRD-PARTY ESTIMATE,UNKNOWN,UNKNOWN,UNKNOWN,UNKNOWN,UNKNOWN,UNKNOWN,UNKNOWN,UNKNOWN,UK-Direktprogramm nicht verifiziert. Hinweis: im Verzeichnis gelistete Raten von FlexOffers/SaleGains/MCANISM/cityads/MyLead/AdPump/Admitad sind Subnetzwerk-Raten (i.d.R. unter der Direktrate).,https://www.affiliate-marketing.de/partnerprogramme/sharkninja.co.uk,2026-09-26
Küche,WMF (DE),UNKNOWN,Awin,"DE, AT (NL separat 8 %)",5 %,THIRD-PARTY ESTIMATE,UNKNOWN,UNKNOWN,UNKNOWN,UNKNOWN,UNKNOWN,UNKNOWN (programmspezifisch nicht angegeben; Awin bietet netzwerkseitig Deeplink-Generator),UNKNOWN,UNKNOWN,,https://www.affiliate-marketing.de/partnerprogramme/wmf.com,2026-09-26
Küche,Zwilling (DE),UNKNOWN,Awin,"DE, AT","6,4–8 %",THIRD-PARTY ESTIMATE,UNKNOWN,UNKNOWN,UNKNOWN,UNKNOWN,UNKNOWN,UNKNOWN (programmspezifisch nicht angegeben; Awin bietet netzwerkseitig Deeplink-Generator),UNKNOWN,UNKNOWN,Auch Staub-Gusseisen (Zwilling-Gruppe).,https://www.affiliate-marketing.de/partnerprogramme/zwilling.com,2026-09-26
Küche,Zwilling (UK),UNKNOWN,Awin,UK,8 %,THIRD-PARTY ESTIMATE,UNKNOWN,UNKNOWN,UNKNOWN,UNKNOWN,UNKNOWN,UNKNOWN (programmspezifisch nicht angegeben; Awin bietet netzwerkseitig Deeplink-Generator),UNKNOWN,UNKNOWN,,https://www.affiliate-marketing.de/partnerprogramme/zwilling.com,2026-09-26
Küche,Zwilling (US),UNKNOWN,CJ,US,6 %,THIRD-PARTY ESTIMATE,UNKNOWN,UNKNOWN,UNKNOWN,UNKNOWN,UNKNOWN,UNKNOWN (programmspezifisch nicht angegeben; CJ bietet netzwerkseitig Deeplinks),UNKNOWN,UNKNOWN,,https://www.affiliate-marketing.de/partnerprogramme/zwilling.com,2026-09-26
Küche,Fissler (US),UNKNOWN,Awin,US,5 %,THIRD-PARTY ESTIMATE,UNKNOWN,UNKNOWN,UNKNOWN,UNKNOWN,UNKNOWN,UNKNOWN (programmspezifisch nicht angegeben; Awin bietet netzwerkseitig Deeplink-Generator),UNKNOWN,UNKNOWN,DE-Programm im Verzeichnis nicht gelistet.,https://www.affiliate-marketing.de/partnerprogramme/fissler.com,2026-09-26
Küche,Le Creuset (DE),UNKNOWN,Rakuten Advertising,DE,Nicht öffentlich,UNKNOWN,UNKNOWN,UNKNOWN,UNKNOWN,UNKNOWN,UNKNOWN,UNKNOWN,UNKNOWN,UNKNOWN,,https://www.affiliate-marketing.de/partnerprogramme/lecreuset.de,2026-09-26
Küche,Le Creuset (US),UNKNOWN,Ascend (Listing),US,4 %,THIRD-PARTY ESTIMATE,UNKNOWN,UNKNOWN,UNKNOWN,UNKNOWN,UNKNOWN,UNKNOWN,UNKNOWN,UNKNOWN,Listing seit 03/2026.,https://www.affiliate-marketing.de/partnerprogramme/lecreuset.com,2026-09-26
Küche,"Tchibo (DE, nur Küche/Kaffee-Sortiment relevant)",UNKNOWN,Awin,DE,"5–8 % pro Sale + 0,80–20 € pro Lead",THIRD-PARTY ESTIMATE,UNKNOWN,UNKNOWN,UNKNOWN,UNKNOWN,UNKNOWN,UNKNOWN (programmspezifisch nicht angegeben; Awin bietet netzwerkseitig Deeplink-Generator),UNKNOWN,UNKNOWN,Gemischtes Sortiment (nicht nur Küche).,https://www.affiliate-marketing.de/partnerprogramme/tchibo.de,2026-09-26
Küche,Lakeland (UK),https://ui.awin.com/merchant-profile/1751,Awin (ID 1751),UK,"Basis 2,5 %, Erhöhungen je Publisher-Typ",VERIFIED,15 Tage,VERIFIED,UNKNOWN,UNKNOWN,UNKNOWN,Ja – Tracking-Code im Query-String (vom Händler),UNKNOWN,Provision nur auf UK-Sales,Hohe Konversionsrate lt. Profil (ohne Zahl); 3 Jahre Garantie.,https://ui.awin.com/merchant-profile/1751,2026-09-26
Küche,ProCook (UK),UNKNOWN,Impact,UK,Nicht öffentlich (Login erforderlich),UNKNOWN,UNKNOWN,UNKNOWN,UNKNOWN,UNKNOWN,UNKNOWN,UNKNOWN (programmspezifisch nicht angegeben; Impact bietet netzwerkseitig Deeplinks),UNKNOWN,UNKNOWN,,https://www.affiliate-marketing.de/partnerprogramme/procook.co.uk,2026-09-26
Küche,John Lewis & Partners (UK),UNKNOWN,Impact,UK,Nicht öffentlich; Sekundärquellen 1–7 %,THIRD-PARTY ESTIMATE,UNKNOWN (Sekundärquelle nennt 24 h – unbestätigt),THIRD-PARTY ESTIMATE,UNKNOWN,UNKNOWN,UNKNOWN,UNKNOWN (programmspezifisch nicht angegeben; Impact bietet netzwerkseitig Deeplinks),UNKNOWN,UNKNOWN,,https://www.affiliate-marketing.de/partnerprogramme/johnlewis.com ; https://linkclicky.com/affiliate-program/john-lewis-partners/,2026-09-26
Küche,Made In Cookware (US),UNKNOWN,Impact,"US, UK, CA, AU",Nicht öffentlich,UNKNOWN,UNKNOWN,UNKNOWN,UNKNOWN,UNKNOWN,UNKNOWN,UNKNOWN (programmspezifisch nicht angegeben; Impact bietet netzwerkseitig Deeplinks),UNKNOWN,"US, UK, CA, AU",DTC-Premium-Kochgeschirr.,https://www.affiliate-marketing.de/partnerprogramme/madeincookware.com,2026-09-26
Küche,Our Place (US),UNKNOWN,Impact,"US, UK, CA",Nicht öffentlich,UNKNOWN,UNKNOWN,UNKNOWN,UNKNOWN,UNKNOWN,UNKNOWN,UNKNOWN (programmspezifisch nicht angegeben; Impact bietet netzwerkseitig Deeplinks),UNKNOWN,"US, UK, CA",,https://www.affiliate-marketing.de/partnerprogramme/fromourplace.com,2026-09-26
Küche,Caraway (US),UNKNOWN,Impact; FlexOffers,US,Impact nicht öffentlich; FlexOffers 32–52 USD fix pro Sale,THIRD-PARTY ESTIMATE,UNKNOWN,UNKNOWN,UNKNOWN,UNKNOWN,UNKNOWN,UNKNOWN (programmspezifisch nicht angegeben; Impact bietet netzwerkseitig Deeplinks),UNKNOWN,UNKNOWN,Fixbetrag pro Sale statt Prozent. Hinweis: im Verzeichnis gelistete Raten von FlexOffers/SaleGains/MCANISM/cityads/MyLead/AdPump/Admitad sind Subnetzwerk-Raten (i.d.R. unter der Direktrate).,https://www.affiliate-marketing.de/partnerprogramme/carawayhome.com,2026-09-26
Küche,Vitamix (US),UNKNOWN,CJ,US,"CJ 3 %; FlexOffers-Subnetz 2,4–8 %",THIRD-PARTY ESTIMATE,UNKNOWN,UNKNOWN,UNKNOWN,UNKNOWN,UNKNOWN,UNKNOWN (programmspezifisch nicht angegeben; CJ bietet netzwerkseitig Deeplinks),UNKNOWN,UNKNOWN,Hinweis: im Verzeichnis gelistete Raten von FlexOffers/SaleGains/MCANISM/cityads/MyLead/AdPump/Admitad sind Subnetzwerk-Raten (i.d.R. unter der Direktrate).,https://www.affiliate-marketing.de/partnerprogramme/vitamix.com,2026-09-26
Küche,Sur La Table (US),UNKNOWN,Ascend (Listing); FlexOffers,US,"Ascend 4 %; FlexOffers 3,2 %",THIRD-PARTY ESTIMATE,UNKNOWN,UNKNOWN,UNKNOWN,UNKNOWN,UNKNOWN,UNKNOWN,UNKNOWN,UNKNOWN,,https://www.affiliate-marketing.de/partnerprogramme/surlatable.com,2026-09-26
Küche,"Philips (DE, u.a. Airfryer)",UNKNOWN,UNKNOWN (Direktnetzwerk nicht gelistet); FlexOffers,DE,4 % oder 8 USD pro Sale (Subnetz),THIRD-PARTY ESTIMATE,UNKNOWN,UNKNOWN,UNKNOWN,UNKNOWN,UNKNOWN,UNKNOWN,UNKNOWN,UNKNOWN,Hinweis: im Verzeichnis gelistete Raten von FlexOffers/SaleGains/MCANISM/cityads/MyLead/AdPump/Admitad sind Subnetzwerk-Raten (i.d.R. unter der Direktrate).,https://www.affiliate-marketing.de/partnerprogramme/philips.de,2026-09-26
Küche,SMEG (NL),UNKNOWN,Awin,NL (DE/UK/US nicht gelistet),6 %,THIRD-PARTY ESTIMATE,UNKNOWN,UNKNOWN,UNKNOWN,UNKNOWN,UNKNOWN,UNKNOWN (programmspezifisch nicht angegeben; Awin bietet netzwerkseitig Deeplink-Generator),UNKNOWN,UNKNOWN,Nur als EU-Referenz; kein DE-Programm gefunden.,https://www.affiliate-marketing.de/partnerprogramme/smeg.com,2026-09-26
Kaffee,De'Longhi (DE),https://ui.awin.com/merchant-profile/22915,Awin (ID 22915; managed by Velstar),DE,bis 7 % je Produktkategorie,VERIFIED,15 Tage,VERIFIED,über 200 EUR (Awin-Profil),"Ja – Content-Websites, Vergleich, Newsletter, Social Media, Cashback, Gutscheine willkommen",UNKNOWN (Social Media allgemein erlaubt),UNKNOWN (programmspezifisch nicht angegeben; Awin bietet netzwerkseitig Deeplink-Generator),Ja – regelmäßig aktualisierter Produktfeed (200+ Produkte),"DE (eigene Programme für CH, UK, US, CA u.a.)",45 Tage Validierung; striktes Brand-Bidding-Verbot; bei bestimmten Produkt-Launches keine Provision (Info via Awin News); nicht autorisierte Codes → Provision 0.,https://ui.awin.com/merchant-profile/22915,2026-09-26
Kaffee,De'Longhi (US),https://ui.awin.com/merchant-profile/33739,Awin (ID 33739),US,"bis 15 % auf alle Sales (nach Rabatten, ohne Steuer/Versand)",CLAIMED,30 Tage,VERIFIED,398 USD (Awin-Profil),UNKNOWN,UNKNOWN,UNKNOWN (programmspezifisch nicht angegeben; Awin bietet netzwerkseitig Deeplink-Generator),Ja – regelmäßig aktualisierter Produktfeed,US,45 Tage Validierung; Retouren werden abgelehnt; Last-Click. 'Bis zu' – Standardrate nicht genannt.,https://ui.awin.com/merchant-profile/33739,2026-09-26
Kaffee,De'Longhi (UK),https://ui.awin.com/merchant-profile/25781,Awin (ID 25781; managed by Velstar),UK,"bis 10 % auf alle Sales (ohne VAT/P&P, nach Rabatten)",CLAIMED,15 Tage,VERIFIED,150 GBP (Awin-Profil),UNKNOWN,UNKNOWN,UNKNOWN (programmspezifisch nicht angegeben; Awin bietet netzwerkseitig Deeplink-Generator),Ja – regelmäßig aktualisierter Produktfeed,UK,"30 Tage Validierung; Retouren abgelehnt. Verzeichnis affiliate-marketing.de nennt für UK nur 1 % – Widerspruch, im Programm prüfen.",https://ui.awin.com/merchant-profile/25781 ; https://www.affiliate-marketing.de/partnerprogramme/delonghi.com,2026-09-26
Kaffee,Breville (US),https://www.breville.com/us/en/learn-more/breville-affiliates-program.html,"Impact (ID 1268155, 'Breville|Sage Appliances')",US,bis 8 % des Bestellwerts,CLAIMED,30 Tage,VERIFIED,"Preisstichprobe: Barista Express 699,95 USD (breville.com, 2026-09-26, ausverkauft)",Ja – Content-Creator mit engagierter Community ausdrücklich angesprochen,UNKNOWN (nicht explizit),UNKNOWN (programmspezifisch nicht angegeben; Impact bietet netzwerkseitig Deeplinks),UNKNOWN,UNKNOWN,Nur Web-Sales über Affiliate-Link; keine Mindestumsätze; Breville + Breville Commercial.,https://www.breville.com/us/en/learn-more/breville-affiliates-program.html,2026-09-26
Kaffee,Sage Appliances (UK),https://www.sageappliances.com/uk/en/learn-more/sage-affiliates-program.html,Impact (ID 1268155; Agentur Silverbean),UK,bis 8 % des Bestellwerts,CLAIMED,30 Tage,VERIFIED,ca. 290 GBP (Programmseite),UNKNOWN (eigener Kontakt für Influencer/Content-Creator über Silverbean),UNKNOWN,UNKNOWN (programmspezifisch nicht angegeben; Impact bietet netzwerkseitig Deeplinks),UNKNOWN,UNKNOWN,Keine Monatsziele; Programm-Management durch Silverbean (PMA-prämiert).,https://www.sageappliances.com/uk/en/learn-more/sage-affiliates-program.html,2026-09-26
Kaffee,Coffee Circle (DE),https://ui.awin.com/merchant-profile/14018,Awin (ID 14018),DE,5–13 % (Verzeichnis; im Awin-Profil nicht öffentlich),THIRD-PARTY ESTIMATE,60 Tage,VERIFIED,UNKNOWN,"UNKNOWN (Content-Angebote für Blogger: Fotos, Videos)",UNKNOWN,UNKNOWN (programmspezifisch nicht angegeben; Awin bietet netzwerkseitig Deeplink-Generator),Ja – tagesaktuelle Produktdaten (.csv),UNKNOWN,Spezialitätenkaffee + Zubehör/Maschinen; Abo-Potenzial.,https://ui.awin.com/merchant-profile/14018 ; https://www.affiliate-marketing.de/partnerprogramme/coffeecircle.com,2026-09-26
Kaffee,Kaffee24 (DE),https://ui.awin.com/merchant-profile/21380,Awin (ID 21380),DE,5–6 % je Sale,VERIFIED,30 Tage,VERIFIED,115 EUR (Awin-Profil),UNKNOWN (nur über Awin bereitgestellte Aktionen/Codes erlaubt),UNKNOWN,UNKNOWN (programmspezifisch nicht angegeben; Awin bietet netzwerkseitig Deeplink-Generator),UNKNOWN,DE,"Stornoquote 0,5–1 %; abgelaufene Gutscheine binnen 24 h entfernen; 140.000 Besucher/Monat.",https://ui.awin.com/merchant-profile/21380,2026-09-26
Kaffee,Coffee Friend (DE/EU),UNKNOWN,Adtraction (DE); CJ (DE/EU),"DE, EU",Adtraction 10 %; CJ 4–10 %,THIRD-PARTY ESTIMATE,UNKNOWN,UNKNOWN,260 EUR (Verzeichnis),UNKNOWN (Cashback und Gutschein-Marketing erlaubt),UNKNOWN,UNKNOWN,UNKNOWN,EU,,https://www.affiliate-marketing.de/partnerprogramme/coffeefriend.de,2026-09-26
Kaffee,Coffee Friend (UK),UNKNOWN,Adtraction (GB); CJ (GB),UK,Adtraction 10 %; CJ 4 %,THIRD-PARTY ESTIMATE,UNKNOWN,UNKNOWN,"260 EUR (Verzeichnis, programmübergreifend)",UNKNOWN (Cashback und Gutschein-Marketing erlaubt),UNKNOWN,UNKNOWN,UNKNOWN,UK,,https://www.affiliate-marketing.de/partnerprogramme/coffeefriend.de,2026-09-26
Kaffee,"Trade Coffee (US, Abo)",UNKNOWN,Impact; FlexOffers,US,Impact nicht öffentlich; FlexOffers 5 %,THIRD-PARTY ESTIMATE,UNKNOWN,UNKNOWN,UNKNOWN,UNKNOWN,UNKNOWN,UNKNOWN (programmspezifisch nicht angegeben; Impact bietet netzwerkseitig Deeplinks),UNKNOWN,US,Abo-Modell. Hinweis: im Verzeichnis gelistete Raten von FlexOffers/SaleGains/MCANISM/cityads/MyLead/AdPump/Admitad sind Subnetzwerk-Raten (i.d.R. unter der Direktrate).,https://www.affiliate-marketing.de/partnerprogramme/drinktrade.com,2026-09-26
Kaffee,Fellow (US),UNKNOWN,Impact,US,Nicht öffentlich,UNKNOWN,UNKNOWN,UNKNOWN,UNKNOWN,UNKNOWN,UNKNOWN,UNKNOWN (programmspezifisch nicht angegeben; Impact bietet netzwerkseitig Deeplinks),UNKNOWN,UNKNOWN,Kein Affiliate-Link im Footer der Website gefunden; Verzeichnis-Stand 07/2025.,https://www.affiliate-marketing.de/partnerprogramme/fellowproducts.com,2026-09-26
Kaffee,Seattle Coffee Gear (US),UNKNOWN,Impact,US,Nicht öffentlich,UNKNOWN,UNKNOWN,UNKNOWN,UNKNOWN,UNKNOWN,UNKNOWN,UNKNOWN (programmspezifisch nicht angegeben; Impact bietet netzwerkseitig Deeplinks),UNKNOWN,US,Nur 'Media Partners'-Seite im Footer; Verzeichnis-Stand 07/2025.,https://www.affiliate-marketing.de/partnerprogramme/seattlecoffeegear.com,2026-09-26
Kaffee,Blue Bottle Coffee (US),UNKNOWN,Ascend (Listing); Subnetze,US,Ascend 5 %; FlexOffers 4 %,THIRD-PARTY ESTIMATE,UNKNOWN,UNKNOWN,UNKNOWN,UNKNOWN,UNKNOWN,UNKNOWN,UNKNOWN,US,Hinweis: im Verzeichnis gelistete Raten von FlexOffers/SaleGains/MCANISM/cityads/MyLead/AdPump/Admitad sind Subnetzwerk-Raten (i.d.R. unter der Direktrate).,https://www.affiliate-marketing.de/partnerprogramme/bluebottlecoffee.com,2026-09-26
Kaffee,"Atlas Coffee Club (US, Abo)",UNKNOWN,Ascend (Listing),US,10 USD pro Lead,THIRD-PARTY ESTIMATE,UNKNOWN,UNKNOWN,UNKNOWN,UNKNOWN,UNKNOWN,UNKNOWN,UNKNOWN,US,Lead-basiert (Abo-Abschluss).,https://www.affiliate-marketing.de/partnerprogramme/atlascoffeeclub.com,2026-09-26
