nische,plattform,handle,url,markt_sprache,follower,follower_datenqualitaet,groessenklasse,posting_frequenz,typische_views,median_views,top_views,views_datenqualitaet,content_format,ai_real_mixed,link_in_bio,affiliate,amazon_storefront,ltk,shopmy,eigene_collections,andere_affiliate_systeme,affiliate_nachweis,case_study,quelle_url,pruefdatum,notizen
Desk Setups / Home Office,Instagram,thedreamsetup,https://www.instagram.com/thedreamsetup/,EN/international,374K (Suchsnippet 09/2026); 408K/3.844 Posts (geekyminded 06/2023),ESTIMATED,100k-500k,UNKNOWN,UNKNOWN,UNKNOWN,UNKNOWN,UNKNOWN,"Kuratierte Desk-Setup-Fotos/Reels (Repost von Community-Setups, Credit im Caption)",real (kuratierte UGC),"Linktree (linktr.ee/thedreamsetup, Titel 'All Product Links')",ja,"ja (amazon.com/shop/thedreamsetup - Seite abrufbar, 'The Dream Setup's Amazon Page')",nein (nicht gefunden),nein (nicht gefunden),ja: kit.co/joekerny + kit.co/joekerny/my-desk-setup (seit Kit-Schliessung tot),"ShareASale (Ergonofis Desks); Refersion-Referral (Grovemade ?rfsn=, Code THEDREAMSETUP 10%)","Linktree-Bio: 'Links to regularly featured products and discount codes for our favourite brands'; Links shareasale.com/r.cfm?...m=85489 (Ergonofis), grovemade.com/?rfsn=4800621; Amazon-Storefront existiert",ja,https://www.instagram.com/thedreamsetup/ ; https://linktr.ee/thedreamsetup ; https://www.amazon.com/shop/thedreamsetup ; https://geekyminded.com/best-instagram-accounts-to-find-desk-setup-inspiration-and-new-ideas/,2026-09-26,"Premium-Desk-Marken (Ergonofis, Grovemade) = hoher AOV. kit.co wurde am 2026-05-11 eingestellt (kit.co: 'Service discontinued') - verlinkte kit.co-Listen sind tot (HTTP 410). TikTok @thedreamsetup existiert, 0 Follower (inaktiv)."
Desk Setups / Home Office,Instagram,isetups,https://www.instagram.com/isetups/,EN/international,651K / 4.940 Posts (Suchsnippet 09/2026); 650K (geekyminded 2023),ESTIMATED,500k-1M,UNKNOWN,UNKNOWN,UNKNOWN,UNKNOWN,UNKNOWN,"Kuratierte Minimal-Setup-Fotos/Reels ('Rate this setup 1-10', Reddit-/Community-Credits)",real (kuratierte UGC),Linktree (linktr.ee/isetups),ja,nein (nicht unter Handle gefunden),nein (nicht gefunden),nein (nicht gefunden),"ja: kit.co/isetups/my-desk, 'The Best Keyboards for Mac Users', 'Essential MacBook Accessories', 'Minimal Desktop Speakers' (tot seit Kit-Schliessung)","Refersion (Grovemade ?rfsn=4247681, LaMetric ?rfsn=4750746); Anker-Tracking-Link (s.krpax.com)",Linktree-Eintrag: 'NOTE: We may earn small commissions for purchases made through links'; rfsn-Referral-Parameter in Links,ja,https://www.instagram.com/isetups/ ; https://linktr.ee/isetups ; https://www.tiktok.com/@isetups ; https://geekyminded.com/best-instagram-accounts-to-find-desk-setup-inspiration-and-new-ideas/,2026-09-26,TikTok-Bio von @isetups: 'By @sebastiaanchia' (Betreiber). TikTok nur 379 Follower (Cross-Posting nicht genutzt). kit.co wurde am 2026-05-11 eingestellt (kit.co: 'Service discontinued') - verlinkte kit.co-Listen sind tot (HTTP 410).
Desk Setups / Home Office,Instagram,minimalsetups,https://www.instagram.com/minimalsetups/,EN/international,291K / 3.185 Posts (Suchsnippet 09/2026); 333K (geekyminded 2023),ESTIMATED,100k-500k,UNKNOWN,UNKNOWN,UNKNOWN,UNKNOWN,UNKNOWN,"Kuratierte Minimal-Setups, Wallpaper-Posts",real (kuratierte UGC),UNKNOWN (kein Linktree unter Handle),unklar,nein (nicht unter Handle gefunden),UNKNOWN,UNKNOWN,nein,,Kein Linktree/Amazon-Storefront unter Handle gefunden,nein,https://www.instagram.com/minimalsetups/ ; https://geekyminded.com/best-instagram-accounts-to-find-desk-setup-inspiration-and-new-ideas/,2026-09-26,Follower seit 2023 ruecklaeufig (333K -> 291K) - Hinweis auf Saettigung/Reichweitenverlust klassischer Foto-Setup-Pages.
Desk Setups / Home Office,Instagram,setuputic,https://www.instagram.com/setuputic/,EN/international,241K (Suchsnippet 09/2026); 186K (geekyminded 2023),ESTIMATED,100k-500k,UNKNOWN,UNKNOWN,UNKNOWN,UNKNOWN,UNKNOWN,"Kuratierte Desk-Setups ('#1 desk setup page'), 'Click and copy the look'",real (kuratierte UGC),Linktree (linktr.ee/setuputic),ja,"ja (a.co-Link im Linktree -> amazon.com/shop/setuputic, Seite: 'Setuputic Earns revenue ... may earn commission')",nein (nicht gefunden),nein (nicht gefunden),ja: Amazon-Storefront-Listen; eigenes Digitalprodukt 'Stealth Wallpaper Collection' (Gumroad),Gumroad (eigenes Produkt); Newsletter,Linktree-Bio 'Curated desk setups. Clean aesthetics. Click and copy the look.' + Amazon-Storefront mit Amazon-Creator-Disclosure,ja,https://www.instagram.com/setuputic/ ; https://linktr.ee/setuputic ; https://www.amazon.com/shop/setuputic ; https://geekyminded.com/best-instagram-accounts-to-find-desk-setup-inspiration-and-new-ideas/,2026-09-26,"Wachstum 2023->2026 (+~30%), Kombination Amazon-Storefront + eigenes Digitalprodukt."
Gaming Setups / PC Accessories,Instagram,killergamingsetups,https://www.instagram.com/killergamingsetups/,EN/international,213K / 1.597 Posts (Suchsnippet 09/2026); 255K (geekyminded 2023),ESTIMATED,100k-500k,UNKNOWN,UNKNOWN,UNKNOWN,UNKNOWN,UNKNOWN,"Gaming-Battlestations, PC-Builds (Fotos/Reels)",real (kuratierte UGC),Linktree (linktr.ee/killergamingsetups),ja,ja (amazon.com/shop/killergamingsetups - 'Killer Gaming Setups's Amazon Page'),nein (nicht gefunden),nein (nicht gefunden),nein,Amazon Associates (Tag 2014gamersunite-20),"Linktree-Links zu Samsung 49-Zoll Curved Monitor, Nanoleaf Aurora, Corsair/Phanteks-Gehaeuse mit tag=2014gamersunite-20; Amazon-Storefront existiert",ja,https://www.instagram.com/killergamingsetups/ ; https://linktr.ee/killergamingsetups ; https://www.amazon.com/shop/killergamingsetups ; https://geekyminded.com/best-instagram-accounts-to-find-desk-setup-inspiration-and-new-ideas/,2026-09-26,"Linktree-Produkte sind hochpreisig (Monitore, Gehaeuse, Smart-Lights), Links aber alt (2017-2019-Generation) = ungepflegt. Follower ruecklaeufig (255K->213K)."
Desk Setups / Home Office,Instagram,minimal.desksetups,https://www.instagram.com/minimal.desksetups/,EN/international,206K (Suchsnippet 09/2026); 123K (geekyminded 2023),ESTIMATED,100k-500k,UNKNOWN,UNKNOWN,UNKNOWN,UNKNOWN,UNKNOWN,Kuratierte Minimal-Desk-Setups,real (kuratierte UGC),UNKNOWN (kein Linktree unter Handle),unklar,nein (nicht unter Handle gefunden),UNKNOWN,UNKNOWN,nein,,Kein Linktree/Storefront unter Handle gefunden,nein,https://www.instagram.com/minimal.desksetups/ ; https://geekyminded.com/best-instagram-accounts-to-find-desk-setup-inspiration-and-new-ideas/,2026-09-26,Starkes Wachstum 2023->2026 (+67%) ohne sichtbare Affiliate-Monetarisierung = ungenutztes Potenzial.
Desk Setups / Home Office,Instagram,clean.desk.setup,https://www.instagram.com/clean.desk.setup/,EN/international,182K (Suchsnippet 09/2026),ESTIMATED,100k-500k,UNKNOWN,UNKNOWN,UNKNOWN,UNKNOWN,UNKNOWN,Eigene Desk-Setups einer Person (Thibeau Grosjean),real,UNKNOWN,unklar,nein (nicht unter Handle gefunden),UNKNOWN,UNKNOWN,nein,,,nein,https://www.instagram.com/clean.desk.setup/,2026-09-26,Personen-Account (nicht faceless) - nur Kontext.
Desk Setups / Home Office,Instagram,calmsetups,https://www.instagram.com/calmsetups/,EN/international,134K / 1.319 Posts (geekyminded 06/2023),ESTIMATED,100k-500k,UNKNOWN,UNKNOWN,UNKNOWN,UNKNOWN,UNKNOWN,"Aesthetic Desk-/Room-Setups, Tech-Essentials",real (kuratierte UGC),Linktree (linktr.ee/calmsetups -> monacomodern.com),unklar,nein (nicht unter Handle gefunden),UNKNOWN,UNKNOWN,nein,,Linktree fuehrt nur auf Blog monacomodern.com ('Tips & Articles'); keine Affiliate-Parameter sichtbar,nein,https://www.instagram.com/calmsetups/ ; https://linktr.ee/calmsetups ; https://geekyminded.com/best-instagram-accounts-to-find-desk-setup-inspiration-and-new-ideas/,2026-09-26,Traffic wird auf eigenen Blog geleitet (moeglicherweise Affiliate-/Ad-Blog).
Desk Setups / Home Office,Instagram,chillsetup,https://www.instagram.com/chillsetup/,EN/international,106K / 1.319 Posts (geekyminded 06/2023),ESTIMATED,100k-500k,UNKNOWN,UNKNOWN,UNKNOWN,UNKNOWN,UNKNOWN,Chill-/Aesthetic-Setups (Daily Post),real (kuratierte UGC),Linktree (linktr.ee/chillsetup),ja,ja (amazon.com/shop/chillsetup - 'Chillsetup's Amazon Page'),nein (nicht gefunden),nein (nicht gefunden),nein,theplug.co (App-Affiliate 'Meditation App Recommendation'),Amazon-Storefront existiert; Linktree-Link theplug.co/meditationandsleep/... (Affiliate-Netzwerk fuer Apps),ja,https://www.instagram.com/chillsetup/ ; https://linktr.ee/chillsetup ; https://www.amazon.com/shop/chillsetup ; https://geekyminded.com/best-instagram-accounts-to-find-desk-setup-inspiration-and-new-ideas/,2026-09-26,Follower-Stand nur 2023 bekannt.
Gaming Setups / Desk Setups,Instagram,topdailysetups,https://www.instagram.com/topdailysetups/,EN/international,67K / 1.319 Posts (Suchsnippet 09/2026),ESTIMATED,10k-100k,UNKNOWN,UNKNOWN,UNKNOWN,UNKNOWN,UNKNOWN,'3D Room Setups | Gaming Room Ideas' - 3D-gerenderte Raum-/Gaming-Setups,mixed (3D/CGI-Renderings),UNKNOWN (kein Linktree unter Handle),ja,"ja (amazon.com/shop/topdailysetups - 'Topdailysetups's Amazon Page', Share-Tag kevindejong-20)",nein (nicht gefunden),nein (nicht gefunden),nein,,Amazon-Influencer-Storefront unter identischem Handle abrufbar,ja,https://www.instagram.com/topdailysetups/ ; https://www.amazon.com/shop/topdailysetups ; https://www.tiktok.com/@topdailysetups,2026-09-26,Einziger gefundener Setup-Account mit synthetischen (3D-)Visuals + Amazon-Storefront = naechster Beleg fuer 'KI/CGI-Setup-Page + Affiliate'. TikTok-Pendant '3D ROOM SETUPS' nur 7 Follower. Zuordnung Storefront<->IG ueber identischen Handle.
PC Accessories / Gaming Setups,Instagram,cleanpcsetup,https://www.instagram.com/cleanpcsetup/,EN/international,"71,5K / 476 Posts (geekyminded 06/2023)",ESTIMATED,10k-100k,UNKNOWN,UNKNOWN,UNKNOWN,UNKNOWN,UNKNOWN,Clean-PC-/Gaming-Setups,real (kuratierte UGC),"Linktree (linktr.ee/cleanpcsetup, Bio 'Best accessories, all in one spot!')",ja,nein (nicht unter Handle gefunden),UNKNOWN,UNKNOWN,nein,Amazon Associates (amzn.to); UpPromote/Shopify-Affiliate (keyboardnerd.com ?sca_ref=3012444),Linktree-Links amzn.to/3w5utSI (Hexagon-LEDs) und keyboardnerd.com/products/rick-and-morty?sca_ref=...,ja,https://www.instagram.com/cleanpcsetup/ ; https://linktr.ee/cleanpcsetup ; https://geekyminded.com/best-instagram-accounts-to-find-desk-setup-inspiration-and-new-ideas/,2026-09-26,"Guenstige Zubehoer-Produkte (LED-Panels, Keycaps) = Impulskauf-Preislage."
Gaming Setups / Collectibles,Instagram,thesetupaddict (heute thesetupaddiction),https://www.instagram.com/thesetupaddiction/,EN/international,"64,8K / 1.420 Posts (geekyminded 06/2023, Handle thesetupaddict)",ESTIMATED,10k-100k,UNKNOWN,UNKNOWN,UNKNOWN,UNKNOWN,UNKNOWN,Cozy Setups & Figuren-Sammlung,real,"Linktree (linktr.ee/thesetupaddict -> IG thesetupaddiction, TikTok setupaddict)",ja,ja (amazon.com/shop/thesetupaddict - 'thesetupaddict shop's Amazon Page'),UNKNOWN,UNKNOWN,nein,,Amazon-Storefront unter altem Handle abrufbar,ja,https://linktr.ee/thesetupaddict ; https://www.amazon.com/shop/thesetupaddict ; https://geekyminded.com/best-instagram-accounts-to-find-desk-setup-inspiration-and-new-ideas/,2026-09-26,Handle-Wechsel; Nische Setups + Collectibles/Figuren.
Desk Setups / Home Office,Instagram,cleandeskssetups,https://www.instagram.com/cleandeskssetups/,EN/international,54K (Suchsnippet 09/2026); 62K/139 Posts (geekyminded 2023),ESTIMATED,10k-100k,UNKNOWN,UNKNOWN,UNKNOWN,UNKNOWN,UNKNOWN,Clean Desk Setups (Daily Post),real (kuratierte UGC),UNKNOWN,unklar,nein (nicht unter Handle gefunden),UNKNOWN,UNKNOWN,nein,,,nein,https://www.instagram.com/cleandeskssetups/ ; https://geekyminded.com/best-instagram-accounts-to-find-desk-setup-inspiration-and-new-ideas/,2026-09-26,
Desk Setups / Home Office,Instagram,setupcreate,https://www.instagram.com/setupcreate/,EN/international,"48,2K / 937 Posts (geekyminded 06/2023)",ESTIMATED,10k-100k,UNKNOWN,UNKNOWN,UNKNOWN,UNKNOWN,UNKNOWN,Workspace-Inspiration + 'Top 5'-Produktlisten,real (kuratierte UGC),Linktree (linktr.ee/setupcreate),ja,"ja (amazon.com/shop/setupcreate, Tag setupcreate-20)",UNKNOWN,UNKNOWN,"ja: kit.co-Listen '5 Best Ultrawide Screens', '5 Best Ergonomic Keyboards', '5 Best Speakers', '5 Best Ergonomic Chairs', 'Top 5 Mice 2020' (tot)",,Linktree-Eintrag 'NOTE: We may earn small commissions for purchases made through links' + Amazon-Storefront,ja,https://www.instagram.com/setupcreate/ ; https://linktr.ee/setupcreate ; https://www.amazon.com/shop/setupcreate ; https://geekyminded.com/best-instagram-accounts-to-find-desk-setup-inspiration-and-new-ideas/,2026-09-26,Top-5-Listen-Format. kit.co wurde am 2026-05-11 eingestellt (kit.co: 'Service discontinued') - verlinkte kit.co-Listen sind tot (HTTP 410).
Desk Setups / Home Office,Instagram,cleandesksetup,https://www.instagram.com/cleandesksetup/,"DE (DACH) - deutschsprachiger Linktree, amazon.de","48K (Suchsnippet 09/2026); 51,3K (geekyminded 2023)",ESTIMATED,10k-100k,UNKNOWN,UNKNOWN,UNKNOWN,UNKNOWN,UNKNOWN,Minimal Desk Setups / Home-Office-Inspiration,real (kuratierte UGC),Linktree (linktr.ee/cleandesksetup),ja,nein (kein Storefront; direkte Partnerlinks),UNKNOWN,UNKNOWN,nein,Amazon PartnerNet DE (Tag pintrendde-21),"Linktree-Bio 'Die besten Gadgets fuer ein cleanes & produktives Desk Setup'; amzn.to/4v7Vh2b -> amazon.de/...&tag=pintrendde-21 (Wireless Charger, Desk Organizer, Monitor-Licht, LED, Laptop-Stand)",ja,https://www.instagram.com/cleandesksetup/ ; https://linktr.ee/cleandesksetup ; https://geekyminded.com/best-instagram-accounts-to-find-desk-setup-inspiration-and-new-ideas/,2026-09-26,"Englisch benannte Page mit DE-Affiliate-Monetarisierung (Links ca. Maerz 2026 erzeugt, qid-Parameter). Tag 'pintrendde' deutet auf Pinterest-Trend-Betreiber. Guenstige Produkte (<50 EUR)."
Desk Setups / Home Office,Instagram,thelitesetup,https://www.instagram.com/thelitesetup/,EN/international,44K (Suchsnippet 09/2026); 35K (geekyminded 2023),ESTIMATED,10k-100k,UNKNOWN,UNKNOWN,UNKNOWN,UNKNOWN,UNKNOWN,Desk Setups ('We Love Coding And Coffee'),real (kuratierte UGC),UNKNOWN,unklar,nein (nicht unter Handle gefunden),UNKNOWN,UNKNOWN,nein,,,nein,https://www.instagram.com/thelitesetup/ ; https://geekyminded.com/best-instagram-accounts-to-find-desk-setup-inspiration-and-new-ideas/,2026-09-26,
Desk Setups / Home Office,Instagram,thesetuptoday,https://www.instagram.com/thesetuptoday/,EN/international,"41,9K / 1.488 Posts (geekyminded 06/2023)",ESTIMATED,10k-100k,UNKNOWN,UNKNOWN,UNKNOWN,UNKNOWN,UNKNOWN,Setups aus der Community,real (kuratierte UGC),Linktree (linktr.ee/thesetuptoday),ja,nein (nicht unter Handle gefunden),UNKNOWN,UNKNOWN,nein,"Keychron Referral (keychron.refr.cc/thesetuptoday), MOFT (?ref=thesetuptoday), Kickbooster (magflott.kckb.st), PayPal-Spenden",Linktree 'Products'-Sektion mit Referral-Links Keychron/MOFT/Magflott,ja,https://www.instagram.com/thesetuptoday/ ; https://linktr.ee/thesetuptoday ; https://geekyminded.com/best-instagram-accounts-to-find-desk-setup-inspiration-and-new-ideas/,2026-09-26,"Direkte Brand-Affiliate-Programme statt Amazon (hoehere Provisionen, Nischen-Marken)."
Desk Setups / Home Office,Instagram,sharp.desk.setups,https://www.instagram.com/sharp.desk.setups/,EN/international,"33K (Suchsnippet 09/2026); 35,7K (geekyminded 2023)",ESTIMATED,10k-100k,UNKNOWN,UNKNOWN,UNKNOWN,UNKNOWN,UNKNOWN,Sharp & Clean Desk Setups,real (kuratierte UGC),UNKNOWN,unklar,nein (nicht unter Handle gefunden),UNKNOWN,UNKNOWN,nein,,,nein,https://www.instagram.com/sharp.desk.setups/ ; https://geekyminded.com/best-instagram-accounts-to-find-desk-setup-inspiration-and-new-ideas/,2026-09-26,
Gaming Setups,Instagram,setupwarriors,https://www.instagram.com/setupwarriors/,EN/international,81K / 125 Posts (Suchsnippet 09/2026),ESTIMATED,10k-100k,UNKNOWN,UNKNOWN,UNKNOWN,UNKNOWN,UNKNOWN,Battlestations / Gaming / PCs,real (kuratierte UGC),UNKNOWN,unklar,nein (nicht unter Handle gefunden),UNKNOWN,UNKNOWN,nein,,,nein,https://www.instagram.com/setupwarriors/,2026-09-26,81K Follower bei nur 125 Posts = hohe Reichweite pro Post (vermutlich Reels-getrieben).
Gaming Setups,Instagram,pc.battlestations.setups,https://www.instagram.com/pc.battlestations.setups/,EN/international,22K / 569 Posts (Suchsnippet 09/2026),ESTIMATED,10k-100k,UNKNOWN,UNKNOWN,UNKNOWN,UNKNOWN,UNKNOWN,PC-Builds & Gaming-Setups (Person 'Ryan'),real,UNKNOWN,unklar,nein (nicht unter Handle gefunden),UNKNOWN,UNKNOWN,nein,,,nein,https://www.instagram.com/pc.battlestations.setups/,2026-09-26,Personen-Account - Kontext.
Gaming Setups,Instagram,setupsrated,https://www.instagram.com/setupsrated/,EN/international,15K / 345 Posts (Suchsnippet 09/2026),ESTIMATED,10k-100k,UNKNOWN,UNKNOWN,UNKNOWN,UNKNOWN,UNKNOWN,'Rate The Setups' (Bewertungsformat),real (kuratierte UGC),UNKNOWN,unklar,nein (nicht unter Handle gefunden),UNKNOWN,UNKNOWN,nein,,,nein,https://www.instagram.com/setupsrated/,2026-09-26,
Desk Setups / Home Office,Instagram,bestdreamsetup,https://www.instagram.com/bestdreamsetup/,EN/international,180K / 349 Posts (geekyminded 06/2023),ESTIMATED,100k-500k,UNKNOWN,UNKNOWN,UNKNOWN,UNKNOWN,UNKNOWN,Black-&-White-Setup-Collection,real (kuratierte UGC),UNKNOWN (kein Linktree),unklar,nein (nicht unter Handle gefunden),UNKNOWN,UNKNOWN,nein,,,nein,https://www.instagram.com/bestdreamsetup/ ; https://geekyminded.com/best-instagram-accounts-to-find-desk-setup-inspiration-and-new-ideas/,2026-09-26,
Gaming Setups,Instagram,setup_guru_,https://www.instagram.com/setup_guru_/,EN/international,11K / 885 Posts (Suchsnippet 09/2026),ESTIMATED,10k-100k,UNKNOWN,UNKNOWN,UNKNOWN,UNKNOWN,UNKNOWN,Gaming PC Setups,real (kuratierte UGC),UNKNOWN,unklar,nein (nicht unter Handle gefunden),UNKNOWN,UNKNOWN,nein,,,nein,https://www.instagram.com/setup_guru_/,2026-09-26,
PC Accessories / Gaming,YouTube,Ryzen4070,https://www.youtube.com/@Ryzen4070,EN (Betreiberland lt. NexLev: DE),"82,6K Abonnenten",VERIFIED,10k-100k,"~3,4 Shorts/Woche (289 Uploads seit 02/2025)","Ø 1,59 Mio.","3,95 Mio.",54 Mio. ('Game Dev'),ESTIMATED (NexLev),2D/3D-animierte PC-Hardware-Memes/Shorts,mixed (2D/3D-Animation),Linktree (linktr.ee/ryzen4070) + keysfan.com,ja,nein (nicht unter Handle gefunden),UNKNOWN,UNKNOWN,nein,"Software-Key-Shop-Referral keysfan.com (?ksf=ryz93, Code RYZEN50)",YouTube-Beschreibung 'Buy Windows 11 Use code: RYZEN50'; Linktree-Links keysfan.com/windows-11-professional-key.html?ksf=ryz93,ja,https://www.youtube.com/@Ryzen4070/about ; https://linktr.ee/ryzen4070 ; NexLev search_shorts_niche_finder_channels,2026-09-26,"Gaming-Audience wird mit Billig-Produkt (Windows-Keys) monetarisiert, nicht mit teurer Hardware. IG @ryzentek / TikTok @ryzentek verlinkt."
PC Accessories / Gaming,TikTok,ryzentek,https://www.tiktok.com/@ryzentek,EN,"11,3K Follower, 2,0 Mio. Likes, 146 Videos",VERIFIED,10k-100k,UNKNOWN,UNKNOWN,UNKNOWN,UNKNOWN,UNKNOWN,PC-Hardware-Memes (Crosspost von Ryzen4070),mixed (2D/3D-Animation),Linktree (linktr.ee/ryzen4070),ja,nein (nicht unter Handle gefunden),UNKNOWN,UNKNOWN,nein,keysfan.com-Referral (Code RYZEN50),TikTok-Bio 'Buy Windows 11 Key - Use code: RYZEN50' + Linktree,ja,https://www.tiktok.com/@ryzentek ; https://linktr.ee/ryzen4070,2026-09-26,Gleiche Marke wie YouTube Ryzen4070; TikTok deutlich kleiner als YouTube.
Gaming / Handheld Gadgets,YouTube,R4DECKOFFICIAL,https://www.youtube.com/@R4DECKOFFICIAL,EN,"86,1K Abonnenten",VERIFIED,10k-100k,~5 Shorts/Woche (239 seit 11/2025),Ø 337K,"485,5K",16 Mio. ('A Steam deck for 20 bucks???'),ESTIMATED (NexLev),Faceless Gaming-Gadget-Shorts (billige Handhelds/Emulatoren),real,r4deck.com (eigener Shop),nein,nein,UNKNOWN,UNKNOWN,ja: eigener Shop r4deck.com/collections/catalog,,Kein Affiliate - Eigenvertrieb,nein,https://www.youtube.com/@R4DECKOFFICIAL/about ; NexLev,2026-09-26,"Beleg fuer Preis-Sensitivitaet der Gaming-Shorts-Audience ('Steam Deck fuer 20 $', 'PlayStation Portal fuer 5 $')."
PC Accessories / Gaming,YouTube,LGA-1155,https://www.youtube.com/@LGA-1155,EN,"87,8K Abonnenten (NexLev)",ESTIMATED,10k-100k,"~2,5 Shorts/Woche (38 seit 06/2026)","Ø 6,69 Mio.","464,5K",66 Mio.,ESTIMATED (NexLev),PC-Upgrade-Memes/Benchmarks (faceless),real,UNKNOWN,unklar,nein (nicht unter Handle gefunden),UNKNOWN,UNKNOWN,nein,,,nein,NexLev search_shorts_niche_finder_channels (Kanal-ID UCXQV5UJ5sOdvvenJq2RfxFQ),2026-09-26,Sehr junger Kanal (06/2026) mit viralen Reichweiten - Nische PC-Hardware nicht gesaettigt bei Shorts. Keine Monetarisierungslinks gefunden.
Tech Gadgets / Consumer Electronics,YouTube,justicebuys1,https://www.youtube.com/@justicebuys1,EN/US,"2,13 Mio. Abonnenten",VERIFIED,1M+,"~0,8 Shorts/Woche (156 seit 02/2023)","Ø 12,3 Mio.","26,5 Mio.",81 Mio. ('BEST Amazon Kitchen Gadgets'),ESTIMATED (NexLev),"Faceless Produkt-Compilations ('Top 15 Amazon Products', '10 Things I Bought...') mit Produkt-Einblendung",real,Eigene Website justicebuys.com ('All products are linked'),ja,nein (nicht unter Handle gefunden); Amazon-Links auf Website,nein (nicht gefunden),ja (go.shopmy.us-Links auf justicebuys.com),ja: justicebuys.com mit ~111 Produktlinks (joylink.io),"joylink.io-Linkmanager, Amazon, Anker/Soundcore-Partnerlinks, Etsy","justicebuys.com: 'As an affiliate, I earn from qualifying purchases' + 111 joylink-Produktlinks + ShopMy-Links",ja,https://www.youtube.com/@justicebuys1/about ; https://www.justicebuys.com ; NexLev,2026-09-26,"Groesster gefundener Tech-/Home-Gadget-Affiliate-Case. Management: undercurrent.net. Eigene Angaben: '1M on TikTok, 1M on Instagram @justice_buys, 800k on Facebook' (CLAIMED)."
Tech Gadgets / Consumer Electronics,TikTok,justicebuys,https://www.tiktok.com/@justicebuys,EN/US,"1,5 Mio. Follower, 49,8 Mio. Likes, 353 Videos",VERIFIED,1M+,UNKNOWN,UNKNOWN,UNKNOWN,UNKNOWN,UNKNOWN,Faceless Produkt-Reviews/Compilations ('All products in videos'),real,justicebuys.com,ja,nein (nicht unter Handle gefunden),UNKNOWN,ja (auf Website),ja: justicebuys.com,,TikTok-Bio 'Product reviews / Tech + Home / All products in videos' -> justicebuys.com (Affiliate-Disclosure),ja,https://www.tiktok.com/@justicebuys ; https://www.justicebuys.com,2026-09-26,Gleiche Marke wie YouTube justicebuys1.
Tech Gadgets / Consumer Electronics,Instagram,justice_buys,https://www.instagram.com/justice_buys/,EN/US,'1M on Instagram' (Eigenangabe im YouTube-Profil),ESTIMATED (CLAIMED),1M+,UNKNOWN,UNKNOWN,UNKNOWN,UNKNOWN,UNKNOWN,Faceless Produkt-Reels,real,Linktree (linktr.ee/justice_buys),ja,nein (nicht unter Handle gefunden),UNKNOWN,UNKNOWN,nein,"Walmart Creator/Impact (goto.walmart.com ... veh=aff), Impact-Links (betterbrandhealth.sjv.io, icalmhealth.sjv.io, arete-adaptogens.pxf.io), eigener Shop smartsensor.fesh.store","Linktree-Bio 'As an affiliate, I earn from qualifying purchases.' + 26 Links (u.a. 19 Walmart-Affiliate-Links)",ja,https://linktr.ee/justice_buys ; https://www.youtube.com/@justicebuys1/about,2026-09-26,Diversifiziert: Amazon + Walmart + Impact-Brands + eigener Shop. Follower nicht direkt verifizierbar (Login-Wall).
Tech Gadgets / Home Gadgets,YouTube,WorldwideGadgets01,https://www.youtube.com/@WorldwideGadgets01,EN/US,484K Abonnenten,VERIFIED,100k-500k,"~3,8 Shorts/Woche (267 seit 05/2025)","Ø 1,96 Mio.","3,65 Mio.",80 Mio. ('Link in Bio Effective Cleaning Tablets'),ESTIMATED (NexLev),Faceless Produkt-Demos mit '🔗 Link in Bio'-Titel,real,Linktree (linktr.ee/worldwidegadgets01),nein,nein,UNKNOWN,UNKNOWN,"ja: eigener Shop ('We ship worldwide', Rabattcode WORLDWIDEGADGETS)",,"Linktree = eigener Shop/Dropshipping, kein Affiliate",nein,https://www.youtube.com/@WorldwideGadgets01/about ; https://linktr.ee/worldwidegadgets01 ; NexLev,2026-09-26,"Gleiches Content-Format wie Affiliate-Pages, aber Dropshipping-Monetarisierung. IG @worldwidegadgets2, TikTok @worldwidegadgets01."
Tech Gadgets / Home Gadgets,TikTok,worldwidegadgets01,https://www.tiktok.com/@worldwidegadgets01,EN/US,"103,5K Follower, 498,9K Likes, 637 Videos",VERIFIED,100k-500k,UNKNOWN,UNKNOWN,UNKNOWN,UNKNOWN,UNKNOWN,Faceless Produkt-Demos,real,Linktree (linktr.ee/worldwidegadgets01),nein,nein,UNKNOWN,UNKNOWN,ja: eigener Shop,,Linktree = Shop mit Rabattcode,nein,https://www.tiktok.com/@worldwidegadgets01 ; https://linktr.ee/worldwidegadgets01,2026-09-26,Auf TikTok ~5x weniger Follower als YouTube trotz mehr Videos.
Tech Gadgets / Home Gadgets,Instagram,worldwidegadgets2,https://www.instagram.com/worldwidegadgets2/,EN/US,UNKNOWN,UNKNOWN,UNKNOWN,UNKNOWN,UNKNOWN,UNKNOWN,UNKNOWN,UNKNOWN,Faceless Produkt-Reels,real,Linktree (linktr.ee/worldwidegadgets01),nein,nein,UNKNOWN,UNKNOWN,ja: eigener Shop,,IG-Handle im YouTube-About und Linktree-Social verlinkt,nein,https://www.youtube.com/@WorldwideGadgets01/about ; https://linktr.ee/worldwidegadgets01,2026-09-26,
Tech Gadgets / Amazon Finds,YouTube,dealify_01,https://www.youtube.com/@dealify_01,EN/US,"54,8K Abonnenten",VERIFIED,10k-100k,~15 Shorts/Woche (531 seit 01/2026),Ø 382K,"140,5K",141 Mio. ('Get this Waterproof Mattress Protector - Link in bio'),ESTIMATED (NexLev),Faceless Produkt-Clips 'Get this ... - Link in bio',real,"Linktree (linktr.ee/dealify_01, 'Smart Deals & Top Picks')",ja,nein (Storefront nicht gefunden; direkte amzn.to-Links),UNKNOWN,UNKNOWN,nein,Amazon Associates (45 amzn.to/link.amazon-Links),YouTube-About 'Shop Here' -> Linktree mit 45 Amazon-Kurzlinks,ja,https://www.youtube.com/@dealify_01/about ; https://linktr.ee/dealify_01 ; NexLev,2026-09-26,"Hochfrequenz-Posting (~2/Tag); Sortiment gemischt (Beauty, Haushalt, Tech)."
Tech Gadgets / Amazon Finds,YouTube,Sathi_Mart,https://www.youtube.com/@Sathi_Mart,EN/US (Betreiber lt. NexLev: Indien),"26,3K Abonnenten",VERIFIED,10k-100k,~10 Shorts/Woche (321 seit 02/2026),Ø 316K,39K,35 Mio. ('Interactive Cat Water Mat - Link in my profile'),ESTIMATED (NexLev),Faceless Produkt-Demos,real,Linktree (linktr.ee/sathimart),ja,nein (direkte Links),UNKNOWN,UNKNOWN,nein,Amazon Associates (28 amzn.to + 5 link.amazon),Linktree mit 33 Produktlinks (Amazon),ja,https://www.youtube.com/@Sathi_Mart/about ; https://linktr.ee/sathimart ; NexLev,2026-09-26,Offshore-Betreiber bedient US-Amazon - zeigt niedrige Eintrittsbarriere des Modells.
Tech Gadgets / Amazon Finds,YouTube,topfndsdaily,https://www.youtube.com/@topfndsdaily,EN/US,166K Abonnenten (NexLev/YouTube-About),VERIFIED,100k-500k,"~0,6/Woche (31 seit 09/2025)","Ø 1,3K","1,6K","3,7K",ESTIMATED (NexLev),'Top 5 Best ... of 2026 - Best Amazon ... Ranked' (KI-Listicles),AI,UNKNOWN,unklar,nein (nicht unter Handle gefunden),UNKNOWN,UNKNOWN,nein,,Keine Links im About gefunden,nein,https://www.youtube.com/@topfndsdaily/about ; NexLev,2026-09-26,"Negativbeispiel: 166K Abos, aber Median 1,6K Views - KI-Top-5-Listen ohne Reichweite (vermutl. umgewidmeter Kanal)."
Tech Gadgets / Lifestyle Gadgets,YouTube,Xtrikeffliate,https://www.youtube.com/@Xtrikeffliate,EN/US,192K Abonnenten,VERIFIED,100k-500k,~5/Woche (88 seit 05/2026),Ø 328K,"33,5K","7,1 Mio. ('3 Bags Every Girl Will Want')",ESTIMATED (NexLev),'3 ... Every Girl Will Want' Gadget-Top-3,real,keine Links,unklar,nein (nicht unter Handle gefunden),UNKNOWN,UNKNOWN,nein,,,nein,https://www.youtube.com/@Xtrikeffliate/about ; NexLev,2026-09-26,"Name deutet auf Affiliate-Absicht, aber keine Links hinterlegt = nicht monetarisierte Reichweite."
Tech Gadgets / Home,YouTube,HomeSprucely,https://www.youtube.com/@HomeSprucely,EN/US,179K Abonnenten,VERIFIED,100k-500k,~21/Woche (421 seit 05/2026),"Ø 1,1 Mio.","2,0 Mio.",120 Mio.,ESTIMATED (NexLev),Faceless Produkt-Demos mit #tiktokshop-Hashtags,real,keine Links,unklar,nein (nicht unter Handle gefunden),UNKNOWN,UNKNOWN,nein,vermutlich TikTok Shop Affiliate (Hashtag #tiktokshop),,nein,https://www.youtube.com/@HomeSprucely/about ; NexLev,2026-09-26,Repurposing von TikTok-Shop-Affiliate-Videos auf YouTube ohne Link.
Smartphone-Zubehoer,YouTube,Smartcase-De,https://www.youtube.com/@Smartcase-De,DE/EN gemischt,"61,4K Abonnenten",VERIFIED,10k-100k,"~0,4/Woche (40 seit 09/2024)","Ø 1,87 Mio.","7,6K",73 Mio. (#christmasgift #smartphonecase),ESTIMATED (NexLev),Produkt-Demo NFC-E-Ink-Handyhuelle,real,Mecase.shop,nein,nein,UNKNOWN,UNKNOWN,ja: eigenes Produkt mecase.shop,,Eigenvertrieb,nein,https://www.youtube.com/@Smartcase-De/about ; NexLev,2026-09-26,"Ein Viral-Hit (73 Mio.), sonst Median 7,6K - typisches One-Hit-Muster."
Tech Deals (DE),TikTok,mydealz.de,https://www.tiktok.com/@mydealz.de,DE (DACH),"571,8K Follower, 7,0 Mio. Likes, 1.688 Videos",VERIFIED,500k-1M,UNKNOWN,UNKNOWN,UNKNOWN,UNKNOWN,UNKNOWN,Deal-/Spartipp-Videos ('Taeglich Deals & Spartipps'),real,Linktree (linktr.ee/mydealz),unklar,nein (nicht unter Handle gefunden),UNKNOWN,UNKNOWN,ja: kuratierte Deal-Seiten auf mydealz.de (mdz.me-Links),Deal-Community-Plattform (Geschaeftsmodell nicht verifiziert),"FAQ-Frage 'Wie verdient mydealz sein Geld?' vorhanden, Antwort per JS nicht auslesbar; FAQ nennt 'bezahlte Platzierungen'",nein,https://www.tiktok.com/@mydealz.de ; https://linktr.ee/mydealz ; https://www.mydealz.de/faq,2026-09-26,"Groesster DE-Deal-Wettbewerber (Plattform mit Redaktion, kein Solo-Theme-Page). TikTok-Commerce-Account."
Tech Deals (DE),Instagram,mydealz.de,https://www.instagram.com/mydealz.de/,DE (DACH),UNKNOWN,UNKNOWN,UNKNOWN,UNKNOWN,UNKNOWN,UNKNOWN,UNKNOWN,UNKNOWN,Deal-Posts/Reels,real,Linktree (linktr.ee/mydealz),unklar,nein (nicht unter Handle gefunden),UNKNOWN,UNKNOWN,ja: mydealz.de,,IG-Handle als Social-Link im Linktree,nein,https://linktr.ee/mydealz,2026-09-26,Follower wegen IG-Login-Wall nicht abrufbar.
Tech Deals (DE),TikTok,mytopdeals,https://www.tiktok.com/@mytopdeals,DE (DACH),"1.240 Follower, 9.317 Likes, 31 Videos",VERIFIED,<10k,UNKNOWN,UNKNOWN,UNKNOWN,UNKNOWN,UNKNOWN,Deal-Posts,real,Linktree (linktr.ee/mytopdeals),ja,nein (nicht unter Handle gefunden),UNKNOWN,UNKNOWN,ja: mytopdeals.net,"Deal-Blog-Affiliate (mtd.bz-Redirects: DAZN, Movie Park, PUMA, Eneba PSN/eShop-Guthaben)",Linktree-Eintrag '*MyTopDeals Affiliate Links' + mtd.bz-Deal-Links,ja,https://www.tiktok.com/@mytopdeals ; https://linktr.ee/mytopdeals ; https://www.mytopdeals.net/,2026-09-26,"Etablierter DE-Deal-Blog, auf Social Video aber schwach (1,2K TikTok)."
Tech Deals (DE),Instagram,techdeals.de,https://www.instagram.com/techdeals.de/,DE (DACH),UNKNOWN (TikTok-Pendant: 0 Follower),UNKNOWN,UNKNOWN,UNKNOWN,UNKNOWN,UNKNOWN,UNKNOWN,UNKNOWN,Tech-Deals,UNKNOWN,Linktree (linktr.ee/techdeals.de -> nur TikTok/IG),unklar,nein (nicht unter Handle gefunden),UNKNOWN,UNKNOWN,nein,,Linktree nur mit Social-Links,nein,https://linktr.ee/techdeals.de ; https://www.tiktok.com/@techdeals.de,2026-09-26,"Handle belegt, Account praktisch inaktiv - Namensraum 'techdeals' in DE frei nutzbar."
Beauty/Home Amazon Finds (DE),TikTok,AmazonGlowUpDE (Handle amazonfindsde),https://www.tiktok.com/@amazonfindsde,DE (DACH),"0 Follower, 1 Video",VERIFIED,<10k,UNKNOWN,UNKNOWN,UNKNOWN,UNKNOWN,UNKNOWN,'Amazon-Funde unter 11 EUR',UNKNOWN,Linktree (linktr.ee/AmazonGlowUpDE),ja,nein (nicht unter Handle gefunden),UNKNOWN,UNKNOWN,nein,Amazon PartnerNet (amzn.to),TikTok-Bio 'Amazon partner!' + Linktree mit 5 amzn.to-Links,nein,https://www.tiktok.com/@amazonfindsde ; https://linktr.ee/AmazonGlowUpDE,2026-09-26,"Affiliate belegt, aber keine Reichweite -> kein Erfolgsbeleg; zeigt fruehe DE-Nachahmer."
Tesla-Zubehoer / Car Accessories,TikTok,tayloronwheels,https://www.tiktok.com/@tayloronwheels,EN/US,"28,4K Follower, 675K Likes, 346 Videos",VERIFIED,10k-100k,UNKNOWN,UNKNOWN,UNKNOWN,UNKNOWN,UNKNOWN,"Tesla-Tipps, Hidden Features, Zubehoer-Installationen (Stimme/Haende, weitgehend faceless)",real,Linktree (linktr.ee/tayloronwheels),ja,"ja (amazon.com/shop/tayloronwheels12, Tag tayloronwheel-20)",nein (nicht gefunden),nein (nicht gefunden),nein,"Brand-Affiliate/Codes: HaloBLK, Hansshow (?bg_ref=), 3W Liners (?ref=), EVBASE (?bg_ref=); Tesla-Referral (ts.la/taylor574135); Robinhood-Referral","TikTok-Bio 'Tesla referral and accessories'; Linktree: 'Amazon Storefront', '20% OFF HANSSHOW CODE tayloronwheels', '33% OFF 3W LINERS', 'Get $1,000 off a Tesla'",ja,https://www.tiktok.com/@tayloronwheels ; https://linktr.ee/tayloronwheels ; https://www.amazon.com/shop/tayloronwheels12,2026-09-26,Mustergueltiger Nischen-Case: Amazon + Tesla-Aftermarket-Marken (hoehere Provision) + Hersteller-Referral.
Tesla-Zubehoer / Car Accessories,YouTube,tayloronwheels,https://www.youtube.com/@tayloronwheels,EN/US,"31,2K Abonnenten",VERIFIED,10k-100k,~8 Shorts/Woche (292 seit 01/2026),"Ø 80,6K","81,5K","8,4 Mio. ('Tesla emergency exit')",ESTIMATED (NexLev),Tesla-Tipps-Shorts (faceless lt. NexLev),real,"Linktree (linktr.ee/tayloronwheels, 'Referral and accessories')",ja,ja (amazon.com/shop/tayloronwheels12),UNKNOWN,UNKNOWN,nein,siehe TikTok-Zeile,YouTube-About-Link 'Referral and accessories' -> Linktree,ja,https://www.youtube.com/@tayloronwheels/about ; NexLev,2026-09-26,Sehr stabile Views (Median ~ Durchschnitt) = verlaesslicher Nischen-Traffic.
Tesla-Zubehoer / Car Accessories,Instagram,tayloronwheels12,https://www.instagram.com/tayloronwheels12/,EN/US,UNKNOWN,UNKNOWN,UNKNOWN,UNKNOWN,UNKNOWN,UNKNOWN,UNKNOWN,UNKNOWN,Tesla-Tipps-Reels,real,Linktree (linktr.ee/tayloronwheels),ja,ja (amazon.com/shop/tayloronwheels12),UNKNOWN,UNKNOWN,nein,siehe TikTok-Zeile,IG-Handle im Linktree als Social-Link,ja,https://linktr.ee/tayloronwheels,2026-09-26,IG-Follower nicht abrufbar.
Cars / Luxury Lifestyle,Instagram,carswithoutlimits,https://www.instagram.com/carswithoutlimits/,EN/international,UNKNOWN,UNKNOWN,UNKNOWN,UNKNOWN,UNKNOWN,UNKNOWN,UNKNOWN,UNKNOWN,Supercar-/Car-Culture-Theme-Page,real (kuratierte UGC),Linktree (linktr.ee/carswithoutlimits),nein (nicht sichtbar),nein (nicht unter Handle gefunden),UNKNOWN,UNKNOWN,ja: eigene Website carswithoutlimits.com,,Linktree nur Socials + Website,nein,https://linktr.ee/carswithoutlimits,2026-09-26,Grosse Car-Theme-Page ohne sichtbare Affiliate-Links (Monetarisierung vermutl. Sponsored Posts).
Car Detailing,Amazon Storefront,obsessedgarage,https://www.amazon.com/shop/obsessedgarage,EN/US,UNKNOWN,UNKNOWN,UNKNOWN,UNKNOWN,UNKNOWN,UNKNOWN,UNKNOWN,UNKNOWN,Car-Detailing-Tutorials (Person),real,UNKNOWN,ja,"ja (amazon.com/shop/obsessedgarage, Tag obsegarg-20)",UNKNOWN,UNKNOWN,nein,,Amazon-Storefront 'Obsessed Garage's Amazon Page' abrufbar,ja,https://www.amazon.com/shop/obsessedgarage,2026-09-26,"Personen-Influencer (Kontext) - belegt, dass Detailing-Produkte ueber Amazon-Storefront monetarisiert werden."
Car Detailing,YouTube,Bacotesmobiledetailing,https://www.youtube.com/@Bacotesmobiledetailing,EN/US,591K Abonnenten,VERIFIED,500k-1M,"~1,5/Woche (103 seit 06/2025)","Ø 3,2 Mio.","3,1 Mio.",49 Mio.,ESTIMATED (NexLev),POV-Detailing-Storytelling ASMR,real,keine Links,unklar,nein (nicht unter Handle gefunden),UNKNOWN,UNKNOWN,nein,,Keine Links im About,nein,https://www.youtube.com/@Bacotesmobiledetailing/about ; NexLev,2026-09-26,Riesige Detailing-Reichweite ohne Produktlinks = Affiliate-Luecke (Produkte im Video sichtbar).
Car Detailing,YouTube,SpankinCleanDetailing,https://www.youtube.com/@SpankinCleanDetailing,EN/US,"52,7K Abonnenten",VERIFIED,10k-100k,"~1,6/Woche",Ø 371K,"39,5K",16 Mio.,ESTIMATED (NexLev),Before/After-Detailing (Dienstleister),real,spankincleandetailing.com,nein,nein (nicht unter Handle gefunden),UNKNOWN,UNKNOWN,nein,,Link nur auf eigenes Detailing-Business,nein,https://www.youtube.com/@SpankinCleanDetailing/about ; NexLev,2026-09-26,"Lokaler Dienstleister nutzt Shorts als Lead-Gen, nicht Affiliate."
EDC (Everyday Carry),TikTok,everydaycarry,https://www.tiktok.com/@everydaycarry,EN/US,"109,4K Follower, 267 Videos",VERIFIED,100k-500k,UNKNOWN,UNKNOWN,UNKNOWN,UNKNOWN,UNKNOWN,Pocket-Dumps / 'I yap about people's stuff' (Gear-Kommentar),real,beacons.ai/everydaycarry.com (lt. YouTube),ja,ja (amazon.com/shop/everydaycarry - 'Everyday Carry's Amazon Page'),UNKNOWN,UNKNOWN,nein,beacons.ai-Shop 'Shop Featured Gear',Amazon-Storefront abrufbar; YouTube-Beschreibung 'Shop Featured Gear -> beacons.ai/everydaycarry.com',ja,https://www.tiktok.com/@everydaycarry ; https://www.amazon.com/shop/everydaycarry ; https://www.youtube.com/@everydaycarry/about,2026-09-26,Gruender von everydaycarry.com (Bernard) - Person + Theme-Marke (mixed).
EDC (Everyday Carry),YouTube,everydaycarry,https://www.youtube.com/@everydaycarry,EN/US,"39,3K Abonnenten, 382 Videos",VERIFIED,10k-100k,UNKNOWN,UNKNOWN,UNKNOWN,UNKNOWN,UNKNOWN,"Buying Guides, Produkt-Overviews",real,beacons.ai/everydaycarry.com,ja,ja (amazon.com/shop/everydaycarry),UNKNOWN,UNKNOWN,nein,,Beschreibung 'Shop Featured Gear' + Storefront,ja,https://www.youtube.com/@everydaycarry/about,2026-09-26,
EDC (Everyday Carry),Instagram,UrbanEDC (Handle lt. Linktree),https://www.instagram.com/urbanedc/,EN/international,UNKNOWN,UNKNOWN,UNKNOWN,UNKNOWN,UNKNOWN,UNKNOWN,UNKNOWN,UNKNOWN,EDC-Flatlays ('#edcgoals'),real (kuratierte UGC),Linktree (linktr.ee/urbanedc: 'Where to buy gear shown in pics'),ja,nein (nicht unter Handle gefunden),UNKNOWN,UNKNOWN,ja: urbanedc.xyz/category/edcgoals,Affiliate-Publisher-Website,Ziel-Website: 'Urban Gear is an independent affiliate publisher ... We may earn a commission if you buy through our links.',ja,https://linktr.ee/urbanedc ; https://urbanedc.xyz/category/edcgoals/,2026-09-26,Domain zeigt heute 'Urban Gear' - evtl. Betreiberwechsel; IG-Handle nicht direkt verifiziert.
Travel Gear / Packing,YouTube,packhacker,https://www.youtube.com/@packhacker,EN/US,"140K Abonnenten, 80 Videos",VERIFIED,100k-500k,UNKNOWN,UNKNOWN,UNKNOWN,UNKNOWN,UNKNOWN,"Packlisten, Rucksack-/Gear-Reviews",real,packhacker.com,ja,"ja (amazon.com/shop/packhacker, Tag packhacker05-20)",UNKNOWN,UNKNOWN,ja: packhacker.com Gear-Guides,,"Website: 'Pack Hacker is reader-supported. When you buy through links on our site, we may earn an affiliate commission.' + Storefront",ja,https://www.youtube.com/@packhacker/about ; https://www.packhacker.com/ ; https://www.amazon.com/shop/packhacker,2026-09-26,Media-/Team-Marke (nicht rein faceless) - Kontext Travel-Gear.
Camping / Van Life,Instagram,vanlifediaries,https://www.instagram.com/vanlifediaries/,EN/AU/international,UNKNOWN,UNKNOWN,UNKNOWN,UNKNOWN,UNKNOWN,UNKNOWN,UNKNOWN,UNKNOWN,Community-Vanlife-Fotos (UGC),real (kuratierte UGC),Linktree (linktr.ee/vanlifediaries),unklar,nein (nicht unter Handle gefunden),UNKNOWN,UNKNOWN,"ja: eigenes Buch, Events (Vanlife Gathering 2026), Conversions-Service, Brand-Review (Bushman Fridges)","Victron-Energy-Link (Partner, kein Affiliate-Parameter)",Linktree ohne Affiliate-Parameter,nein,https://linktr.ee/vanlifediaries ; https://www.vanlife.com.au/,2026-09-26,Monetarisierung ueber eigene Produkte/Events statt Affiliate.
Camping / Van Life,Instagram,project.vanlife,https://www.instagram.com/project.vanlife/,EN/US,UNKNOWN,UNKNOWN,UNKNOWN,UNKNOWN,UNKNOWN,UNKNOWN,UNKNOWN,UNKNOWN,"Van-Builds, Guides",real,Linktree (linktr.ee/projectvanlife),unklar,nein (nicht unter Handle gefunden),UNKNOWN,UNKNOWN,"ja: Van Life Academy (Kurs), Guides, Forum",,Linktree fuehrt zu eigenem Kurs/Guides,nein,https://linktr.ee/projectvanlife,2026-09-26,Kurs-Monetarisierung.
Overlanding,Instagram,overlandbound,https://www.instagram.com/overlandbound/,EN/US,UNKNOWN,UNKNOWN,UNKNOWN,UNKNOWN,UNKNOWN,UNKNOWN,UNKNOWN,UNKNOWN,Overland-Community,real,Linktree (linktr.ee/overlandbound),nein (nicht sichtbar),nein (nicht unter Handle gefunden),UNKNOWN,UNKNOWN,"ja: Merch-Store, Mitgliedschaft, App 'Overland Bound One'",,Linktree: Merch + Membership,nein,https://linktr.ee/overlandbound,2026-09-26,Community-/Merch-Modell.
Camping / Outdoor Gear,YouTube,Alexan_Strib,https://www.youtube.com/@Alexan_Strib,EN (Betreiber lt. NexLev: Ukraine),736K Abonnenten (NexLev),ESTIMATED,500k-1M,"~0,9/Woche (133 seit 11/2023)","Ø 5,2 Mio.","560,5K",310 Mio. ('Super Toilet Paper Fire Starter'),ESTIMATED (NexLev),Faceless Survival-/Camping-Hacks,real,UNKNOWN,unklar,nein (nicht unter Handle gefunden),UNKNOWN,UNKNOWN,nein,,,nein,NexLev search_shorts_niche_finder_channels (UCQ-q5iChaqyoUTGeWgHCoxA),2026-09-26,Camping-Hacks erreichen Massenreichweite; Gear-Affiliate-Potenzial nicht genutzt (keine Links geprueft/gefunden).
Camping / Outdoor Gear,Instagram,thegearjunkie (Linktree gearjunkie),https://www.instagram.com/thegearjunkie/,EN/US,UNKNOWN,UNKNOWN,UNKNOWN,UNKNOWN,UNKNOWN,UNKNOWN,UNKNOWN,UNKNOWN,Outdoor-Gear-News/Reviews (Media),real,"Linktree (linktr.ee/gearjunkie, 21 Artikel-Links)",unklar,nein (nicht unter Handle gefunden),UNKNOWN,UNKNOWN,nein,,"Linktree fuehrt auf gearjunkie.com-Artikel (Website 403, Disclosure nicht pruefbar)",nein,https://linktr.ee/gearjunkie,2026-09-26,Media-Marke - Kontext.
Fitness / Home Gym,TikTok,garagegymreviews,https://www.tiktok.com/@garagegymreviews,EN/US,"58,3K Follower, 1,3 Mio. Likes, 482 Videos",VERIFIED,10k-100k,UNKNOWN,UNKNOWN,UNKNOWN,UNKNOWN,UNKNOWN,Equipment-Reviews (Person 'Coop' + Team),real,Linktree (linktr.ee/garagegymreviews),ja,nein (nicht unter Handle gefunden),UNKNOWN,UNKNOWN,nein,Brand-Affiliate-Programme + Amazon ('affiliate program ... for nearly every product'),Linktree-Eintrag 'Affiliate Disclosure'; garagegymreviews.com/disclosure: 'we have affiliate relationships with fitness product companies ... allows us to earn a commission',ja,https://www.tiktok.com/@garagegymreviews ; https://linktr.ee/garagegymreviews ; https://www.garagegymreviews.com/disclosure,2026-09-26,"Review-Media (nicht faceless) - belegt hohe AOV-Nische Home-Gym (Dumbbells, Rower). Amazon-Storefront-Check durch Bot-Schutz blockiert."
Fitness / Home Gym,TikTok,homegym,https://www.tiktok.com/@homegym,EN,"731 Follower, 746 Videos",VERIFIED,<10k,UNKNOWN,UNKNOWN,UNKNOWN,UNKNOWN,UNKNOWN,Home-Gym-Clips (IG: homegym__),UNKNOWN,keine,unklar,nein (nicht unter Handle gefunden),UNKNOWN,UNKNOWN,nein,,,nein,https://www.tiktok.com/@homegym,2026-09-26,"Generischer Handle, kaum Reichweite trotz 746 Videos."
Running,Instagram,doctorsofrunning,https://www.instagram.com/doctorsofrunning/,EN/US,UNKNOWN,UNKNOWN,UNKNOWN,UNKNOWN,UNKNOWN,UNKNOWN,UNKNOWN,UNKNOWN,Laufschuh-Reviews (Physio-Team),real,"Linktree (linktr.ee/doctorsofrunning, 408 Links)",unklar,nein (nicht unter Handle gefunden),UNKNOWN,UNKNOWN,ja: 268 Links auf doctorsofrunning.com-Reviews/Guides,,Linktree als Review-Archiv; Disclosure nicht verifiziert,nein,https://linktr.ee/doctorsofrunning,2026-09-26,Linktree als Content-Katalog (408 Links) - Format-Idee.
Cycling / E-Bikes,YouTube,ProViewGear,https://www.youtube.com/@ProViewGear,EN (Betreiber lt. NexLev: Belgien),289K Abonnenten,VERIFIED,100k-500k,"~5,3/Woche (310 seit 08/2025)","Ø 1,2 Mio.","414,5K",108 Mio. ('Tag a biker who NEEDS this'),ESTIMATED (NexLev),MTB-POV mit Kamera-Helm ('Tag a biker who needs this'),real,keine Links,unklar,nein (nicht unter Handle gefunden),UNKNOWN,UNKNOWN,nein,,,nein,https://www.youtube.com/@ProViewGear/about ; NexLev,2026-09-26,"Produkt-Demo-Format (Kamera-Helm) mit 108 Mio. Views, aber kein Link = verschenkte Conversion."
Cycling / E-Bikes,Instagram,bikeradar,https://www.instagram.com/bikeradar/,EN/UK,UNKNOWN,UNKNOWN,UNKNOWN,UNKNOWN,UNKNOWN,UNKNOWN,UNKNOWN,UNKNOWN,Bike-News/Reviews (Media),real,"Linktree (linktr.ee/bikeradar, 146 Links)",unklar,nein (nicht unter Handle gefunden),UNKNOWN,UNKNOWN,nein,,Linktree -> bikeradar.com-Reviews,nein,https://linktr.ee/bikeradar,2026-09-26,UK-Media-Marke - Kontext.
Cycling / MTB (DE),TikTok,mtbnews,https://www.tiktok.com/@mtbnews,DE (DACH),"4.124 Follower, 76,5K Likes, 471 Videos",VERIFIED,<10k,UNKNOWN,UNKNOWN,UNKNOWN,UNKNOWN,UNKNOWN,MTB-News-Clips (MTB-News.de),real,www.mtb-news.de,unklar,nein (nicht unter Handle gefunden),UNKNOWN,UNKNOWN,nein,,,nein,https://www.tiktok.com/@mtbnews,2026-09-26,"Groesstes DE-MTB-Portal, auf TikTok schwach = DE-Luecke."
Golf,Instagram,golfgods,https://www.instagram.com/golfgods/,EN/US,UNKNOWN,UNKNOWN,UNKNOWN,UNKNOWN,UNKNOWN,UNKNOWN,UNKNOWN,UNKNOWN,Golf-Humor-/Meme-Theme-Page,real (kuratierte UGC),Linktree (linktr.ee/golfgods),ja,nein (nicht unter Handle gefunden),UNKNOWN,UNKNOWN,"ja: eigene Merch-Marke golfgodsonline.com (Polos, Gloves, Hats)","Dabble-Sportwetten-Referral (dabble.onelink.me), Podcast 'Tee Baggers'",Linktree: 'FOLLOW OUR BETS ON DABBLE' (Referral-Onelink) + 'SHOP ALL GOLF GODS',ja,https://linktr.ee/golfgods,2026-09-26,Theme-Page -> eigene Bekleidungsmarke: Vorbild fuer Stufe 2 nach Affiliate.
Golf,YouTube,Everythingolf1,https://www.youtube.com/@Everythingolf1,EN,"26,9K Abonnenten",VERIFIED,10k-100k,"~4,3/Woche (211 seit 10/2025)","Ø 1,26 Mio.","3,65 Mio.",33 Mio.,ESTIMATED (NexLev),Faceless Golf-Highlight-Compilations,real,keine,nein (nicht sichtbar),nein (nicht unter Handle gefunden),UNKNOWN,UNKNOWN,nein,,,nein,https://www.youtube.com/@Everythingolf1/about ; NexLev,2026-09-26,"Median 3,65 Mio. bei 27K Abos = Golf-Shorts extrem viral, aber unmonetarisiert (Outlier-Score 45,6)."
Golf,YouTube,GolfManiacs,https://www.youtube.com/@GolfManiacs,EN,43K Abonnenten,VERIFIED,10k-100k,"~5,8/Woche",Ø 411K,"1,15 Mio.",54 Mio.,ESTIMATED (NexLev),Faceless Golf-Highlights,real,keine,nein (nicht sichtbar),nein (nicht unter Handle gefunden),UNKNOWN,UNKNOWN,nein,,,nein,https://www.youtube.com/@GolfManiacs/about ; NexLev,2026-09-26,
Uhren / Watches,TikTok,chrono24,https://www.tiktok.com/@chrono24,International (Unternehmen DE),"273,9K Follower, 2,6 Mio. Likes, 641 Videos",VERIFIED,100k-500k,UNKNOWN,UNKNOWN,UNKNOWN,UNKNOWN,UNKNOWN,Uhren-Marktplatz-Content,real,keine,nein (Marktplatz selbst),nein (nicht unter Handle gefunden),UNKNOWN,UNKNOWN,nein,,,nein,https://www.tiktok.com/@chrono24,2026-09-26,"Kein Theme-Page-Wettbewerber, aber potenzieller Affiliate-Partner (DE-Unternehmen)."
Uhren / Watches,Instagram,wornandwound,https://www.instagram.com/wornandwound/,EN/US,UNKNOWN,UNKNOWN,UNKNOWN,UNKNOWN,UNKNOWN,UNKNOWN,UNKNOWN,UNKNOWN,Watch-Media,real,Linktree (linktr.ee/wornandwound),nein (nicht sichtbar),nein (nicht unter Handle gefunden),UNKNOWN,UNKNOWN,"ja: Windup Watch Shop, Showroom, Events",,Linktree: Shop/Showroom/Giveaways,nein,https://linktr.ee/wornandwound,2026-09-26,Media + Eigenhandel.
Uhren / Watches,Instagram,teddybaldassarre,https://www.instagram.com/teddybaldassarre/,EN/US,UNKNOWN,UNKNOWN,UNKNOWN,UNKNOWN,UNKNOWN,UNKNOWN,UNKNOWN,UNKNOWN,Watch-Reviews (Person/Dealer),real,Linktree (linktr.ee/teddybaldassarre),nein (eigener Handel),nein (nicht unter Handle gefunden),UNKNOWN,UNKNOWN,ja: teddybaldassarre.com (Authorized Dealer),,Linktree: 'Authorized Dealer for the Watch Enthusiast',nein,https://linktr.ee/teddybaldassarre,2026-09-26,Creator wurde zum Haendler - Kontext.
Sneakers,TikTok,sneakernews,https://www.tiktok.com/@sneakernews,EN/US,"648,7K Follower, 13 Mio. Likes, 515 Videos",VERIFIED,500k-1M,UNKNOWN,UNKNOWN,UNKNOWN,UNKNOWN,UNKNOWN,Sneaker-News/Releases (Media),real,sneakernews.com,unklar,nein (nicht unter Handle gefunden),UNKNOWN,UNKNOWN,nein,,Website Cloudflare-geschuetzt,nein,https://www.tiktok.com/@sneakernews,2026-09-26,Media-Marke.
Sneakers (DE),TikTok,grailify,https://www.tiktok.com/@grailify,DE (DACH),"32,1K Follower, 330,9K Likes, 447 Videos",VERIFIED,10k-100k,UNKNOWN,UNKNOWN,UNKNOWN,UNKNOWN,UNKNOWN,Sneaker-Releases/Kollektionen ('Nike Dri-FIT Kollektion'),real,grailify.com/s/... (Kurzlink),unklar,nein (nicht unter Handle gefunden),UNKNOWN,UNKNOWN,nein,,TikTok-Commerce-Account (Kategorie Clothing & Accessories); Website Cloudflare-geschuetzt,nein,https://www.tiktok.com/@grailify,2026-09-26,"Groesste DE-Sneaker-Release-Plattform; Affiliate-Modell wahrscheinlich, aber nicht verifiziert."
Sneakers (DE/NL),TikTok,sneakerjagers,https://www.tiktok.com/@sneakerjagers,NL/DE/EN,"20,5K Follower, 487K Likes, 1.132 Videos",VERIFIED,10k-100k,UNKNOWN,UNKNOWN,UNKNOWN,UNKNOWN,UNKNOWN,Sneaker-Releases/Deals,real,linkin.bio/sneakerjagers,ja,nein (nicht unter Handle gefunden),UNKNOWN,UNKNOWN,ja: sneakerjagers.com + App,,"sneakerjagers.com/de: '... kann dies dazu fuehren, dass wir von Sneakerjagers eine Provision verdienen'",ja,https://www.tiktok.com/@sneakerjagers ; https://www.sneakerjagers.com/de,2026-09-26,NL-Unternehmen mit DE-Sprachversion.
Sneakers (DE),TikTok,snkraddicted,https://www.tiktok.com/@snkraddicted,DE (DACH),"43K Follower, 435,1K Likes, 139 Videos",VERIFIED,10k-100k,UNKNOWN,UNKNOWN,UNKNOWN,UNKNOWN,UNKNOWN,Sneaker-Release-Theme-Page ('groesste Sneaker- & Lifestyleseite'),real,keine,unklar,nein (nicht unter Handle gefunden),UNKNOWN,UNKNOWN,nein,,,nein,https://www.tiktok.com/@snkraddicted,2026-09-26,Faceless DE-Theme-Page; kein Bio-Link auf TikTok.
Luxury Lifestyle / Gear,TikTok,uncrate,https://www.tiktok.com/@uncrate,EN/US,150 Follower (TikTok),VERIFIED,<10k,UNKNOWN,UNKNOWN,UNKNOWN,UNKNOWN,UNKNOWN,Gear/Style/Cars-Kuratierung ('Gear. Style. Cars. Shelter. Vices.'),real (kuratiert),App-Download,ja,"ja (amazon.com/shop/uncrate, Tag uncrate-20)",UNKNOWN,UNKNOWN,nein,,Amazon-Storefront 'Uncrate's Amazon Page' abrufbar,ja,https://www.tiktok.com/@uncrate ; https://www.amazon.com/shop/uncrate,2026-09-26,Klassische faceless Gear-Kuratierungsmarke; auf TikTok nicht aktiv.
Luxury Lifestyle / Gear,Instagram,gearpatrol,https://www.instagram.com/gearpatrol/,EN/US,UNKNOWN,UNKNOWN,UNKNOWN,UNKNOWN,UNKNOWN,UNKNOWN,UNKNOWN,UNKNOWN,"Gear-Media (Uhren, Autos, EDC, Audio, Outdoor)",real,"Linktree (linktr.ee/gearpatrol, 728 Links)",ja,nein (nicht unter Handle gefunden),UNKNOWN,UNKNOWN,"ja: store.gearpatrol.com, Kollabo GoRuck","fave.co-Affiliate-Links, amzn.to, amazon.com",Linktree enthaelt fave.co- und amzn.to-/amazon.com-Produktlinks (75 affiliate-typische Links von 728),ja,https://linktr.ee/gearpatrol,2026-09-26,Media-Marke; Linktree als Shop-Katalog.
Luxury Lifestyle / Gear,Instagram,coolmaterial,https://www.instagram.com/coolmaterial/,EN/US,UNKNOWN,UNKNOWN,UNKNOWN,UNKNOWN,UNKNOWN,UNKNOWN,UNKNOWN,UNKNOWN,Gear-Kuratierung + 'Daily Steals',real (kuratiert),"Linktree (linktr.ee/coolmaterial, utm_source=ig-linktree)",unklar,nein (nicht unter Handle gefunden),UNKNOWN,UNKNOWN,"ja: shop.coolmaterial.com, Daily Steals",,Website Cloudflare-geschuetzt,nein,https://linktr.ee/coolmaterial,2026-09-26,Deals-Format im Gear-Segment.
Luxury Lifestyle / Men's Gear,TikTok,manofmany,https://www.tiktok.com/@manofmany,EN/AU,"119,1K Follower, 1.638 Videos",VERIFIED,100k-500k,UNKNOWN,UNKNOWN,UNKNOWN,UNKNOWN,UNKNOWN,"Produkte, Kultur, Style ('Australia's Largest Men's Lifestyle Site')",real,fingertip.com/manofmany,unklar,nein (nicht unter Handle gefunden),UNKNOWN,UNKNOWN,nein,,,nein,https://www.tiktok.com/@manofmany,2026-09-26,Media-Marke - Kontext.
LEGO / Collectibles (DE),TikTok,promobricks,https://www.tiktok.com/@promobricks,DE (+EN),"19,6K Follower, 555,3K Likes, 132 Videos",VERIFIED,10k-100k,UNKNOWN,UNKNOWN,UNKNOWN,UNKNOWN,UNKNOWN,"LEGO-News, Leaks, Reviews",real,promobricks.de (+ Linktree linktr.ee/promobricks),ja,nein (nicht unter Handle gefunden),UNKNOWN,UNKNOWN,"ja: promobricks.de, Telegram-Kanaele","LEGO-, Amazon-, eBay-Partnerprogramme","promobricks.de: 'Diese Webseite finanziert sich durch Affiliate-Links zu ausgewaehlten Partnerprogrammen wie beispielsweise von LEGO, Amazon oder eBay'",ja,https://www.tiktok.com/@promobricks ; https://linktr.ee/promobricks ; https://www.promobricks.de/,2026-09-26,DE-Affiliate-Case (Blog-getrieben; Social als Zubringer).
LEGO / Collectibles (DE),TikTok,zusammengebaut,https://www.tiktok.com/@zusammengebaut,DE (+EN-Kanal 'Assembled'),"140,3K Follower, 2,6 Mio. Likes, 1.247 Videos",VERIFIED,100k-500k,UNKNOWN,UNKNOWN,UNKNOWN,UNKNOWN,UNKNOWN,LEGO-Events/News/Neuheiten,real,zusammengebaut.com (+ Linktree -> IG zusammengebaut),ja,nein (nicht unter Handle gefunden),UNKNOWN,UNKNOWN,"ja: Blog, 2 YouTube-Kanaele","LEGO Online Shop, Amazon, Alternate, Proshop (Affiliate)",zusammengebaut.com: 'Hinweis: Es handelt sich hierbei um Affiliate-Links ... erhalten wir eine Provision',ja,https://www.tiktok.com/@zusammengebaut ; https://linktr.ee/zusammengebaut ; https://zusammengebaut.com/,2026-09-26,Betreiber ukonio media GmbH (Hamburg) - professioneller DE-Wettbewerber.
3D-Druck,TikTok,the3dwizard,https://www.tiktok.com/@the3dwizard,EN/US,"179,5K Follower, 5,2 Mio. Likes, 163 Videos",VERIFIED,100k-500k,UNKNOWN,UNKNOWN,UNKNOWN,UNKNOWN,UNKNOWN,'Useful & not so useful 3D prints' (faceless Druck-Demos),real,Linktree (linktr.ee/the3dwizard),ja,nein (nicht unter Handle gefunden),UNKNOWN,UNKNOWN,ja: MakerWorld-Modelle,"ShareASale ('Printers I Use (Affiliate)'), Tripo-3D-AI-Invite-Code",Linktree-Eintrag 'Printers I Use (Affiliate)' -> shareasale.com/r.cfm?...m=138211,ja,https://www.tiktok.com/@the3dwizard ; https://linktr.ee/the3dwizard,2026-09-26,Hochpreisige Drucker als Affiliate-Produkt; AI-Tool-Referral (Tripo).
3D-Druck,YouTube,The_3DWizard,https://www.youtube.com/@The_3DWizard,EN/US,"77,6K Abonnenten",VERIFIED,10k-100k,"~1,5/Woche (121 seit 03/2025)",Ø 948K,"596,5K",35 Mio.,ESTIMATED (NexLev),3D-Print-Shorts,real,Linktree (linktr.ee/the3dwizard),ja,nein (nicht unter Handle gefunden),UNKNOWN,UNKNOWN,nein,ShareASale,About-Links: linktr.ee/the3dwizard (s.o.),ja,https://www.youtube.com/@The_3DWizard/about ; NexLev,2026-09-26,IG @the_3dwizard verlinkt.
3D-Druck,TikTok,printlair,https://www.tiktok.com/@printlair,EN,"70,5K Follower, 805,8K Likes, 56 Videos",VERIFIED,10k-100k,UNKNOWN,UNKNOWN,UNKNOWN,UNKNOWN,UNKNOWN,"Funktionale 3D-Prints (Golf, Truck, Car-Wash-Gadgets)",real,Linktree (linktr.ee/printlair),nein (nicht sichtbar),nein (nicht unter Handle gefunden),UNKNOWN,UNKNOWN,ja: MakerWorld-Profil,,Linktree nur MakerWorld + Socials,nein,https://www.tiktok.com/@printlair ; https://linktr.ee/printlair ; https://www.youtube.com/@PrintLair/about,2026-09-26,"Nischen-Crossover (Golf/Auto x 3D-Druck); YouTube 67K Abos, Median 77,5K."
3D-Druck,YouTube,MCPrintLab,https://www.youtube.com/@MCPrintLab,EN/US,192K Abonnenten,VERIFIED,100k-500k,"~1,2/Woche (159 seit 02/2024)","Ø 3,07 Mio.","8,2 Mio.",28 Mio.,ESTIMATED (NexLev),3D-Printed Pranks (faceless),real,"Patreon, TikTok",nein (nicht sichtbar),nein (nicht unter Handle gefunden),UNKNOWN,UNKNOWN,nein,Patreon,,nein,https://www.youtube.com/@MCPrintLab/about ; NexLev,2026-09-26,Sehr hohe Median-Views ohne Affiliate.
Beauty / Skincare (faceless),YouTube,moderngirlaesthetic,https://www.youtube.com/@moderngirlaesthetic,EN/US,"33,3K Abonnenten",VERIFIED,10k-100k,"~2,3/Woche (92 seit 12/2025)",Ø 764K,"32,5K",26 Mio. (Bushbalm Scrub),ESTIMATED (NexLev),Faceless Beauty-Gadget-Demos mit Produktnamen im Titel,real,a.co-Link + IG moderngirlaesthetic,ja,ja (a.co/d/01k5zoWB -> amazon.com/shop/shair10),UNKNOWN,UNKNOWN,nein,,YouTube-About-Link fuehrt auf Amazon-Influencer-Storefront,ja,https://www.youtube.com/@moderngirlaesthetic/about ; https://www.amazon.com/shop/shair10,2026-09-26,Storefront-Handle weicht vom Kanalnamen ab (shair10).
Beauty / Haircare (faceless),YouTube,Nervie23,https://www.youtube.com/@Nervie23,EN,643K Abonnenten,VERIFIED,500k-1M,"~5,3/Woche (108 seit 05/2026)","Ø 11,3 Mio.","994,5K",585 Mio. ('Link in bio'),ESTIMATED (NexLev),Faceless Haar-Produkt-Demos 'Product link is in bio',real,epixen.com/collections/hair-products,unklar,nein (nicht unter Handle gefunden),UNKNOWN,UNKNOWN,ja: Shop epixen.com (Eigen-/Partnershop),,About: 'Shop from -> epixen.com',nein,https://www.youtube.com/@Nervie23/about ; NexLev,2026-09-26,Extremreichweite in 4 Monaten; Shop-Modell statt Amazon.
Beauty / Skincare (faceless),YouTube,skinfluence_11,https://www.youtube.com/@skinfluence_11,EN (Betreiber lt. NexLev: Indien),287K Abonnenten,VERIFIED,100k-500k,"~3,8/Woche",Ø 804K,"1,95 Mio.",44 Mio.,ESTIMATED (NexLev),Faceless Glow-up-/Skincare-Tipps,real,"Pinterest, IG xthetics_edit, Fourthwall",nein (nicht sichtbar),nein (nicht unter Handle gefunden),UNKNOWN,UNKNOWN,ja: Fourthwall-Merch,,,nein,https://www.youtube.com/@skinfluence_11/about ; NexLev,2026-09-26,Hohe Reichweite ohne Affiliate-Links.
Tools / DIY / Werkstatt (DE),YouTube,Malerart,https://www.youtube.com/@Malerart,"DE (DACH) - deutsche Titel, international viral",464K Abonnenten,VERIFIED,100k-500k,"~5,5/Woche (458 seit 02/2025)","Ø 2,72 Mio.","10,5 Mio.",194 Mio. ('11 Jahre Erfahrung in 60 Sekunden'),ESTIMATED (NexLev),"Maler-Hacks, Wall-Art, Illusionen (Haende/POV, ueberwiegend faceless)",real,Linktree (linktr.ee/Malerart),ja,nein (kein Storefront; direkte Partnerlinks),UNKNOWN,UNKNOWN,nein,"Amazon PartnerNet DE (Tags malerart2107-21, malerart0c-21)","Linktree: amazon.de/dp/B09FF3W1FF?...tag=malerart2107-21 (tesa Easy Cover), ROLLINGDOG-Pinsel (tag=malerart0c-21), GoPro, Cutter '(Anzeige)'",ja,https://www.youtube.com/@Malerart/about ; https://linktr.ee/malerart ; NexLev,2026-09-26,"Staerkster DE-Case: Werkzeug-/Maler-Produkte als Affiliate, NexLev-Revenue-Schaetzung AdSense ~124K USD kumuliert (ESTIMATED)."
Tools / DIY / Werkstatt (DE),TikTok,malerart,https://www.tiktok.com/@malerart,DE (DACH),"508,4K Follower, 494 Videos",VERIFIED,500k-1M,UNKNOWN,UNKNOWN,UNKNOWN,UNKNOWN,UNKNOWN,Maler-Hacks,real,twitch.tv/malerart (TikTok-Biolink),ja,nein (nicht unter Handle gefunden),UNKNOWN,UNKNOWN,nein,Amazon PartnerNet DE (via Linktree),Linktree mit amazon.de-Tags (siehe YouTube-Zeile); TikTok-Bio verweist auf Twitch,ja,https://www.tiktok.com/@malerart ; https://linktr.ee/malerart,2026-09-26,TikTok-Biolink zeigt auf Twitch statt Affiliate-Linktree = Conversion-Leck.
Tools / DIY / Werkstatt (DE),Instagram,malerart_,https://www.instagram.com/malerart_/,DE (DACH),UNKNOWN,UNKNOWN,UNKNOWN,UNKNOWN,UNKNOWN,UNKNOWN,UNKNOWN,UNKNOWN,Maler-Hacks-Reels,real,Linktree (linktr.ee/malerart),ja,nein (nicht unter Handle gefunden),UNKNOWN,UNKNOWN,nein,Amazon PartnerNet DE,IG-Handle als Social-Link im Linktree mit amazon.de-Affiliate-Links,ja,https://linktr.ee/malerart,2026-09-26,Follower nicht abrufbar.
"Tools / DIY (DE, KI)",YouTube,BauRausch,https://www.youtube.com/@BauRausch,DE (DACH) + EN-Titel,621K Abonnenten,VERIFIED,500k-1M,"~2,2/Woche (53 seit 04/2026)","Ø 7,29 Mio.","1,2 Mio.",127 Mio. ('DIY Floating Cabin ... [Concept AI]'),ESTIMATED (NexLev),KI-generierte Bau-/Renovierungs-Timelapses '[KI-Konzept]',AI,keine Links,nein (nicht sichtbar),nein (nicht unter Handle gefunden),UNKNOWN,UNKNOWN,nein,,Keine Links im About,nein,https://www.youtube.com/@BauRausch/about ; NexLev,2026-09-26,Beleg: KI-DIY-Content erreicht in DE Massenreichweite (621K in 5 Monaten) - aber ohne Affiliate-Monetarisierung.
Interior / Room Setups (3D),YouTube,HomeGraphix,https://www.youtube.com/@HomeGraphix,EN/US,"1,08 Mio. Abonnenten",VERIFIED,1M+,"~0,6/Woche (48 seit 02/2025)","Ø 6,6 Mio.","1,08 Mio.",167 Mio. ('Designing 3m2 Apartment in New York'),ESTIMATED (NexLev),3D-Animations-Raumdesigns,mixed (3D-Animation),homedesignbook.com,nein,nein (nicht unter Handle gefunden),UNKNOWN,UNKNOWN,ja: eigenes Produkt homedesignbook.com,,About-Link auf eigenes Produkt,nein,https://www.youtube.com/@HomeGraphix/about ; NexLev,2026-09-26,Synthetische Raum-/Setup-Visuals skalieren auf 1 Mio.+ - Monetarisierung ueber Eigenprodukt.
Interior / Room Setups (AI),YouTube,DreamyInterior,https://www.youtube.com/@DreamyInterior,EN/US,315K Abonnenten,VERIFIED,100k-500k,"~3,3/Woche (90 seit 03/2026)","Ø 1,75 Mio.","579,5K",32 Mio.,ESTIMATED (NexLev),KI-Interior-Transformationen,AI,keine,nein (nicht sichtbar),nein (nicht unter Handle gefunden),UNKNOWN,UNKNOWN,nein,,,nein,https://www.youtube.com/@DreamyInterior/about ; NexLev,2026-09-26,AI-Interior ohne Produktlinks - Affiliate-Luecke (Moebel/Deko verlinkbar).
Fotografie / Kameras,YouTube,lensevision,https://www.youtube.com/@lensevision,EN (Betreiber lt. NexLev: Ukraine),238K Abonnenten,VERIFIED,100k-500k,"~2,8/Woche (180 seit 07/2025)","Ø 1,12 Mio.","1,6 Mio.",37 Mio.,ESTIMATED (NexLev),"Foto-Tricks/DIY-Optik (Fotograf Pavlo, faceless)",real,"behance.net/mamontovphoto, IG mamontov.pavlo",nein (nicht sichtbar),nein (nicht unter Handle gefunden),UNKNOWN,UNKNOWN,nein,,,nein,https://www.youtube.com/@lensevision/about ; NexLev,2026-09-26,Kamera-Zubehoer-Affiliate-Potenzial ungenutzt.
Fotografie / Kameras,YouTube,cgm.photos,https://www.youtube.com/@cgm.photos,EN/US,"67,8K Abonnenten",VERIFIED,10k-100k,UNKNOWN,Ø 760K,125K,30 Mio.,ESTIMATED (NexLev),Car-Photography-Memes,real,"Linktree (linktr.ee/colin.m.photo: 'Equipment', Skool)",unklar,nein (nicht unter Handle gefunden),UNKNOWN,UNKNOWN,ja: Skool-Community/Coaching,,About: 'Equipment' + Skool-Community-Link (Linktree-Inhalte nicht geprueft),nein,https://www.youtube.com/@cgm.photos/about,2026-09-26,Person/Creator-Coaching - Kontext.
