kennzahl,kategorie_oder_kontext,markt,wert,einheit,quelle_titel,quelle_url,jahr,datenqualitaet,notiz
Reels Reach Rate (Reach/Follower),"Business-Profile, 1–5K Follower; 140K Reels",Global,"9,78",%,Socialinsider – Instagram Reels Performance Statistics 2026,https://www.socialinsider.io/blog/instagram-reels-statistics/,2026 (Jan–Jun),VERIFIED,"Reach in % der Follower; Business-Seiten, keine Theme-Pages"
Reels Reach Rate (Reach/Follower),"Business-Profile, 5–10K Follower; 140K Reels",Global,"7,55",%,Socialinsider – Instagram Reels Performance Statistics 2026,https://www.socialinsider.io/blog/instagram-reels-statistics/,2026 (Jan–Jun),VERIFIED,"Reach in % der Follower; Business-Seiten, keine Theme-Pages"
Reels Reach Rate (Reach/Follower),"Business-Profile, 10–50K Follower; 140K Reels",Global,"7,10",%,Socialinsider – Instagram Reels Performance Statistics 2026,https://www.socialinsider.io/blog/instagram-reels-statistics/,2026 (Jan–Jun),VERIFIED,"Reach in % der Follower; Business-Seiten, keine Theme-Pages"
Reels Reach Rate (Reach/Follower),"Business-Profile, 50–100K Follower; 140K Reels",Global,"5,60",%,Socialinsider – Instagram Reels Performance Statistics 2026,https://www.socialinsider.io/blog/instagram-reels-statistics/,2026 (Jan–Jun),VERIFIED,"Reach in % der Follower; Business-Seiten, keine Theme-Pages"
Reels Reach Rate (Reach/Follower),"Business-Profile, 100K–1M Follower; 140K Reels",Global,"5,00",%,Socialinsider – Instagram Reels Performance Statistics 2026,https://www.socialinsider.io/blog/instagram-reels-statistics/,2026 (Jan–Jun),VERIFIED,"Reach in % der Follower; Business-Seiten, keine Theme-Pages"
Reels Reach Rate nach Länge,Reels 30–60 s = höchste Reach Rate,Global,"5,60",%,Socialinsider – Instagram Reels Performance Statistics 2026,https://www.socialinsider.io/blog/instagram-reels-statistics/,2026 (Jan–Jun),VERIFIED,"Kürzere Reels 5,20 % laut Socialinsider-Zusammenfassung"
Reels Skip Rate,1–5K Follower,Global,"65,5",%,Socialinsider – Instagram Reels Performance Statistics 2026,https://www.socialinsider.io/blog/instagram-reels-statistics/,2026 (Jan–Jun),VERIFIED,"Anteil Zuschauer, die früh wegwischen"
Reels Skip Rate,5–10K Follower,Global,"65,3",%,Socialinsider – Instagram Reels Performance Statistics 2026,https://www.socialinsider.io/blog/instagram-reels-statistics/,2026 (Jan–Jun),VERIFIED,"Anteil Zuschauer, die früh wegwischen"
Reels Skip Rate,10–50K Follower,Global,"63,4",%,Socialinsider – Instagram Reels Performance Statistics 2026,https://www.socialinsider.io/blog/instagram-reels-statistics/,2026 (Jan–Jun),VERIFIED,"Anteil Zuschauer, die früh wegwischen"
Reels Skip Rate,50–100K Follower,Global,"62,6",%,Socialinsider – Instagram Reels Performance Statistics 2026,https://www.socialinsider.io/blog/instagram-reels-statistics/,2026 (Jan–Jun),VERIFIED,"Anteil Zuschauer, die früh wegwischen"
Reels Skip Rate,100K–1M Follower,Global,"60,5",%,Socialinsider – Instagram Reels Performance Statistics 2026,https://www.socialinsider.io/blog/instagram-reels-statistics/,2026 (Jan–Jun),VERIFIED,"Anteil Zuschauer, die früh wegwischen"
Views pro Reel,1–5K Follower; 35 Mio. Posts / 447.613 Seiten,Global,580,Views,Socialinsider – 2026 Instagram Organic Engagement Benchmarks,https://www.socialinsider.io/social-media-benchmarks/instagram,2025 (Jan–Dez),VERIFIED,"gleiches Sample: 3 Kommentare, 1 Save(s) pro Reel"
Views pro Reel,5–10K Follower; 35 Mio. Posts / 447.613 Seiten,Global,1.000,Views,Socialinsider – 2026 Instagram Organic Engagement Benchmarks,https://www.socialinsider.io/social-media-benchmarks/instagram,2025 (Jan–Dez),VERIFIED,"gleiches Sample: 6 Kommentare, 2 Save(s) pro Reel"
Views pro Reel,10–50K Follower; 35 Mio. Posts / 447.613 Seiten,Global,2.460,Views,Socialinsider – 2026 Instagram Organic Engagement Benchmarks,https://www.socialinsider.io/social-media-benchmarks/instagram,2025 (Jan–Dez),VERIFIED,"gleiches Sample: 12 Kommentare, 7 Save(s) pro Reel"
Views pro Reel,50–100K Follower; 35 Mio. Posts / 447.613 Seiten,Global,6.095,Views,Socialinsider – 2026 Instagram Organic Engagement Benchmarks,https://www.socialinsider.io/social-media-benchmarks/instagram,2025 (Jan–Dez),VERIFIED,"gleiches Sample: 22 Kommentare, 22 Save(s) pro Reel"
Views pro Reel,100K–1M Follower; 35 Mio. Posts / 447.613 Seiten,Global,16.035,Views,Socialinsider – 2026 Instagram Organic Engagement Benchmarks,https://www.socialinsider.io/social-media-benchmarks/instagram,2025 (Jan–Dez),VERIFIED,"gleiches Sample: 60 Kommentare, 96 Save(s) pro Reel"
Kommentare pro View (abgeleitet),"Reels, Socialinsider-Tiers 1K–1M (3/580 … 60/16.035)",Global,"0,37–0,60",% der Views,Socialinsider – 2026 Instagram Organic Engagement Benchmarks,https://www.socialinsider.io/social-media-benchmarks/instagram,2025,VERIFIED,eigene Berechnung aus Primärtabellen; ohne Kommentar-CTA
Saves pro View (abgeleitet),"Reels, Socialinsider-Tiers 1K–1M (1/580 … 96/16.035)",Global,"0,17–0,60",% der Views,Socialinsider – 2026 Instagram Organic Engagement Benchmarks,https://www.socialinsider.io/social-media-benchmarks/instagram,2025,VERIFIED,eigene Berechnung
Engagement Rate Reels,Durchschnitt Business-Seiten,Global,"0,52 (2025) / 0,48 (Q2 2026)",%,Socialinsider – 2026 Instagram Organic Engagement Benchmarks,https://www.socialinsider.io/social-media-benchmarks/instagram,2025–2026,VERIFIED,"Carousel 0,55 %/0,50 %; Bild 0,37 %/0,33 %; Engagement −24 % YoY"
Ø Views pro Reel (Mittelwert),"Metricool-Konten, 39,76 Mio. Posts / 1,06 Mio. Konten",Global,"15.492,65",Views,"Metricool – Social Media Study 2026 (39,8 Mio. Posts)",https://metricool.com/wp-content/uploads/Social-Media-Study-2026-EN.pdf,2025,VERIFIED,"Mittelwert, von großen Konten verzerrt"
Ø Reach pro Reel,Metricool-Konten,Global,9.689 (−35 % ggü. 2024: 14.922),Accounts,"Metricool – Social Media Study 2026 (39,8 Mio. Posts)",https://metricool.com/wp-content/uploads/Social-Media-Study-2026-EN.pdf,2025,VERIFIED,starker Reichweitenrückgang 2024→2025
Views/Reach-Verhältnis Reels (abgeleitet),"15.492,65 / 9.689,02",Global,"1,60",Faktor,"Metricool – Social Media Study 2026 (39,8 Mio. Posts)",https://metricool.com/wp-content/uploads/Social-Media-Study-2026-EN.pdf,2025,VERIFIED,eigene Berechnung; Views zählen Wiederholungen
Ø Interaktionen pro Reel,Metricool-Konten,Global,"624,41",Interaktionen,"Metricool – Social Media Study 2026 (39,8 Mio. Posts)",https://metricool.com/wp-content/uploads/Social-Media-Study-2026-EN.pdf,2025,VERIFIED,"Likes 475,93; Kommentare ≈17,00; Saves ≈38,90; Shares 91,51 (Zuordnung Kommentare/Saves aus PDF-Layout abgeleitet)"
Shares pro View (abgeleitet),"91,51 / 15.492,65",Global,"0,59",% der Views,"Metricool – Social Media Study 2026 (39,8 Mio. Posts)",https://metricool.com/wp-content/uploads/Social-Media-Study-2026-EN.pdf,2025,VERIFIED,eigene Berechnung
Kommentare pro View (abgeleitet),"≈17,00 / 15.492,65",Global,"0,11",% der Views,"Metricool – Social Media Study 2026 (39,8 Mio. Posts)",https://metricool.com/wp-content/uploads/Social-Media-Study-2026-EN.pdf,2025,VERIFIED,eigene Berechnung; Basisrate ohne Keyword-CTA
Ø Watch Time pro Reel,"24,36 Mio. IG-Posts, 375.118 Konten; Jan–Feb 2026 vs. 2025",Global,"8,5",Sekunden,Metricool – Press Release Instagram Study 2026,https://metricool.com/press-release-instagram-study-2026/,2026,VERIFIED,Reels ca. 30 % weniger Views als TikTok-Videos
"Ø Views pro Reel (Mittelwert, Marken)","3.300 globale Marken ≥1K Follower, Jul–Dez 2025",Global,283.000 Views / 182.000 Reach,Views,Dash Social – Instagram Reels Stats and Benchmarks,https://www.dashsocial.com/blog/instagram-reels-performance-benchmarks,2025 (H2),VERIFIED,"Shares 1.300, Saves 618 → Shares/View 0,46 %, Saves/View 0,22 % (eigene Berechnung); große Marken"
Views pro Reel nach Branche,Beauty 138K; Retail 125K; Food & Beverage 126K; Luxury 249K; Media 545K,Global,125.000–545.000,Views,Dash Social – Instagram Reels Stats and Benchmarks,https://www.dashsocial.com/blog/instagram-reels-performance-benchmarks,2025 (H2),VERIFIED,"Engagement: Home & Fashion 0,1 %; Beauty/Retail 0,2 %; F&B/Luxury 0,3 %"
IG Median Engagement Rate pro Post (by follower),"2.100 Unternehmen, 14 Branchen (150 je Branche), ≥5K IG-Follower",Global,"0,36",%,Rival IQ – 2025 Social Media Industry Benchmark Report (PDF),https://get.rivaliq.com/hubfs/eBooks/2025-Social-Media-Industry-Benchmark-Report.pdf,2025-Report (Daten 2024),VERIFIED,"Median 4,5 Posts/Woche; Carousels vor Reels"
Reels Median Reach Engagement Rate,"1.285 Profile / 304.412 Posts, NA/EU/APAC",Global,"2,2 (2024) vs. 2,6 (2023)",%,Emplifi – Social Media Benchmarks Report 2025 (PDF),https://go.emplifi.io/rs/284-ENW-442/images/Emplifi-Social-Media-Benchmarks-Report-2025.pdf,2024,VERIFIED,"TikTok 1,7 %; Reels = 38 % der Marken-Posts Ende 2024"
"Views pro Follower (Reels, Median)","Creator 10k–50k; unteres Quartil <32 %, oberes Quartil >229 %",Global,112,% der Follower,Sup Growth – Average Instagram Reel Views by Follower Count (2026),https://supgrowth.com/2026/09/09/average-instagram-reel-views-by-followers/,2026,THIRD-PARTY ESTIMATE,"n=223 Creator aus Sup-Verzeichnis; kleines, selektives Sample"
"Views pro Follower (Reels, Median)","Creator 50k–100k; unteres Quartil <48 %, oberes Quartil >153 %",Global,81,% der Follower,Sup Growth – Average Instagram Reel Views by Follower Count (2026),https://supgrowth.com/2026/09/09/average-instagram-reel-views-by-followers/,2026,THIRD-PARTY ESTIMATE,"n=223 Creator aus Sup-Verzeichnis; kleines, selektives Sample"
"Views pro Follower (Reels, Median)","Creator 100k–500k; unteres Quartil <28 %, oberes Quartil >90 %",Global,47,% der Follower,Sup Growth – Average Instagram Reel Views by Follower Count (2026),https://supgrowth.com/2026/09/09/average-instagram-reel-views-by-followers/,2026,THIRD-PARTY ESTIMATE,"n=223 Creator aus Sup-Verzeichnis; kleines, selektives Sample"
"Views pro Follower (Reels, Median)","Creator 500k+; unteres Quartil <33 %, oberes Quartil >109 %",Global,54,% der Follower,Sup Growth – Average Instagram Reel Views by Follower Count (2026),https://supgrowth.com/2026/09/09/average-instagram-reel-views-by-followers/,2026,THIRD-PARTY ESTIMATE,"n=223 Creator aus Sup-Verzeichnis; kleines, selektives Sample"
Anteil Reels-Views von Nicht-Followern,"weit zitiert, meist Meta/Sprout zugeschrieben",Global,55,%,Upgrow – Instagram Reels Statistics 2026,https://www.upgrow.com/blog/instagram-reels-statistics-2026-views-watch-time-reach-engagement,2026 (angeblich),UNKNOWN,Primärquelle nicht auffindbar; nur als Größenordnung nutzen
Views als Hauptmetrik aller Formate,Instagram-Ankündigung; Wiederholungs-Views zählen,Global,seit 08/2024 (API-Umstellung 21.04.2025 lt. Sekundärquellen),–,Social Media Today – Instagram Updates Metrics to Focus Creators on Views (07.08.2024),https://www.socialmediatoday.com/news/instagram-updates-metrics-to-focus-creators-on-views/723645/,2024,VERIFIED,Mosseri: >50 % der Feed-Inhalte stammen von nicht gefolgten Konten (Plattformaussage)
Reels-Ranking-Signale (offiziell),"Wahrscheinlichkeit Reshare, Durchschauen, Like, Audio-Seite; weniger Sichtbarkeit für Wasserzeichen/recycelte/textlastige Reels",Global,qualitativ,–,Instagram – Instagram Ranking Explained (31.05.2023),https://about.instagram.com/blog/announcements/instagram-ranking-explained,2023,VERIFIED,Primärquelle Instagram
Top-3-Signale lt. Mosseri,"Watch Time, Likes per Reach, Sends per Reach (Sends wichtiger für Nicht-Follower-Reichweite)",Global,qualitativ,–,Dataslayer – Instagram Algorithm 2026: Ranking Signals Mosseri Confirmed,https://www.dataslayer.ai/blog/instagram-algorithm-2025-complete-guide-for-marketers,2025 (Jan),CLAIMED,"Plattformaussage, via Sekundärquelle"
Originalitäts-/Aggregator-Regel,"Konten, die überwiegend fremde, nicht wesentlich veränderte Inhalte posten, werden nicht mehr empfohlen; für Reels bereits vorher aktiv, ab 30.04.2026 auch Fotos/Carousels",Global,qualitativ,–,TechCrunch – Instagram cracks down on content aggregators (30.04.2026),https://techcrunch.com/2026/04/30/instagram-restricts-reach-of-content-aggregators-in-new-crackdown/,2026,VERIFIED,'low-effort edits … don't count' – kritisch für KI-/Faceless-Theme-Pages
Schwelle Aggregator-Regel,≥10 Reposts fremder Inhalte in 30 Tagen → keine Empfehlungen,Global,10 in 30 Tagen,Posts,Tubefilter – Instagram penalty for unoriginal content aggregators (30.04.2026),https://www.tubefilter.com/2026/04/30/instagram-removes-algorithm-recommendations-repost-content-aggregator/,2026,THIRD-PARTY ESTIMATE,"nur über Such-Snippet erfasst, nicht direkt geprüft"
Trial Reels,"Reel zuerst nur an Nicht-Follower ausspielen, Auswertung nach ~24 h",Global,seit 12/2024,–,Dataslayer – Instagram Algorithm 2026: Ranking Signals Mosseri Confirmed,https://www.dataslayer.ai/blog/instagram-algorithm-2025-complete-guide-for-marketers,2024–2026,THIRD-PARTY ESTIMATE,Sekundärquellen
TikTok Views pro Video (Vergleich),1–5K Follower; 2 Mio. Videos / 214.507 Profile,Global,350,Views,Socialinsider – 2026 TikTok Benchmarks,https://www.socialinsider.io/social-media-benchmarks/tiktok,2025,VERIFIED,"TikTok-ER by views 4,20 % (2025)"
TikTok Views pro Video (Vergleich),5–10K Follower; 2 Mio. Videos / 214.507 Profile,Global,945,Views,Socialinsider – 2026 TikTok Benchmarks,https://www.socialinsider.io/social-media-benchmarks/tiktok,2025,VERIFIED,"TikTok-ER by views 4,20 % (2025)"
TikTok Views pro Video (Vergleich),10–50K Follower; 2 Mio. Videos / 214.507 Profile,Global,3.240,Views,Socialinsider – 2026 TikTok Benchmarks,https://www.socialinsider.io/social-media-benchmarks/tiktok,2025,VERIFIED,"TikTok-ER by views 4,20 % (2025)"
TikTok Views pro Video (Vergleich),50–100K Follower; 2 Mio. Videos / 214.507 Profile,Global,9.900,Views,Socialinsider – 2026 TikTok Benchmarks,https://www.socialinsider.io/social-media-benchmarks/tiktok,2025,VERIFIED,"TikTok-ER by views 4,20 % (2025)"
TikTok Views pro Video (Vergleich),100K–1M Follower; 2 Mio. Videos / 214.507 Profile,Global,34.900,Views,Socialinsider – 2026 TikTok Benchmarks,https://www.socialinsider.io/social-media-benchmarks/tiktok,2025,VERIFIED,"TikTok-ER by views 4,20 % (2025)"
TikTok Ø Views / YouTube Ø Views pro Video,Metricool-Konten,Global,"28.483 (TikTok, −17 %) / 687 (YouTube, +76 %)",Views,"Metricool – Social Media Study 2026 (39,8 Mio. Posts)",https://metricool.com/wp-content/uploads/Social-Media-Study-2026-EN.pdf,2025,VERIFIED,Vergleichswerte
Outbound-CTR Linktree-Seite (Instagram-Traffic),Linktree-Seitenaufruf → Klick auf einen Link; interne Daten Mai 2025–Apr 2026,Global,80–95,% der Linktree-Views,"Linktree – Not All Clicks Are Equal: A Year of Linktree Traffic, by Source (13.05.2026)",https://linktr.ee/blog/not-all-clicks-are-equal-a-year-of-linktree-traffic-by-source,2026,CLAIMED,"TikTok ebenfalls 80–95 %, Facebook 30–45 %; IG ≈11 Mrd. Views auf Linktree-Seiten/Jahr (≈4× TikTok)"
Bio-Link-CTR (Profilbesuch → Linkklick),"Praxisbeobachtung, keine Methodik",Global,1–3,% der Profilbesuche,CreatorFlow – Instagram Reels to DM to Affiliate Click,https://creatorflow.so/blog/instagram-reels-dm-affiliate-funnel/,2026,THIRD-PARTY ESTIMATE,unbelegt ('industry observation')
Profilbesuche pro Reel-View,kein öffentlicher Benchmark gefunden,Global,n/a,%,–,,–,UNKNOWN,Datenlücke – nur über eigene Insights messbar
Story-Link-Sticker-CTR,kein Industriestandard publiziert (Stand Mai 2026); anekdotisch,Global,1–5,% der Story-Viewer,CreatorFlow – Instagram Story Link Sticker,https://creatorflow.so/blog/instagram-story-link-sticker/,2026,THIRD-PARTY ESTIMATE,nur Such-Snippet; Creator-Anekdoten
Story Reach Rate,"1–5K Follower; Bild 9,55 % / Video 10,40 %; 161.180 Stories",Global,"10,40",% der Follower (Video),Socialinsider – Instagram Stories Benchmarks 2025,https://www.socialinsider.io/social-media-benchmarks/instagram-stories-benchmarks,2025 (Jan–Mai),VERIFIED,"23,8 % Exit nach Slide 1"
Story Reach Rate,"5–10K Follower; Bild 3,50 % / Video 4,20 %; 161.180 Stories",Global,"4,20",% der Follower (Video),Socialinsider – Instagram Stories Benchmarks 2025,https://www.socialinsider.io/social-media-benchmarks/instagram-stories-benchmarks,2025 (Jan–Mai),VERIFIED,"23,8 % Exit nach Slide 1"
Story Reach Rate,"10–50K Follower; Bild 1,35 % / Video 2,00 %; 161.180 Stories",Global,"2,00",% der Follower (Video),Socialinsider – Instagram Stories Benchmarks 2025,https://www.socialinsider.io/social-media-benchmarks/instagram-stories-benchmarks,2025 (Jan–Mai),VERIFIED,"23,8 % Exit nach Slide 1"
Story Reach Rate,"50–100K Follower; Bild 0,55 % / Video 0,65 %; 161.180 Stories",Global,"0,65",% der Follower (Video),Socialinsider – Instagram Stories Benchmarks 2025,https://www.socialinsider.io/social-media-benchmarks/instagram-stories-benchmarks,2025 (Jan–Mai),VERIFIED,"23,8 % Exit nach Slide 1"
Story Reach Rate,"100K–1M Follower; Bild 0,50 % / Video 0,65 %; 161.180 Stories",Global,"0,65",% der Follower (Video),Socialinsider – Instagram Stories Benchmarks 2025,https://www.socialinsider.io/social-media-benchmarks/instagram-stories-benchmarks,2025 (Jan–Mai),VERIFIED,"23,8 % Exit nach Slide 1"
Story Completion / Exit Rate,"2.000+ Marken ≥1K Follower, H1 2025",Global,70 / 5,%,Dash Social – Instagram Stories Engagement Benchmarks (2026),https://www.dashsocial.com/blog/every-instagram-stories-performance-benchmark-you-need-to-know,2025,VERIFIED,"Klein (<190K): 68,3 % / 6,0 %"
Keyword-Kommentarrate bei 'Kommentiere LINK'-CTA,"Praxis-Spanne, keine Methodik",Global,"0,5–2",% der Views,CreatorFlow – Instagram Reels to DM to Affiliate Click,https://creatorflow.so/blog/instagram-reels-dm-affiliate-funnel/,2026,THIRD-PARTY ESTIMATE,"unbelegt; organische Basis 0,1–0,6 % (Metricool/Socialinsider)"
DM-Link-Klickrate (Comment-to-DM),Praxis-Spanne,Global,12–30,% der gesendeten DMs,CreatorFlow – Instagram Reels to DM to Affiliate Click,https://creatorflow.so/blog/instagram-reels-dm-affiliate-funnel/,2026,THIRD-PARTY ESTIMATE,unbelegt
DM-Link-CTR (high-intent),ohne Quellenangabe,Global,18–35,% der Empfänger,CommuniPass – Auto DM Statistics 2026,https://communipass.com/blog/auto-dm-statistics-2026-open-rates-conversion-benchmarks/,2026,THIRD-PARTY ESTIMATE,E-Mail-Vergleich 2–4 %
DM-Öffnungsrate Comment-getriggert,zitiert 'Inrō 2026 DM Funnel Playbook',Global,85–92 (gesamt 70–90),%,CommuniPass – Auto DM Statistics 2026,https://communipass.com/blog/auto-dm-statistics-2026-open-rates-conversion-benchmarks/,2026,CLAIMED,Tool-Anbieter-Angabe
Storefront-Link-CTR per DM: manuell vs. automatisiert,manuell (4 h Verzögerung) 12 % vs. sofort 28 %,US,12 → 28,% der Empfänger,CreatorFlow – Amazon Influencer Instagram DM Automation,https://creatorflow.so/blog/amazon-influencer-storefront-automation-stop-manually-sending-link/,2026,CLAIMED,nur Such-Snippet; Anbieter eines DM-Tools
Link-Anfragen pro Reel (Amazon-Influencer),Single-Product 50–100; Haul-Reels 200–500+; Ø 80 Anfragen/Post; 30 % CTR; 4 % CVR,US,50–500,Kommentare/DM-Anfragen,CreatorFlow – How Amazon Influencers Earn $5K/Month on Instagram,https://creatorflow.so/blog/amazon-influencer-scale-instagram-commissions/,2026,CLAIMED,"keine Views-Basis, unbelegt"
Comment-to-DM-Effekt auf Kommentare,6.000 US-Creator ≥1K Follower (3.000 mit / 3.000 ohne DM-Automation),US,+40 bis +150,% Kommentare/Post,HypeAuditor x Manychat – How comment-triggered DMs increase engagement,https://hypeauditor.com/manychat/,2025–2026,CLAIMED,"Micro: 46 vs. 18 Kommentare/Post; Korrelation, keine Klickdaten"
Manychat Case Amy Porterfield,Comment-to-DM für Buchangebot,US,924 Käufe / 2.650 Leads,absolut,Manychat – Success Story Amy Porterfield,https://manychat.com/blog/success-stories/amy-porterfield/,o. J.,CLAIMED,keine Views/CTR – nicht auf Views normierbar (nur Such-Snippet)
Case: DM-Automation,vorher 50K Views/0 Sales → nachher 30K Views/$1.200 Sales,–,1.200,USD,CreatorFlow – Turn Reels Views Into DM Sales,https://creatorflow.so/blog/reels-views-to-sales-dm-automation/,2026,CLAIMED,"unbelegt, Einzelfall (nur Such-Snippet)"
Pinterest Outbound-CTR (abgeleitet),"1,91 External Clicks / 374,72 Impressions pro Pin (Metricool-Konten)",Global,"0,51 (2025) / 0,66 (2024)",% der Impressions,"Metricool – Social Media Study 2026 (39,8 Mio. Posts)",https://metricool.com/wp-content/uploads/Social-Media-Study-2026-EN.pdf,2024–2025,VERIFIED,eigene Berechnung; ≈5 Outbound-Klicks pro 1.000 Pin-Impressions
Instagram native Affiliate-Links in Reels,"bis 30 Produkte/Reel; Impact, Rakuten, Shopify Collabs; Amazon/Shopee geplant","IN, US, BR, ID, TH",seit ca. Ende 03/2026,–,Affiverse – Instagram Relaunches Creator Affiliate Commerce,https://www.affiversemedia.com/instagram-relaunches-creator-affiliate-commerce-the-shop-the-look-mess-is-the-harder-problem/,2026,THIRD-PARTY ESTIMATE,"≥1.000 Follower, 18+ (Sekundärberichte); NICHT in DE/UK gemeldet; keine CTR-Daten"
Instagram native Affiliate-Links – Märkte,Mosseri-Zitat; Rollout,"IN, US, BR, ID, TH",5 Märkte,Märkte,Social Samosa – How to add affiliate links to Instagram Reels,https://www.socialsamosa.com/how-to-2/affiliate-links-instagram-reels-creator-earnings-11496171,2026,THIRD-PARTY ESTIMATE,Produkte müssen in Meta-Katalog sein (Metricool)
TikTok vs. IG Affiliate-Link-Engagement,TikTok-Links ≈160 % höheres Engagement,Global,160,%,Affiverse – Instagram Relaunches Creator Affiliate Commerce,https://www.affiversemedia.com/instagram-relaunches-creator-affiliate-commerce-the-shop-the-look-mess-is-the-harder-problem/,2026,UNKNOWN,Herkunft der Zahl unklar
TikTok Bio-Link-CTR,kein Benchmark gefunden,Global,n/a,%,–,,–,UNKNOWN,Datenlücke
YouTube Shorts Produkt-Tag / Shopping-CTR,kein Benchmark gefunden,Global,n/a,%,–,,–,UNKNOWN,Datenlücke
Branded Short Links CTR-Uplift,Geniuslink-Aussage,Global,bis +39,%,Geniuslink – How to Promote Amazon Affiliate Links on Social Media,https://geniuslink.com/blog/promote-amazon-affiliate-links-on-social-media/,2026,CLAIMED,Anbieterwerbung
E-Commerce-CVR gesamt,Dynamic-Yield-Kundenbasis (400+ Enterprise-Marken; 200 Mio. monatl. Unique Users / 300 Mio. Sessions); 12 Monate bis Juli,Global,"2,72",%,Dynamic Yield XP² – eCommerce conversion rate benchmarks,https://marketing.dynamicyield.com/benchmarks/conversion-rate/,2025–2026,VERIFIED,"alle Traffic-Quellen, inkl. Stammkunden"
E-Commerce-CVR nach Kategorie,Beauty & Personal Care (12-Monats-Ø),Global,"5,39",%,Dynamic Yield XP² – eCommerce conversion rate benchmarks,https://marketing.dynamicyield.com/benchmarks/conversion-rate/,2025–2026,VERIFIED,"Juli-Werte: Pet 7,68 %, Home 1,5 %, Consumer Goods 1,61 %"
E-Commerce-CVR nach Kategorie,Food & Beverage (12-Monats-Ø),Global,"4,80",%,Dynamic Yield XP² – eCommerce conversion rate benchmarks,https://marketing.dynamicyield.com/benchmarks/conversion-rate/,2025–2026,VERIFIED,"Juli-Werte: Pet 7,68 %, Home 1,5 %, Consumer Goods 1,61 %"
E-Commerce-CVR nach Kategorie,Pet Care & Veterinary (12-Monats-Ø),Global,"4,71",%,Dynamic Yield XP² – eCommerce conversion rate benchmarks,https://marketing.dynamicyield.com/benchmarks/conversion-rate/,2025–2026,VERIFIED,"Juli-Werte: Pet 7,68 %, Home 1,5 %, Consumer Goods 1,61 %"
E-Commerce-CVR nach Kategorie,Multi-Brand Retail (12-Monats-Ø),Global,"3,01",%,Dynamic Yield XP² – eCommerce conversion rate benchmarks,https://marketing.dynamicyield.com/benchmarks/conversion-rate/,2025–2026,VERIFIED,"Juli-Werte: Pet 7,68 %, Home 1,5 %, Consumer Goods 1,61 %"
E-Commerce-CVR nach Kategorie,"Fashion, Accessories & Apparel (12-Monats-Ø)",Global,"2,77",%,Dynamic Yield XP² – eCommerce conversion rate benchmarks,https://marketing.dynamicyield.com/benchmarks/conversion-rate/,2025–2026,VERIFIED,"Juli-Werte: Pet 7,68 %, Home 1,5 %, Consumer Goods 1,61 %"
E-Commerce-CVR nach Kategorie,Consumer Goods (inkl. Elektronik-nahe Güter) (12-Monats-Ø),Global,"2,47",%,Dynamic Yield XP² – eCommerce conversion rate benchmarks,https://marketing.dynamicyield.com/benchmarks/conversion-rate/,2025–2026,VERIFIED,"Juli-Werte: Pet 7,68 %, Home 1,5 %, Consumer Goods 1,61 %"
E-Commerce-CVR nach Kategorie,Home & Furniture (12-Monats-Ø),Global,"1,22",%,Dynamic Yield XP² – eCommerce conversion rate benchmarks,https://marketing.dynamicyield.com/benchmarks/conversion-rate/,2025–2026,VERIFIED,"Juli-Werte: Pet 7,68 %, Home 1,5 %, Consumer Goods 1,61 %"
E-Commerce-CVR nach Kategorie,Luxury & Jewelry (12-Monats-Ø),Global,"0,72",%,Dynamic Yield XP² – eCommerce conversion rate benchmarks,https://marketing.dynamicyield.com/benchmarks/conversion-rate/,2025–2026,VERIFIED,"Juli-Werte: Pet 7,68 %, Home 1,5 %, Consumer Goods 1,61 %"
E-Commerce-CVR nach Gerät,"Mobile 2,88 / Tablet 2,85 / Desktop 2,37",Global,"2,88 (Mobile)",%,Dynamic Yield XP² – eCommerce conversion rate benchmarks,https://marketing.dynamicyield.com/benchmarks/conversion-rate/,2025–2026,VERIFIED,DY-Sonderfall: Mobile > Desktop (andere Quellen umgekehrt)
E-Commerce-CVR nach Region,"EMEA 2,89 / Americas 2,66 / APAC 1,51",EMEA/Americas,"2,89 / 2,66",%,Dynamic Yield XP² – eCommerce conversion rate benchmarks,https://marketing.dynamicyield.com/benchmarks/conversion-rate/,2025–2026,VERIFIED,keine Länderwerte DE/US/UK
E-Commerce-CVR nach Kategorie (Juni 2026),"Pet 5,7; Beauty 5,32; F&B 4,58; Fashion 2,77; Consumer Goods 1,76; Home 1,29; Luxury 0,63; gesamt 2,66",Global,"0,63–5,7",%,Shopify Blog – Ecommerce Conversion Rate (zitiert Dynamic Yield/Contentsquare),https://www.shopify.com/blog/ecommerce-conversion-rate,2026 (Juni),THIRD-PARTY ESTIMATE,Dynamic Yield via Shopify zitiert
E-Commerce-CVR gesamt UK,"IRP-Händler UK, Session-CVR",UK,"2,23 (Aug 2026) vs. 1,85 (Aug 2025)",%,IRP Commerce – Ecommerce Market Data (UK) August 2026,https://www.irpcommerce.com/en/gb/ecommercemarketdata.aspx,2026,VERIFIED,"Mobile = 63,7 % des Umsatzes"
E-Commerce-CVR nach Kategorie,Arts and Crafts,UK,"5,81",%,IRP Commerce – Ecommerce Market Data (UK) August 2026,https://www.irpcommerce.com/en/gb/ecommercemarketdata.aspx,2026 (Aug),VERIFIED,Session-basiert; IRP-Händler (eher KMU)
E-Commerce-CVR nach Kategorie,Health and Wellbeing,UK,"3,31",%,IRP Commerce – Ecommerce Market Data (UK) August 2026,https://www.irpcommerce.com/en/gb/ecommercemarketdata.aspx,2026 (Aug),VERIFIED,Session-basiert; IRP-Händler (eher KMU)
E-Commerce-CVR nach Kategorie,Kitchen & Home Appliances,UK,"2,98",%,IRP Commerce – Ecommerce Market Data (UK) August 2026,https://www.irpcommerce.com/en/gb/ecommercemarketdata.aspx,2026 (Aug),VERIFIED,Session-basiert; IRP-Händler (eher KMU)
E-Commerce-CVR nach Kategorie,Pet Care,UK,"2,56",%,IRP Commerce – Ecommerce Market Data (UK) August 2026,https://www.irpcommerce.com/en/gb/ecommercemarketdata.aspx,2026 (Aug),VERIFIED,Session-basiert; IRP-Händler (eher KMU)
E-Commerce-CVR nach Kategorie,Sports and Recreation,UK,"2,11",%,IRP Commerce – Ecommerce Market Data (UK) August 2026,https://www.irpcommerce.com/en/gb/ecommercemarketdata.aspx,2026 (Aug),VERIFIED,Session-basiert; IRP-Händler (eher KMU)
E-Commerce-CVR nach Kategorie,Fashion Clothing & Accessories,UK,"1,86",%,IRP Commerce – Ecommerce Market Data (UK) August 2026,https://www.irpcommerce.com/en/gb/ecommercemarketdata.aspx,2026 (Aug),VERIFIED,Session-basiert; IRP-Händler (eher KMU)
E-Commerce-CVR nach Kategorie,Cars and Motorcycling,UK,"1,86",%,IRP Commerce – Ecommerce Market Data (UK) August 2026,https://www.irpcommerce.com/en/gb/ecommercemarketdata.aspx,2026 (Aug),VERIFIED,Session-basiert; IRP-Händler (eher KMU)
E-Commerce-CVR nach Kategorie,"Toys, Games & Collectables",UK,"1,64",%,IRP Commerce – Ecommerce Market Data (UK) August 2026,https://www.irpcommerce.com/en/gb/ecommercemarketdata.aspx,2026 (Aug),VERIFIED,Session-basiert; IRP-Händler (eher KMU)
E-Commerce-CVR nach Kategorie,Food & Drink,UK,"1,58",%,IRP Commerce – Ecommerce Market Data (UK) August 2026,https://www.irpcommerce.com/en/gb/ecommercemarketdata.aspx,2026 (Aug),VERIFIED,Session-basiert; IRP-Händler (eher KMU)
E-Commerce-CVR nach Kategorie,Baby & Child,UK,"0,57",%,IRP Commerce – Ecommerce Market Data (UK) August 2026,https://www.irpcommerce.com/en/gb/ecommercemarketdata.aspx,2026 (Aug),VERIFIED,Session-basiert; IRP-Händler (eher KMU)
Kanal-Kosten (CPA % vom Umsatz) UK,"Google PPC 11,15; E-Mail 0,88; AWIN 5,64; Bing 9,96; Facebook Paid 51,95",UK,"51,95 (Facebook Paid)",% vom Umsatz,IRP Commerce – Ecommerce Market Data (UK) August 2026,https://www.irpcommerce.com/en/gb/ecommercemarketdata.aspx,2026 (Aug),VERIFIED,"indirekter Beleg: Paid-Social-Traffic monetarisiert deutlich schlechter; Facebook Paid nur 0,37 % der Umsätze"
Umsatzanteil Affiliate-Kanal UK,"Affiliate Marketing 5 %; AWIN 4,51 % (Ø CPA 7,40 %)",UK,5,% vom Umsatz,IRP Commerce – AWIN Channel Performance Data August 2026,https://www.irpcommerce.com/en/gb/AWIN-Performance-Data/Channel-13.aspx,2026 (Aug),VERIFIED,
Shopify-CVR gesamt,2.800 Shopify-Shops,Global,"1,4 (Top 20 %: >3,2; Top 10 %: >4,7)",%,Littledata – Average ecommerce conversion rate (Shopify),https://www.littledata.io/average/ecommerce-conversion-rate-(all-devices),2023,VERIFIED,"Fashion 1,9 %; Food & Beverage 1,5 %"
Shopify-CVR Mobile vs. Desktop,2.800 Shopify-Shops,Global,"1,2 vs. 1,9",%,Littledata – Average ecommerce conversion rate (Shopify),https://www.littledata.io/average/ecommerce-conversion-rate-(all-devices),2023,VERIFIED,Mobile ≈ −37 % ggü. Desktop
CVR Desktop vs. Mobile,"Contentsquare Benchmark (99 Mrd. Sessions, 6.500+ Sites, Q4/2024–Q4/2025)",Global,"3,7 vs. 2,0",%,Shopify Blog – Ecommerce Conversion Rate (zitiert Dynamic Yield/Contentsquare),https://www.shopify.com/blog/ecommerce-conversion-rate,2026,THIRD-PARTY ESTIMATE,"via Shopify zitiert; Mobile = 69,9 % der Visits; CVR gesamt −5,1 % YoY (Contentsquare direkt)"
CVR Mobile (Statista via Capital One),"Mobile 2,3 %, 11,5 % unter Desktop",Global,"2,3",%,Capital One Shopping – Mobile eCommerce Statistics,https://capitaloneshopping.com/research/mobile-ecommerce-statistics/,2026,THIRD-PARTY ESTIMATE,
Amazon-Affiliate-CVR Amazon.com,"Geniuslink-Kunden, >400K Klicks, ≈$40K Provision, Q1 2022",US,"11,10",% (Klick → Bestellung lt. Amazon-Report),Geniuslink – Under- or over-performing? EPC & conversion rates (Q1 2022),https://geniuslink.com/blog/under-or-over-performing-epc-conversion-rates/,2022,VERIFIED,"Anbieter-Primärdaten; alle Retailer Ø 2,3 %"
Amazon-Affiliate-CVR alle 17 Amazon-Programme,Geniuslink Q1 2022,Global,"6,7",%,Geniuslink – Under- or over-performing? EPC & conversion rates (Q1 2022),https://geniuslink.com/blog/under-or-over-performing-epc-conversion-rates/,2022,VERIFIED,"Spanne 0,83 % (BR) bis 11,1 % (US)"
Amazon-Affiliate-CVR Amazon.de,Geniuslink Q1 2022,DE,"5,94",%,Geniuslink – Under- or over-performing? EPC & conversion rates (Q1 2022),https://geniuslink.com/blog/under-or-over-performing-epc-conversion-rates/,2022,VERIFIED,"Amazon.ca 7,96 %; Amazon.co.jp 6,21 %"
Amazon-Affiliate-CVR 'Benchmark',"Geniuslink-Blog; Case 3,2 % → 7,1 %",US,4–8,%,Geniuslink – 13 Proven Tactics to Increase Amazon Affiliate Revenue,https://geniuslink.com/blog/13-proven-tactics-to-increase-amazon-affiliate-revenue/,2026,CLAIMED,Werbeaussage eines Link-Tools
Amazon-CVR Social-Traffic (Case),"Fitness-Creator, Start-CVR vor Optimierung; EPC $0,04 → $0,22",US,"0,5",%,Geniuslink – How to Promote Amazon Affiliate Links on Social Media,https://geniuslink.com/blog/promote-amazon-affiliate-links-on-social-media/,2026,CLAIMED,Einzelfall; Mobile-Deep-Link +40 % CVR
Mobile App-Deep-Linking Uplift,Geniuslink-Aussage,Global,"7,9×",CVR-Faktor,Geniuslink – 13 Proven Tactics to Increase Amazon Affiliate Revenue,https://geniuslink.com/blog/13-proven-tactics-to-increase-amazon-affiliate-revenue/,2026,CLAIMED,Hinweis auf In-App-Browser-Problem bei Social-Traffic
Amazon Cookie / Halo-Mechanik,24-h-Session ab Klick; Artikel im Warenkorb bis 89 Tage; ALLE qualifizierten Käufe der Session provisionspflichtig,US/DE,24 h / 89 Tage,Zeit,Amazon Associates – Program Policies (US),https://affiliate-program.amazon.com/help/operating/policies,2026,VERIFIED,Halo-Anteil (nicht verlinkte Produkte) öffentlich NICHT beziffert
Affiliate-Netzwerk-CVR/EPC nach Kategorie (Awin/CJ/Impact/Rakuten),Awin-Merchant-KPIs nur nach Login,–,n/a,%,–,,–,UNKNOWN,Datenlücke
AOV gesamt,"Dynamic Yield, 12 Monate",Global,192,USD,Dynamic Yield XP² – Average order value benchmarks,https://marketing.dynamicyield.com/benchmarks/average-order-value/,2025–2026,VERIFIED,Datenqualitäts-Hinweis: Juli-Werte mit −127 bis −150 % (mathematisch unmöglich) → Datenfehler im Dashboard
AOV nach Region,EMEA 219 / Americas 159 / APAC 120,EMEA/Americas,219 / 159,USD,Dynamic Yield XP² – Average order value benchmarks,https://marketing.dynamicyield.com/benchmarks/average-order-value/,2025–2026,VERIFIED,
AOV nach Gerät,Desktop 265 / Mobile 169 / Tablet 164,Global,169 (Mobile),USD,Dynamic Yield XP² – Average order value benchmarks,https://marketing.dynamicyield.com/benchmarks/average-order-value/,2025–2026,VERIFIED,Mobile ≈ −36 % ggü. Desktop
AOV nach Kategorie,Luxury & Jewelry (12-M-Ø),Global,426,USD,Dynamic Yield XP² – Average order value benchmarks,https://marketing.dynamicyield.com/benchmarks/average-order-value/,2026,VERIFIED,Enterprise-Marken → eher hoch; Werte mit Vorsicht
AOV nach Kategorie,"Fashion, Accessories & Apparel (Juni)",Global,303,USD,Dynamic Yield XP² – Average order value benchmarks,https://marketing.dynamicyield.com/benchmarks/average-order-value/,2026,VERIFIED,Enterprise-Marken → eher hoch; Werte mit Vorsicht
AOV nach Kategorie,Home & Furniture (Juni),Global,288,USD,Dynamic Yield XP² – Average order value benchmarks,https://marketing.dynamicyield.com/benchmarks/average-order-value/,2026,VERIFIED,Enterprise-Marken → eher hoch; Werte mit Vorsicht
AOV nach Kategorie,Consumer Goods (Juni),Global,247,USD,Dynamic Yield XP² – Average order value benchmarks,https://marketing.dynamicyield.com/benchmarks/average-order-value/,2026,VERIFIED,Enterprise-Marken → eher hoch; Werte mit Vorsicht
AOV nach Kategorie,Multi-Brand Retail (Juni),Global,121,USD,Dynamic Yield XP² – Average order value benchmarks,https://marketing.dynamicyield.com/benchmarks/average-order-value/,2026,VERIFIED,Enterprise-Marken → eher hoch; Werte mit Vorsicht
AOV nach Kategorie,Food & Beverage (Juni),Global,96,USD,Dynamic Yield XP² – Average order value benchmarks,https://marketing.dynamicyield.com/benchmarks/average-order-value/,2026,VERIFIED,Enterprise-Marken → eher hoch; Werte mit Vorsicht
AOV nach Kategorie,Beauty & Personal Care (Juni),Global,78,USD,Dynamic Yield XP² – Average order value benchmarks,https://marketing.dynamicyield.com/benchmarks/average-order-value/,2026,VERIFIED,Enterprise-Marken → eher hoch; Werte mit Vorsicht
AOV nach Kategorie,Pet Care (12-M-Ø; Juni 58),Global,62,USD,Dynamic Yield XP² – Average order value benchmarks,https://marketing.dynamicyield.com/benchmarks/average-order-value/,2026,VERIFIED,Enterprise-Marken → eher hoch; Werte mit Vorsicht
AOV gesamt UK,"IRP-Händler; Ø Artikelpreis £66,44",UK,"129,23 (Aug 2026; Vorjahr 121,59)",GBP,IRP Commerce – Ecommerce Market Data (UK) August 2026,https://www.irpcommerce.com/en/gb/ecommercemarketdata.aspx,2026,VERIFIED,inkl. MwSt.
AOV nach Kategorie,Fashion Clothing & Accessories,UK,"78,24",GBP,IRP Commerce – Ecommerce Market Data (UK) August 2026,https://www.irpcommerce.com/en/gb/ecommercemarketdata.aspx,2026 (Aug),VERIFIED,inkl. MwSt.
AOV nach Kategorie,Health and Wellbeing,UK,"48,78",GBP,IRP Commerce – Ecommerce Market Data (UK) August 2026,https://www.irpcommerce.com/en/gb/ecommercemarketdata.aspx,2026 (Aug),VERIFIED,inkl. MwSt.
AOV nach Kategorie,Kitchen & Home Appliances,UK,"59,05",GBP,IRP Commerce – Ecommerce Market Data (UK) August 2026,https://www.irpcommerce.com/en/gb/ecommercemarketdata.aspx,2026 (Aug),VERIFIED,inkl. MwSt.
AOV nach Kategorie,Pet Care,UK,"81,71",GBP,IRP Commerce – Ecommerce Market Data (UK) August 2026,https://www.irpcommerce.com/en/gb/ecommercemarketdata.aspx,2026 (Aug),VERIFIED,inkl. MwSt.
AOV nach Kategorie,Sports and Recreation,UK,"100,74",GBP,IRP Commerce – Ecommerce Market Data (UK) August 2026,https://www.irpcommerce.com/en/gb/ecommercemarketdata.aspx,2026 (Aug),VERIFIED,inkl. MwSt.
AOV nach Kategorie,Food & Drink,UK,"118,93",GBP,IRP Commerce – Ecommerce Market Data (UK) August 2026,https://www.irpcommerce.com/en/gb/ecommercemarketdata.aspx,2026 (Aug),VERIFIED,inkl. MwSt.
AOV nach Kategorie,"Toys, Games & Collectables",UK,"62,36",GBP,IRP Commerce – Ecommerce Market Data (UK) August 2026,https://www.irpcommerce.com/en/gb/ecommercemarketdata.aspx,2026 (Aug),VERIFIED,inkl. MwSt.
AOV nach Kategorie,Arts and Crafts,UK,"119,78",GBP,IRP Commerce – Ecommerce Market Data (UK) August 2026,https://www.irpcommerce.com/en/gb/ecommercemarketdata.aspx,2026 (Aug),VERIFIED,inkl. MwSt.
AOV nach Kategorie,Cars and Motorcycling,UK,"264,80",GBP,IRP Commerce – Ecommerce Market Data (UK) August 2026,https://www.irpcommerce.com/en/gb/ecommercemarketdata.aspx,2026 (Aug),VERIFIED,inkl. MwSt.
AOV nach Kategorie,Baby & Child,UK,"855,57",GBP,IRP Commerce – Ecommerce Market Data (UK) August 2026,https://www.irpcommerce.com/en/gb/ecommercemarketdata.aspx,2026 (Aug),VERIFIED,inkl. MwSt.
AOV Shopify / E-Commerce gesamt,"2.800 Shops; Top 20 % >$192, Top 10 % >$311",Global,85 (Shopify) / 101 (gesamt),USD,Littledata – Average website performance benchmarks,https://www.littledata.io/average-website-performance,2023,VERIFIED,
AOV Mobile vs. Desktop,"Mobile $163,50 (−35,2 %); Tablet $161,17",US/Global,"163,50",USD,Capital One Shopping – Mobile eCommerce Statistics,https://capitaloneshopping.com/research/mobile-ecommerce-statistics/,2026,THIRD-PARTY ESTIMATE,
Amazon Ø Ausgaben pro Kunde und Jahr,kein AOV pro Bestellung verfügbar,US,3.554,USD/Jahr,Capital One Shopping – Amazon Statistics,https://capitaloneshopping.com/research/amazon-statistics/,2025,THIRD-PARTY ESTIMATE,Amazon-AOV pro Bestellung: Datenlücke
Amazon AOV pro Bestellung,keine belastbare öffentliche Quelle,US/DE,n/a,USD,–,,–,UNKNOWN,Datenlücke
AOV Deutschland nach Kategorie,keine frei zugängliche aktuelle Quelle gefunden,DE,n/a,EUR,–,,–,UNKNOWN,Proxy: DY EMEA $219
Retourenquote gesamt (Handel),"NRF/Happy Returns; 2.006 Konsumenten + 358 Händler (>$500 Mio. Umsatz), Sommer 2025",US,"15,8",% des Umsatzes,NRF/Happy Returns – Consumers expected to return nearly $850 billion in 2025,https://nrf.com/media-center/press-releases/consumers-expected-to-return-nearly-850-billion-in-merchandise-in-2025,2025,VERIFIED,"Retouren gesamt $849,9 Mrd."
Retourenquote Online,NRF/Happy Returns 2025,US,"19,3",% des Online-Umsatzes,NRF/Happy Returns – Consumers expected to return nearly $850 billion in 2025,https://nrf.com/media-center/press-releases/consumers-expected-to-return-nearly-850-billion-in-merchandise-in-2025,2025,VERIFIED,9 % aller Retouren betrügerisch
Retourenquote gesamt (Handel),"NRF/Happy Returns; 2.007 Konsumenten + 249 Händler, Herbst 2024",US,"16,9",% des Umsatzes,NRF/Happy Returns – 2024 Retail Returns total $890 billion (Pressemitteilung),https://nrf.com/media-center/press-releases/nrf-and-happy-returns-report-2024-retail-returns-total-890-billion,2024,VERIFIED,$890 Mrd.; Holiday-Retouren +17 % über Jahresschnitt
Retourenquote Online-Bekleidung,"Coresight, 100 Entscheider US-Apparel, März 2023",US,"24,4",% der Online-Bestellungen,Coresight Research – The True Cost of Apparel Returns (2023),https://coresight.com/research/the-true-cost-of-apparel-returns-alarming-return-rates-require-loss-minimization-solutions/,2023,VERIFIED,"NRF-Online-Ø damals 16,5 %"
Anteil Konsumenten mit Online-Retoure,Bekleidung,US,26,% der Konsumenten,Capital One Shopping – Average Retail Return Rate,https://capitaloneshopping.com/research/average-retail-return-rate/,2025,THIRD-PARTY ESTIMATE,"zitiert NRF/Appriss – KEINE Retourenquote (Anteil Käufer, die retournierten)"
Anteil Konsumenten mit Online-Retoure,Schuhe,US,18,% der Konsumenten,Capital One Shopping – Average Retail Return Rate,https://capitaloneshopping.com/research/average-retail-return-rate/,2025,THIRD-PARTY ESTIMATE,"zitiert NRF/Appriss – KEINE Retourenquote (Anteil Käufer, die retournierten)"
Anteil Konsumenten mit Online-Retoure,Accessoires,US,13,% der Konsumenten,Capital One Shopping – Average Retail Return Rate,https://capitaloneshopping.com/research/average-retail-return-rate/,2025,THIRD-PARTY ESTIMATE,"zitiert NRF/Appriss – KEINE Retourenquote (Anteil Käufer, die retournierten)"
Anteil Konsumenten mit Online-Retoure,Food & Beverage,US,12,% der Konsumenten,Capital One Shopping – Average Retail Return Rate,https://capitaloneshopping.com/research/average-retail-return-rate/,2025,THIRD-PARTY ESTIMATE,"zitiert NRF/Appriss – KEINE Retourenquote (Anteil Käufer, die retournierten)"
Anteil Konsumenten mit Online-Retoure,Elektronik,US,11,% der Konsumenten,Capital One Shopping – Average Retail Return Rate,https://capitaloneshopping.com/research/average-retail-return-rate/,2025,THIRD-PARTY ESTIMATE,"zitiert NRF/Appriss – KEINE Retourenquote (Anteil Käufer, die retournierten)"
Anteil Konsumenten mit Online-Retoure,Kosmetik,US,11,% der Konsumenten,Capital One Shopping – Average Retail Return Rate,https://capitaloneshopping.com/research/average-retail-return-rate/,2025,THIRD-PARTY ESTIMATE,"zitiert NRF/Appriss – KEINE Retourenquote (Anteil Käufer, die retournierten)"
Anteil Konsumenten mit Online-Retoure,Home & Möbel,US,9,% der Konsumenten,Capital One Shopping – Average Retail Return Rate,https://capitaloneshopping.com/research/average-retail-return-rate/,2025,THIRD-PARTY ESTIMATE,"zitiert NRF/Appriss – KEINE Retourenquote (Anteil Käufer, die retournierten)"
Retourenquote nach Kategorie (Spanne),Bekleidung (kanalabhängig),US,15–40,% des Umsatzes,Capital One Shopping – Average Retail Return Rate,https://capitaloneshopping.com/research/average-retail-return-rate/,2025,THIRD-PARTY ESTIMATE,zitiert NRF/Appriss; Primärbericht nicht geprüft
Retourenquote nach Kategorie (Spanne),Home/Hardware,US,5–15,% des Umsatzes,Capital One Shopping – Average Retail Return Rate,https://capitaloneshopping.com/research/average-retail-return-rate/,2025,THIRD-PARTY ESTIMATE,zitiert NRF/Appriss; Primärbericht nicht geprüft
Retourenquote nach Kategorie (Spanne),Consumer Electronics,US,5–10,% des Umsatzes,Capital One Shopping – Average Retail Return Rate,https://capitaloneshopping.com/research/average-retail-return-rate/,2025,THIRD-PARTY ESTIMATE,zitiert NRF/Appriss; Primärbericht nicht geprüft
Retourenquote nach Kategorie (Spanne),Beauty/Health,US,2–5,% des Umsatzes,Capital One Shopping – Average Retail Return Rate,https://capitaloneshopping.com/research/average-retail-return-rate/,2025,THIRD-PARTY ESTIMATE,zitiert NRF/Appriss; Primärbericht nicht geprüft
Retourenquote Pakete E-Commerce,"Europäischer Retourentacho, n=411 Händler, Bezugsjahr 2021",DE,"24,2",% der Sendungen,Uni Bamberg Forschungsgruppe Retourenmanagement – Ergebnisse des Europäischen Retourentachos (07.09.2022),https://www.retourenforschung.de/info-ergebnisse-des-europaeischen-retourentachos-veroeffentlicht.html,2021,VERIFIED,"≈530 Mio. Retourensendungen, ≈1,3 Mrd. Artikel; DE = 'Retourenchampion' Europas"
Fashion-Anteil an Retouren,Europäischer Retourentacho,DE,83 (Sendungen) / 91 (Artikel),%,Uni Bamberg Forschungsgruppe Retourenmanagement – Ergebnisse des Europäischen Retourentachos (07.09.2022),https://www.retourenforschung.de/info-ergebnisse-des-europaeischen-retourentachos-veroeffentlicht.html,2021,VERIFIED,"Kosten: €6,95 je Sendung, €2,85 je Artikel"
Retourenquote Pakete / Artikel,Retourentacho 2018/2019,DE,"16,3 / 12,1",%,Uni Bamberg – Retourentacho 2018/2019 ausgewertet,https://www.retourenforschung.de/info-retourentacho2019-ausgewertet.html,2018,VERIFIED,"≈280 Mio. Pakete, 487 Mio. Artikel; €19,51 je Sendung"
"Retourenquote nach Warengruppe (Artikelebene, Kauf auf Rechnung)","Fashion; Paketebene 55,65 %",DE,"45,87",% der Artikel,Uni Bamberg – Enzyklopädie: Statistiken Retouren Deutschland,https://www.retourenforschung.de/definition_statistiken-retouren-deutschland.html,"ca. 2012 (Erhebung, 302 Versender)",VERIFIED,"alt, aber einzige frei zugängliche DE-Kategoriedaten; Fashion/Schuhe teils 70–80 %"
"Retourenquote nach Warengruppe (Artikelebene, Kauf auf Rechnung)","Unterhaltungselektronik; Paketebene 18,60 %",DE,"14,35",% der Artikel,Uni Bamberg – Enzyklopädie: Statistiken Retouren Deutschland,https://www.retourenforschung.de/definition_statistiken-retouren-deutschland.html,"ca. 2012 (Erhebung, 302 Versender)",VERIFIED,"alt, aber einzige frei zugängliche DE-Kategoriedaten; Fashion/Schuhe teils 70–80 %"
"Retourenquote nach Warengruppe (Artikelebene, Kauf auf Rechnung)","Bücher/Medien; Paketebene 11,45 %",DE,"5,83",% der Artikel,Uni Bamberg – Enzyklopädie: Statistiken Retouren Deutschland,https://www.retourenforschung.de/definition_statistiken-retouren-deutschland.html,"ca. 2012 (Erhebung, 302 Versender)",VERIFIED,"alt, aber einzige frei zugängliche DE-Kategoriedaten; Fashion/Schuhe teils 70–80 %"
Amazon zieht Retouren/Stornos von Provision ab,"Bestellungen mit eingeleiteter Stornierung, Rückgabe oder Rückerstattung sind keine qualifizierten Käufe",US,100 % Provisionsverlust je Retoure,–,Amazon Associates – Program Policies (US),https://affiliate-program.amazon.com/help/operating/policies,2026,VERIFIED,
Amazon zieht Retouren/Stornos von Provision ab,"'Produktbestellungen, bei denen eine Stornierung, Rückgabe oder Rückerstattung eingeleitet wurde' ausgeschlossen",DE,100 % Provisionsverlust je Retoure,–,Amazon PartnerNet – Programmrichtlinien (DE),https://partnernet.amazon.de/help/operating/policies,2026,VERIFIED,
Affiliate-Stornoquote (Awin/Adcell),Programm-KPIs nur nach Login,DE/UK,n/a,%,–,,–,UNKNOWN,Datenlücke
Retourenquoten UK nach Kategorie,keine frei zugängliche Quelle gefunden,UK,n/a,%,–,,–,UNKNOWN,Datenlücke
LTK Umsatz über Creator,Unternehmensangabe,Global,>6 Mrd.,USD Umsatz/Jahr,LTK – Unternehmensseite,https://company.shopltk.com/,2026,CLAIMED,44 Mio.+ monatl. Shopper; ~1.100 'LTK-Millionäre'; 8.000 Retailer
LTK Auszahlungen an Creator (kumuliert),Unternehmensangabe,Global,>3 Mrd.,USD,LTK – Unternehmensseite,https://company.shopltk.com/,2026,CLAIMED,Press-Seite (älter): >130 Creator ≥$1 Mio.
Amazon-EPC Amazon.com,Geniuslink Q1 2022,US,"0,10–0,25",USD/Klick,Geniuslink – Under- or over-performing? EPC & conversion rates (Q1 2022),https://geniuslink.com/blog/under-or-over-performing-epc-conversion-rates/,2022,VERIFIED,"Amazon aggregiert $0,05–0,10; Amazon.ca $0,17; Amazon.com.br $0,011"
Amazon-EPC Ø / Median,"Geniuslink Q1 2018, >2 Mio. Klicks, $320K Provision, 12 Kunden",Global,"0,05 / 0,033",USD/Klick,Geniuslink – Amazon EPC improvement & ROI (Q1 2018),https://geniuslink.com/blog/geniuslink-amazon-epc-improvement-roi/,2018,VERIFIED,"Spanne $0,003–0,116; Heimatland $0,111 vs. international $0,031"
Amazon-EPC 'typisch',Geniuslink-Aussage,Global,"0,03–0,10",USD/Klick,Geniuslink – 13 Proven Tactics to Increase Amazon Affiliate Revenue,https://geniuslink.com/blog/13-proven-tactics-to-increase-amazon-affiliate-revenue/,2026,CLAIMED,"Benchmark $0,05"
Einkommen Amazon-Influencer auf IG,"Creator-Blog, unbelegt",US,500–5.000,USD/Monat,CreatorFlow – How Amazon Influencers Earn $5K/Month on Instagram,https://creatorflow.so/blog/amazon-influencer-scale-instagram-commissions/,2026,CLAIMED,Survivorship-Bias
ShopMy / Amazon Influencer Program EPC,keine öffentlich zugänglichen Benchmarks,–,n/a,–,–,,–,UNKNOWN,Datenlücke
Pinterest: Kauf aufgrund von Marken-Pins,wöchentliche US-Pinner,US,85,%,Pinterest Business – Why Pinterest,https://business.pinterest.com/why-pinterest/,o. J.,CLAIMED,Plattform-Eigenstudie
Pinterest: inspiriert vom Shopping-Erlebnis,wöchentliche Pinner; 96 % Top-Suchen unbranded,Global,80,%,Pinterest Business – Audience,https://business.pinterest.com/audience/,o. J.,CLAIMED,640 Mio. MAU; 70 % Frauen
Pinterest: Nutzung zum Entdecken neuer Marken,wöchentliche Nutzer (Metricool zitiert Pinterest),Global,46,%,"Metricool – Social Media Study 2026 (39,8 Mio. Posts)",https://metricool.com/wp-content/uploads/Social-Media-Study-2026-EN.pdf,2025,CLAIMED,>570 Mio. MAU 2025
Pinterest 'weekly Pinners 7× more likely to purchase',Primärquelle nicht gefunden/geprüft,–,7×,Faktor,–,,–,UNKNOWN,nicht verwenden ohne Primärbeleg
"Nutzer, die Plattform für Marken-/Produktrecherche nutzen",Instagram,Global,"62,8",% der Nutzer,Capital One Shopping – Social Media Shopping Statistics,https://capitaloneshopping.com/research/social-media-shopping-statistics/,2026,THIRD-PARTY ESTIMATE,zitiert Statista 2026
"Nutzer, die Plattform für Marken-/Produktrecherche nutzen",TikTok,Global,"56,2",% der Nutzer,Capital One Shopping – Social Media Shopping Statistics,https://capitaloneshopping.com/research/social-media-shopping-statistics/,2026,THIRD-PARTY ESTIMATE,zitiert Statista 2026
"Nutzer, die Plattform für Marken-/Produktrecherche nutzen",Facebook,Global,"53,0",% der Nutzer,Capital One Shopping – Social Media Shopping Statistics,https://capitaloneshopping.com/research/social-media-shopping-statistics/,2026,THIRD-PARTY ESTIMATE,zitiert Statista 2026
"Nutzer, die Plattform für Marken-/Produktrecherche nutzen",X,Global,"38,1",% der Nutzer,Capital One Shopping – Social Media Shopping Statistics,https://capitaloneshopping.com/research/social-media-shopping-statistics/,2026,THIRD-PARTY ESTIMATE,zitiert Statista 2026
"Nutzer, die Plattform für Marken-/Produktrecherche nutzen",Pinterest,Global,"36,1",% der Nutzer,Capital One Shopping – Social Media Shopping Statistics,https://capitaloneshopping.com/research/social-media-shopping-statistics/,2026,THIRD-PARTY ESTIMATE,zitiert Statista 2026
Direktkauf auf Instagram,"US-Konsumenten; 4,6 % kaufen monatlich",US,29,% der Konsumenten,Capital One Shopping – Instagram Shopping Statistics,https://capitaloneshopping.com/research/instagram-shopping-statistics/,2023,THIRD-PARTY ESTIMATE,zitiert PYMNTS (Mai 2023)
Instagram-Nutzer shoppen wöchentlich,ursprünglich Facebook-IQ-Umfrage,Global,44,%,Capital One Shopping – Instagram Shopping Statistics,https://capitaloneshopping.com/research/instagram-shopping-statistics/,älter (≈2019),CLAIMED,Plattform-Eigenstudie; 87 % 'took action'; 130 Mio. tippen monatlich auf Shopping-Posts
Kauf nach Influencer-Post,US-Digitalkonsumenten (Pew lt. Capital One),US,30,%,Capital One Shopping – Social Media Shopping Statistics,https://capitaloneshopping.com/research/social-media-shopping-statistics/,2026,THIRD-PARTY ESTIMATE,Primärquelle nicht geprüft
TikTok Social-Commerce-Umsatz,Metricool-Studie,Global,>26 Mrd. (verdoppelt),USD,"Metricool – Social Media Study 2026 (39,8 Mio. Posts)",https://metricool.com/wp-content/uploads/Social-Media-Study-2026-EN.pdf,2025,THIRD-PARTY ESTIMATE,
MODELL: Keyword-Kommentare pro View,Reel mit 'Kommentiere LINK'-CTA,alle,"Cons 0,2 % | Base 0,5 % | Strong 1,0 % | Exc 2,0 %",% der Views,Abgeleitet aus Benchmarks dieser Datei,,2026,MODEL ASSUMPTION,"Organische Kommentarbasis 0,11 % (Metricool) bis 0,37–0,6 % (Socialinsider); Praxisspanne mit CTA 0,5–2 % (CreatorFlow, unbelegt); DM-Automation +40–150 % Kommentare (HypeAuditor, CLAIMED)"
MODELL: DM zugestellt & geöffnet,Comment-to-DM-Automation,alle,Cons 70 % | Base 85 % | Strong 90 % | Exc 92 %,% der Kommentierenden,Abgeleitet aus Benchmarks dieser Datei,,2026,MODEL ASSUMPTION,"Tool-Angaben 70–92 % (CommuniPass/Inrō, CLAIMED)"
MODELL: Link-Klick aus DM,Comment-to-DM-Automation,alle,Cons 15 % | Base 25 % | Strong 30 % | Exc 35 %,% der geöffneten DMs,Abgeleitet aus Benchmarks dieser Datei,,2026,MODEL ASSUMPTION,Praxisspannen 12–30 % bzw. 18–35 %; Storefront-Case 28 % (alle THIRD-PARTY/CLAIMED)
MODELL: Profilbesuche pro View,Bio-Link-Pfad,alle,"Cons 0,3 % | Base 0,6 % | Strong 1,0 % | Exc 1,5 %",% der Views,Abgeleitet aus Benchmarks dieser Datei,,2026,MODEL ASSUMPTION,KEIN Benchmark gefunden (UNKNOWN) → reine Annahme; über eigene Insights nach 30 Reels ersetzen
MODELL: Bio-Link-Tap pro Profilbesuch,Bio-Link-Pfad,alle,Cons 2 % | Base 4 % | Strong 6 % | Exc 8 %,% der Profilbesuche,Abgeleitet aus Benchmarks dieser Datei,,2026,MODEL ASSUMPTION,"Praxis 1–3 % (CreatorFlow, unbelegt); nach oben erweitert für Nischen mit klarem Produktversprechen"
MODELL: Outbound-Klick auf Link-Hub,Linktree/Beacons-Zwischenseite,alle,Cons 85 % | Base 90 % | Strong 92 % | Exc 95 %,% der Hub-Views,Abgeleitet aus Benchmarks dieser Datei,,2026,MODEL ASSUMPTION,"Linktree 80–95 % für Instagram-Traffic (CLAIMED, interne Daten 2025/26)"
MODELL: Link-Klicks pro 1.000 Views – nur Bio-Link,Rechnung: Profilbesuch × Bio-Tap × Hub-Outbound × 1.000,DE/UK/US,"Cons 0,05 | Base 0,2 | Strong 0,5 | Exc 1,1",Klicks/1.000 Views,Abgeleitet aus Benchmarks dieser Datei,,2026,MODEL ASSUMPTION,"0,3 %×2 %×85 % = 0,05; 0,6 %×4 %×90 % = 0,22; 1 %×6 %×92 % = 0,55; 1,5 %×8 %×95 % = 1,14"
MODELL: Link-Klicks pro 1.000 Views – Comment-to-DM,Rechnung: Keyword-Kommentar × DM-Öffnung × DM-Klick × 1.000,DE/UK/US,"Cons 0,2 | Base 1,1 | Strong 2,7 | Exc 6,4",Klicks/1.000 Views,Abgeleitet aus Benchmarks dieser Datei,,2026,MODEL ASSUMPTION,"0,2 %×70 %×15 % = 0,21; 0,5 %×85 %×25 % = 1,06; 1 %×90 %×30 % = 2,7; 2 %×92 %×35 % = 6,4"
MODELL: Link-Klicks pro 1.000 Views – KOMBINIERT (DM + Bio),empfohlener Standard-Funnel DE/UK,DE/UK,"Cons 0,25 | Base 1,2 | Strong 3,0 | Exc 7,5",Klicks/1.000 Views,Abgeleitet aus Benchmarks dieser Datei,,2026,MODEL ASSUMPTION,"Summe beider Pfade (Überschneidung vernachlässigt). Referenz: Pinterest ≈5 Outbound-Klicks/1.000 Impressions (Metricool, VERIFIED) – Werte darüber (Exceptional) übertreffen ein klick-optimiertes Medium und sind nur mit sehr starkem Kommentar-CTA/Haul-Format plausibel"
MODELL: Link-Klicks pro 1.000 Views – native Reel-Produkt-Tags,nur Rollout-Märkte (u. a. US); keine CTR-Daten,US,"Cons 0,5 | Base 1,5 | Strong 4 | Exc 8",Klicks/1.000 Views,Abgeleitet aus Benchmarks dieser Datei,,2026,MODEL ASSUMPTION,"UNKNOWN-basiert; Pinterest-Outbound 5,1/1.000 als grober Anker; Entertainment-Reels vermutlich darunter. Nur als Szenario nutzen"
MODELL: Shop-CVR Klick→Bestellung: Beauty & Personal Care,"Händlershop, kalter Social-/Mobile-Traffic",US/UK/DE,"Cons 1,0 % | Base 2,0 % | Strong 3,5 % | Exc 5,0 %",% der Klicks,Abgeleitet aus Benchmarks dieser Datei,,2026,MODEL ASSUMPTION,"DY 5,39 %; IRP Health & Wellbeing 3,31 %; Social-/Mobile-Abschlag 40–60 %"
MODELL: Shop-CVR Klick→Bestellung: Food & Beverage,"Händlershop, kalter Social-/Mobile-Traffic",US/UK/DE,"Cons 0,8 % | Base 1,5 % | Strong 3,0 % | Exc 4,5 %",% der Klicks,Abgeleitet aus Benchmarks dieser Datei,,2026,MODEL ASSUMPTION,"DY 4,80 %; IRP Food & Drink 1,58 %; Littledata F&B 1,5 %"
MODELL: Shop-CVR Klick→Bestellung: Pets,"Händlershop, kalter Social-/Mobile-Traffic",US/UK/DE,"Cons 0,8 % | Base 1,8 % | Strong 3,0 % | Exc 4,5 %",% der Klicks,Abgeleitet aus Benchmarks dieser Datei,,2026,MODEL ASSUMPTION,"DY 4,71 %; IRP Pet 2,56 %"
MODELL: Shop-CVR Klick→Bestellung: Fashion & Schuhe,"Händlershop, kalter Social-/Mobile-Traffic",US/UK/DE,"Cons 0,5 % | Base 1,0 % | Strong 2,0 % | Exc 3,0 %",% der Klicks,Abgeleitet aus Benchmarks dieser Datei,,2026,MODEL ASSUMPTION,"DY 2,77 %; IRP 1,86 %; Littledata 1,9 %"
"MODELL: Shop-CVR Klick→Bestellung: Home, Deko & Möbel","Händlershop, kalter Social-/Mobile-Traffic",US/UK/DE,"Cons 0,3 % | Base 0,7 % | Strong 1,5 % | Exc 2,5 %",% der Klicks,Abgeleitet aus Benchmarks dieser Datei,,2026,MODEL ASSUMPTION,"DY Home & Furniture 1,22–1,5 %; IRP Kitchen & Home Appliances 2,98 % (kleinteiliger)"
MODELL: Shop-CVR Klick→Bestellung: Elektronik / Tech-Gadgets,"Händlershop, kalter Social-/Mobile-Traffic",US/UK/DE,"Cons 0,4 % | Base 0,9 % | Strong 1,8 % | Exc 2,5 %",% der Klicks,Abgeleitet aus Benchmarks dieser Datei,,2026,MODEL ASSUMPTION,"Kein direkter Kategorie-Benchmark; DY Consumer Goods 1,61–2,47 %"
MODELL: Shop-CVR Klick→Bestellung: Sport & Outdoor,"Händlershop, kalter Social-/Mobile-Traffic",US/UK/DE,"Cons 0,4 % | Base 0,9 % | Strong 1,8 % | Exc 2,5 %",% der Klicks,Abgeleitet aus Benchmarks dieser Datei,,2026,MODEL ASSUMPTION,"IRP Sports & Recreation 2,11 %"
MODELL: Shop-CVR Klick→Bestellung: Luxury & Schmuck,"Händlershop, kalter Social-/Mobile-Traffic",US/UK/DE,"Cons 0,1 % | Base 0,3 % | Strong 0,6 % | Exc 1,0 %",% der Klicks,Abgeleitet aus Benchmarks dieser Datei,,2026,MODEL ASSUMPTION,"DY Luxury & Jewelry 0,63–0,72 %"
MODELL: Shop-CVR Klick→Bestellung: Amazon.com (inkl. Halo),"Amazon Associates, Social-Traffic",US,Cons 2 % | Base 4 % | Strong 7 % | Exc 10 %,% der Klicks,Abgeleitet aus Benchmarks dieser Datei,,2026,MODEL ASSUMPTION,"Geniuslink Amazon.com 11,1 % (Q1 2022, Mix aus Web/Social); 'Benchmark' 4–8 % (CLAIMED); Social-Case 0,5–3,2 % vor Optimierung"
MODELL: Shop-CVR Klick→Bestellung: Amazon.de (inkl. Halo),"Amazon PartnerNet, Social-Traffic",DE,"Cons 1,5 % | Base 3 % | Strong 5 % | Exc 7 %",% der Klicks,Abgeleitet aus Benchmarks dieser Datei,,2026,MODEL ASSUMPTION,"Geniuslink Amazon.de 5,94 % (Q1 2022) ≈ 54 % des US-Werts"
MODELL: AOV: Beauty,Warenkorb aus Social-Klick (Mobile),US (USD) – für DE/UK ≈ gleiche Zahl in EUR/GBP,Cons 35 | Base 50 | Strong 70 | Exc 90,USD,Abgeleitet aus Benchmarks dieser Datei,,2026,MODEL ASSUMPTION,"DY $78; IRP Health & Wellbeing £48,78; Mobile-AOV −35 %"
MODELL: AOV: Food & Beverage,Warenkorb aus Social-Klick (Mobile),US (USD) – für DE/UK ≈ gleiche Zahl in EUR/GBP,Cons 30 | Base 50 | Strong 80 | Exc 110,USD,Abgeleitet aus Benchmarks dieser Datei,,2026,MODEL ASSUMPTION,"DY $96; IRP Food & Drink £118,93"
MODELL: AOV: Pets,Warenkorb aus Social-Klick (Mobile),US (USD) – für DE/UK ≈ gleiche Zahl in EUR/GBP,Cons 30 | Base 50 | Strong 70 | Exc 90,USD,Abgeleitet aus Benchmarks dieser Datei,,2026,MODEL ASSUMPTION,"DY $58–62; IRP Pet £81,71"
MODELL: AOV: Fashion & Schuhe,Warenkorb aus Social-Klick (Mobile),US (USD) – für DE/UK ≈ gleiche Zahl in EUR/GBP,Cons 50 | Base 75 | Strong 110 | Exc 150,USD,Abgeleitet aus Benchmarks dieser Datei,,2026,MODEL ASSUMPTION,"IRP £78,24; Littledata Shopify-Ø $85; DY $303 (Enterprise, überhöht)"
MODELL: AOV: Home & Deko (ohne Großmöbel),Warenkorb aus Social-Klick (Mobile),US (USD) – für DE/UK ≈ gleiche Zahl in EUR/GBP,Cons 40 | Base 70 | Strong 150 | Exc 250,USD,Abgeleitet aus Benchmarks dieser Datei,,2026,MODEL ASSUMPTION,"IRP Kitchen & Home £59,05; DY Home & Furniture $288 inkl. Möbel"
MODELL: AOV: Elektronik / Tech-Gadgets,Warenkorb aus Social-Klick (Mobile),US (USD) – für DE/UK ≈ gleiche Zahl in EUR/GBP,Cons 30 | Base 60 | Strong 120 | Exc 200,USD,Abgeleitet aus Benchmarks dieser Datei,,2026,MODEL ASSUMPTION,kein Kategorie-Benchmark; DY Consumer Goods $247 als Obergrenze
MODELL: AOV: Sport & Outdoor,Warenkorb aus Social-Klick (Mobile),US (USD) – für DE/UK ≈ gleiche Zahl in EUR/GBP,Cons 40 | Base 70 | Strong 100 | Exc 140,USD,Abgeleitet aus Benchmarks dieser Datei,,2026,MODEL ASSUMPTION,"IRP Sports & Recreation £100,74"
MODELL: AOV: Luxury & Schmuck,Warenkorb aus Social-Klick (Mobile),US (USD) – für DE/UK ≈ gleiche Zahl in EUR/GBP,Cons 100 | Base 200 | Strong 350 | Exc 450,USD,Abgeleitet aus Benchmarks dieser Datei,,2026,MODEL ASSUMPTION,DY $426
"MODELL: AOV: Amazon-Warenkorb (gemischt, inkl. Halo)",Warenkorb aus Social-Klick (Mobile),US (USD) – für DE/UK ≈ gleiche Zahl in EUR/GBP,Cons 25 | Base 35 | Strong 50 | Exc 70,USD,Abgeleitet aus Benchmarks dieser Datei,,2026,MODEL ASSUMPTION,UNKNOWN – kein öffentlicher Amazon-AOV; Creator-Beispiele ~$30-Artikel
MODELL: Retouren+Storno (Provisionsverlust): Fashion & Schuhe,Anteil stornierter Provisionen,US/UK,Cons 35 % | Base 25 % | Strong 20 % | Exc 15 %,% der Provision,Abgeleitet aus Benchmarks dieser Datei,,2026,MODEL ASSUMPTION,"US: Coresight 24,4 %, NRF online 19,3 %, 15–40 % Spanne; DE: Bamberg 45,9 % Artikel / 55,7 % Pakete, Fashion = 91 % der Retourenartikel; NRF: 9 % der Retouren betrügerisch"
MODELL: Retouren+Storno (Provisionsverlust): Fashion & Schuhe,Anteil stornierter Provisionen,DE,Cons 55 % | Base 45 % | Strong 35 % | Exc 25 %,% der Provision,Abgeleitet aus Benchmarks dieser Datei,,2026,MODEL ASSUMPTION,"US: Coresight 24,4 %, NRF online 19,3 %, 15–40 % Spanne; DE: Bamberg 45,9 % Artikel / 55,7 % Pakete, Fashion = 91 % der Retourenartikel"
MODELL: Retouren+Storno (Provisionsverlust): Elektronik / Tech,Anteil stornierter Provisionen,US/UK,Cons 15 % | Base 10 % | Strong 8 % | Exc 5 %,% der Provision,Abgeleitet aus Benchmarks dieser Datei,,2026,MODEL ASSUMPTION,"US: 5–10 % (NRF/Appriss via Capital One), 11 % Käufer retournieren; DE: Bamberg UE 14,35 % Artikel; NRF: 9 % der Retouren betrügerisch"
MODELL: Retouren+Storno (Provisionsverlust): Elektronik / Tech,Anteil stornierter Provisionen,DE,Cons 18 % | Base 14 % | Strong 10 % | Exc 7 %,% der Provision,Abgeleitet aus Benchmarks dieser Datei,,2026,MODEL ASSUMPTION,"US: 5–10 % (NRF/Appriss via Capital One), 11 % Käufer retournieren; DE: Bamberg UE 14,35 % Artikel"
"MODELL: Retouren+Storno (Provisionsverlust): Home, Deko & Möbel",Anteil stornierter Provisionen,US/UK,Cons 15 % | Base 10 % | Strong 7 % | Exc 5 %,% der Provision,Abgeleitet aus Benchmarks dieser Datei,,2026,MODEL ASSUMPTION,US: Home/Hardware 5–15 %; 9 % Käufer retournieren; DE: keine Kategoriedaten → US + DE-Aufschlag; NRF: 9 % der Retouren betrügerisch
"MODELL: Retouren+Storno (Provisionsverlust): Home, Deko & Möbel",Anteil stornierter Provisionen,DE,Cons 18 % | Base 12 % | Strong 9 % | Exc 6 %,% der Provision,Abgeleitet aus Benchmarks dieser Datei,,2026,MODEL ASSUMPTION,US: Home/Hardware 5–15 %; 9 % Käufer retournieren; DE: keine Kategoriedaten → US + DE-Aufschlag
MODELL: Retouren+Storno (Provisionsverlust): Beauty,Anteil stornierter Provisionen,US/UK,Cons 10 % | Base 6 % | Strong 4 % | Exc 2 %,% der Provision,Abgeleitet aus Benchmarks dieser Datei,,2026,MODEL ASSUMPTION,US: 2–5 % des Umsatzes; 11 % Käufer retournieren Kosmetik online; NRF: 9 % der Retouren betrügerisch
MODELL: Retouren+Storno (Provisionsverlust): Beauty,Anteil stornierter Provisionen,DE,Cons 12 % | Base 8 % | Strong 5 % | Exc 3 %,% der Provision,Abgeleitet aus Benchmarks dieser Datei,,2026,MODEL ASSUMPTION,US: 2–5 % des Umsatzes; 11 % Käufer retournieren Kosmetik online
MODELL: Retouren+Storno (Provisionsverlust): Food & Beverage / Consumables,Anteil stornierter Provisionen,US/UK,Cons 8 % | Base 5 % | Strong 3 % | Exc 2 %,% der Provision,Abgeleitet aus Benchmarks dieser Datei,,2026,MODEL ASSUMPTION,"US: 12 % Käufer retournieren F&B online (Anteil Käufer, nicht Quote); keine DE-Daten; NRF: 9 % der Retouren betrügerisch"
MODELL: Retouren+Storno (Provisionsverlust): Food & Beverage / Consumables,Anteil stornierter Provisionen,DE,Cons 10 % | Base 6 % | Strong 4 % | Exc 2 %,% der Provision,Abgeleitet aus Benchmarks dieser Datei,,2026,MODEL ASSUMPTION,"US: 12 % Käufer retournieren F&B online (Anteil Käufer, nicht Quote); keine DE-Daten"
MODELL: Retouren+Storno (Provisionsverlust): Pets,Anteil stornierter Provisionen,US/UK,Cons 8 % | Base 5 % | Strong 3 % | Exc 2 %,% der Provision,Abgeleitet aus Benchmarks dieser Datei,,2026,MODEL ASSUMPTION,keine Kategoriedaten (UNKNOWN) → analog Consumables; NRF: 9 % der Retouren betrügerisch
MODELL: Retouren+Storno (Provisionsverlust): Pets,Anteil stornierter Provisionen,DE,Cons 10 % | Base 6 % | Strong 4 % | Exc 2 %,% der Provision,Abgeleitet aus Benchmarks dieser Datei,,2026,MODEL ASSUMPTION,keine Kategoriedaten (UNKNOWN) → analog Consumables
MODELL: Retouren+Storno (Provisionsverlust): Sport & Outdoor,Anteil stornierter Provisionen,US/UK,Cons 20 % | Base 12 % | Strong 9 % | Exc 6 %,% der Provision,Abgeleitet aus Benchmarks dieser Datei,,2026,MODEL ASSUMPTION,keine Kategoriedaten (UNKNOWN) → zwischen Fashion und Elektronik (Sportbekleidung/-schuhe); NRF: 9 % der Retouren betrügerisch
MODELL: Retouren+Storno (Provisionsverlust): Sport & Outdoor,Anteil stornierter Provisionen,DE,Cons 30 % | Base 20 % | Strong 14 % | Exc 10 %,% der Provision,Abgeleitet aus Benchmarks dieser Datei,,2026,MODEL ASSUMPTION,keine Kategoriedaten (UNKNOWN) → zwischen Fashion und Elektronik (Sportbekleidung/-schuhe)
MODELL: Retouren+Storno (Provisionsverlust): Luxury & Schmuck,Anteil stornierter Provisionen,US/UK,Cons 30 % | Base 20 % | Strong 15 % | Exc 10 %,% der Provision,Abgeleitet aus Benchmarks dieser Datei,,2026,MODEL ASSUMPTION,keine Kategoriedaten (UNKNOWN); hohe Preise → höhere Rückgabeneigung angenommen; NRF: 9 % der Retouren betrügerisch
MODELL: Retouren+Storno (Provisionsverlust): Luxury & Schmuck,Anteil stornierter Provisionen,DE,Cons 35 % | Base 25 % | Strong 18 % | Exc 12 %,% der Provision,Abgeleitet aus Benchmarks dieser Datei,,2026,MODEL ASSUMPTION,keine Kategoriedaten (UNKNOWN); hohe Preise → höhere Rückgabeneigung angenommen
