fall,account_typ,plattform,nische,markt,views_oder_follower,umsatz_oder_provision,zeitraum,provision_pro_1m_views_abgeleitet,rechenweg,evidenztyp,datenqualitaet,interessenkonflikt,quelle_url,pruefdatum
A01 LTK Plattformstatistik (Unternehmensseite),Person (überwiegend Gesichts-Creator),LTK (Traffic v.a. Instagram),Mode/Beauty/Home,global/US,–,>130 Creator mit ≥1 Mio. $ (kumuliert); Creator haben kumuliert 1 Mrd. $ über LTK verdient; ~5 Mrd. $ Händlerumsatz/Jahr,kumuliert bis 2026,nicht rechenbar,Keine View-Daten,Observed (Plattform-Statistik),"VERIFIED (Unternehmensangabe, nicht auditiert)",Unternehmens-PR; Top-Creator-Selektion,https://company.shopltk.com/en/press,2026-09-26
A02 LTK laut TIME100 Companies 2025,Person,LTK,Mode/Beauty/Home,global/US,40 Mio.+ Shopper/Monat,'Hundreds of creators have made $1 million or more' (lt. Unternehmen); >5 Mrd. $ Jahresumsatz über Plattform,kumuliert bis 2025,nicht rechenbar,–,Observed (Plattform-Statistik),VERIFIED (Unternehmensangabe in seriöser Presse),Unternehmensangabe,https://time.com/collections/time100-companies-2025/7289649/ltk/,2026-09-26
A03 Mavely Auszahlungen 2024 (TechCrunch),Person (Micro/Nano 'Everyday Influencer'),Mavely (Instagram/TikTok-Links),Mode/Retail,US,>85.000 Creator,16 Mio. $ ausgezahlt (Provisionen+Kampagnenhonorare) Jan–Jul 2024; kumuliert 37 Mio. $,Jan–Jul 2024,nicht rechenbar,16.000.000 $ / 85.000 Creator = ~188 $ pro Creator in 7 Monaten = ~27 $/Monat (Mittelwert; Median nicht berichtet),Observed (Plattform-Statistik),VERIFIED (Unternehmensangabe ggü. TechCrunch),Unternehmensangabe,https://techcrunch.com/2024/08/27/mavely-influencer-social-commerce-platform-675m-gmv/,2026-09-26
A04 ShopMy (TechCrunch 2024),Person,ShopMy,Beauty/Mode,US,–,'tens of millions in commissions' kumuliert; Provisionssätze 10–30%,kumuliert bis 03/2024,nicht rechenbar,Keine Verteilung/Median veröffentlicht,"Observed (Plattform-Statistik, grob)","VERIFIED (Unternehmensangabe, unspezifisch)",Unternehmensangabe,https://techcrunch.com/2024/03/14/shopmy-influencer-marketing-platform-lands-18-5-million-funding-round/,2026-09-26
A05 IMH Affiliate Marketing Benchmark Report (Umfrage),gemischt (alle Affiliates inkl. Blogger),kanalübergreifend,alle,global,–,"57,55% <10k $/Jahr; 16,21% 10–50k; 5,15% 50–100k; 7,94% 100–150k; 3,78% >150k $/Jahr Affiliate-Einkommen",Umfrage 2022 (PDF 'Benchmark 2023'),nicht rechenbar,"≥5k $/Monat = ≥60k $/Jahr -> zwischen 11,72% (≥100k) und 16,87% (≥50k); ≥10k $/Monat (120k/Jahr) -> 3,78–11,72%; ≥20k $/Monat (240k/Jahr) -> <3,78%. Selbstselektierte Umfrage, nicht Social-spezifisch","Plausible (Umfrage, Selbstselektion)",THIRD-PARTY ESTIMATE (Umfrage),IMH/Refersion verkaufen Affiliate-Software,https://influencermarketinghub.com/ebooks/Affiliate_Marketing_Benchmark-Report-2023.pdf,2026-09-26
A06 Linktree Creator Report 2022 (n=9.576),Person/gemischt,kanalübergreifend,alle,global,–,12% der Vollzeit-Creator >50k $/Jahr; 46% <1k $; Affiliate (ohne Amazon) genutzt von 10–15%,Befragung 2021,nicht rechenbar,Keine Affiliate-Einkommensverteilung,Plausible (Umfrage),THIRD-PARTY ESTIMATE (Umfrage),Linktree verkauft Creator-Tools,https://linktr.ee/creator-report/,2026-09-26
A07 Goldman Sachs Creator Economy (2023),gemischt,kanalübergreifend,alle,global,–,~4% der Creator gelten als 'professionell' (>100k $/Jahr),2023,nicht rechenbar,–,Plausible (Research-Schätzung),THIRD-PARTY ESTIMATE,keiner erkennbar,https://www.goldmansachs.com/insights/articles/the-creator-economy-could-approach-half-a-trillion-dollars-by-2027,2026-09-26
A08 IMH/NeoReach Creator Earnings Report 2025 (n>3.000),Person/gemischt,kanalübergreifend,alle,global,"1,1 Mrd. Follower aggregiert",>50% der Creator <15k $/Jahr; ~57% der Vollzeit-Creator unter US-Living-Wage; keine Affiliate-Aufschlüsselung,2025,nicht rechenbar,–,Plausible (Umfrage),THIRD-PARTY ESTIMATE (Umfrage),NeoReach = Agentur,https://influencermarketinghub.com/creator-earnings-report-2025/,2026-09-26
"A09 TikTok-Shop-Affiliate-GMV-Verteilung (Short Form Nation, 1,2 Mio. Profile)",gemischt,TikTok Shop,alle,US,"1,2 Mio. Creator-Profile",Top 1%: Ø 600k $ GMV/Jahr; Top 5%: 80k $; Top 20%: 8k $; untere 80%: 200–800 $ GMV/Jahr,ca. 2025/26,nicht rechenbar,"Provision bei ~13%: Top 1% ≈ 78k $/Jahr ≈ 6.500 $/Monat; Top 5% ≈ 10,4k $/Jahr ≈ 870 $/Monat; Top 20% ≈ 1.040 $/Jahr ≈ 87 $/Monat",Possible but weak evidence,THIRD-PARTY ESTIMATE (Methodik nicht offengelegt),"Anbieter verkauft Affiliate-Software; Syncly bemängelt, dass solche Zahlen ohne zuordenbaren Datensatz zirkulieren",https://www.shortformnation.com/blog/tiktok-shop-affiliate-marketing-the-complete-2026-guide,2026-09-26
A10 'Amazon Influencer Program Statistics 2026' (SEO-Aggregator),unklar,Amazon,alle,US,–,u.a. 'Micro-Creator Ø 312 $/Monat' vs. 'Nano-Creator Median 1.340 $/Monat' (widersprüchlich); 'Median 7-Monats-Einkommen 24.360 $' bei ≥1.000 Videos,2026 (angeblich),nicht rechenbar,"Widersprüchliche Zahlen, Quellen nicht nachprüfbar -> nicht verwendet",No credible evidence,UNKNOWN,"SEO-Content, vermutlich KI-generiert",https://www.amraandelma.com/amazon-influencer-program-statistics/,2026-09-26
B01 lgsagency: neues faceless IG-Konto -> Amazon Storefront,faceless Theme-Page (Home-Finds; 1x Seitenprofil gezeigt),Instagram Reels -> Amazon Influencer Storefront,Home/Deko 'affordable finds',US (vermutl. amazon.com),216 -> 3.084 Follower in 48 Tagen; 61 Posts; mehrere Reels >100k Views; 11.232 Storefront-Klicks (Mai),"531,16 $ Provision (Mai) aus 13.145,50 $ versandtem Umsatz; gesamt 789,63 $ inkl. Boni/Brand-Deal in 48 Tagen",48 Tage (Apr.–Mai 2026; Artikel vom 02.06.2026),nicht rechenbar (Gesamt-Views fehlen),"EPC = 531,16/11.232 = 0,047 $/Klick; 571 Bestellungen/11.232 Klicks = 5,1%; AOV = 13.145,50/571 = 23,0 $; eff. Satz = 4,0%",Plausible (detaillierter Selbstbericht),CLAIMED,Autorin betreibt Agentur + bezahlten Newsletter,https://lgsagency.substack.com/p/i-started-a-brand-new-instagram-account,2026-09-26
B02 lgsagency: Kunden-Claims 36k $ bzw. >100k $/Monat,unklar,Amazon Influencer Program,Home,US,–,"'clients consistently generating $36,000 a month'; 'one client clearing over $100,000 a month' (unklar ob Umsatz oder Provision; unklar ob Social oder Onsite)",2026,nicht rechenbar,Ambig. -> nicht verwertbar,Possible but weak evidence,CLAIMED,Agentur-Marketing,https://lgsagency.substack.com/p/i-had-an-amazon-storefront-for-years,2026-09-26
B03 Instagram-Repost-Theme-Page mit Amazon-Links (Reddit),faceless Theme-Page (Repost/Kuratierung),Instagram Reels -> Amazon Associates,gemischt/Trend-Reposts,unklar (vermutl. US),"~3.000 Follower; 2 virale Reels mit 2,5 Mio. + 11,9 Mio. Views; sonst 2–3k Views/Post",45 $ Amazon-Provision,3–4 Monate,"~3,1 $ pro 1 Mio. Views","45 $ / (2,5 + 11,9 = 14,4 Mio. Views) = 3,13 $/Mio.",Plausible (konsistent mit geringer Kaufabsicht),CLAIMED,keiner erkennbar (Ratsuche),https://www.reddit.com/r/AffiliateMarket/comments/1l67bcn/feeling_lost_after_earning_my_first_45_from/,2026-09-26
B04 Pinterest-Konto Food/Home mit Amazon-Links (Reddit),faceless Pinterest-Konto,Pinterest -> Amazon Associates,Food/Home-Deko,unklar,"12 Mio. Impressions; 186,5k Saves; 435 Outbound-Klicks",4 $ Provision,4 Monate,"~0,33 $ pro 1 Mio. Impressions","4 $ / 12 Mio. Impr. = 0,33 $/Mio.; Outbound-CTR = 435/12 Mio. = 0,0036%",Plausible,CLAIMED,keiner erkennbar,https://www.reddit.com/r/AffiliateMarket/comments/1s9ljyd/low_pinterest_click_rates/,2026-09-26
B05 Pinterest Mode-Pins mit Amazon-Links (Reddit),faceless Pinterest-Konto,Pinterest -> Shopify-Landingpage -> Amazon,Mode,unklar,"'thousands of views', keine Outbound-Klicks","0,80 $ gesamt",~3 Monate (ab 11/2024),nicht rechenbar,Views nicht beziffert,Plausible,CLAIMED,keiner,https://www.reddit.com/r/AffiliateMarket/comments/1nusbch/amazon_affiliate_marketing_through_pinterest/,2026-09-26
B06 Amazon.ca Storefront Klicks vs. Provision (r/Amazon_Influencer),unklar (Review-Videos),Amazon Storefront (CA),gemischt,CA,751 Klicks (Sep 2024–Jan 2025),"167,51 $ Provision in 5 Monaten",09/2024–01/2025,nicht rechenbar (keine Views),"EPC = 167,51/751 = 0,22 $/Klick; Monatswerte 5–69 $",Plausible,CLAIMED,keiner,https://www.reddit.com/r/Amazon_Influencer/comments/1iwfn9l/amazon_canadian_storefront/,2026-09-26
"B07 Amazon-Associates via TikTok/IG Reels (Reddit, 'iTraky'-Posts)",unklar (Gadget-Videos),TikTok + IG Reels -> Amazon,Gadgets/Home/Tech,ES/EU,CTR top Videos 8% -> 14–16%,400–500 $/Monat -> 850–950 €/Monat (Parallelpost: 600 -> 1.100 $),2025/26,nicht rechenbar,Keine Views,Possible but weak evidence,CLAIMED,Verdacht auf verdeckte Tool-Werbung (fast identische Posts; Datumsfehler 'since October 2026' in Post vom Feb 2026),https://www.reddit.com/r/Affiliatemarketing/comments/1qj5ioo/how_i_doubled_my_amazon_affiliate_commissions/,2026-09-26
B08 Multi-Plattform-Test Social-Affiliate (Reddit 2026),faceless/unklar,"TikTok, IG, Pinterest, YT Shorts -> Landingpage",Fitness/Supplements,unklar,6 Monate: TikTok 2.100 Follower/~800 Klicks; IG 1.400/~300; Pinterest 900/~1.200; Shorts 600/~150,"~400–600 $/Monat Affiliate-Umsatz aus ~2.500 Social-Besuchen/Monat (CR ~2,3%)",6–8 Monate,nicht rechenbar (keine Views),"EPC ≈ 400–600 $ / 2.500 Besuche = 0,16–0,24 $",Possible but weak evidence,CLAIMED,nennt SMM-Panel-Dienst namentlich (mögliche Schleichwerbung),https://www.reddit.com/r/Affiliatemarketing/comments/1qgvlgu/building_social_media_audiences_for_affiliate/,2026-09-26
"B09 Faceless TikTok (Voiceover) Kaffee-Nische, Amazon (Reddit)",faceless (Voiceover),TikTok -> Amazon Associates,Kaffee-Equipment,unklar,"~60 Videos, meist 200–400 Views; 1 Video 47k Views -> ~15 Klicks -> 0 Verkäufe","erste Provision 8,47 $ nach 4 Monaten",4 Monate,0 $ für das 47k-View-Video,"CTR = 15/47.000 = 0,03%; Umsatz 0",Plausible,CLAIMED,keiner,https://www.reddit.com/r/Affiliatemarketing/comments/1r84c5r/got_my_first_affiliate_commission_after_4_months/,2026-09-26
B10 Faceless YouTube (Text-to-Speech) Amazon-Reviews (Reddit 2023),faceless (TTS),YouTube -> Amazon,Amazon-Produkte,US/EU/Asien,~12.000 Views -> 1.500 Link-Klicks -> 7 Verkäufe,~9 $ Provision,wenige Tage,~750 $ pro 1 Mio. Views,"9 $ / 12.000 Views × 1.000.000 = 750 $; CR Klick->Kauf 0,47%",Plausible (kleine Stichprobe),CLAIMED,keiner,https://www.reddit.com/r/Affiliatemarketing/comments/1040ttu/youtube_12000_views_1500_clicks_only_7_sold/,2026-09-26
B11 Faceless Tech-YouTube-Kanal Monate 1–3 (r/juststart 2022),faceless,YouTube (Long-Form) -> Amazon,Tech,unklar,"41.275 Views, 243 Abos (3 Monate)","36,68 $ Amazon-Provision",3 Monate (2022),~889 $ pro 1 Mio. Views,"36,68 $ / 41.275 Views × 1.000.000 = 888,7 $",Plausible (kleine Stichprobe),CLAIMED,keiner,https://www.reddit.com/r/juststart/comments/w1th77/faceless_tech_youtube_channel_month_3/,2026-09-26
"B12 Amazon Associates effektive Rate (Website-Affiliate, Reddit 04/2026)",Website (kein Social),Blog -> Amazon,gemischt,UK/EU,–,~16.000 $ vermittelter Umsatz -> ~400 $ Provision; Klage über Senkung 'near 10% to around 3%' + Scope-Änderung April 2026,2026,nicht rechenbar,"400/16.000 = 2,5% effektiver Satz",Plausible,CLAIMED,keiner,https://www.reddit.com/r/Affiliatemarketing/comments/1sadlbu/worrying_amazon_associates_update/,2026-09-26
B13 'State of the Amazon Influencer Program July 2026' (Reddit-Profilpost),–,Amazon Influencer / Meta,–,US,–,Behauptet: seit 14.04.2026 Onsite-Provision nur auf exakte ASIN; Mai-2026-Satzkürzungen unbestätigt; Meta-IG/FB-Affiliate-Partnerschaft mit Amazon live (IG-Schwelle ~1.000 Follower),07/2026,nicht rechenbar,–,Possible but weak evidence,CLAIMED,Autor baut eigenes Tool,https://www.reddit.com/r/u_MilesInsights/comments/1um3o54/state_of_the_amazon_influencer_program_july_2026/,2026-09-26
"B14 Amazon-Onsite-Videos faceless, erste 30 Tage (r/Amazon_Influencer 2026)",faceless (Person ohne Gesicht),Amazon Onsite-Videos (kein Social-Traffic),Haushalt,US,145 Videos; 1.050 Views; 398 Klicks; 54 versandte Artikel,34 $,30 Tage (2026),~32.400 $ pro 1 Mio. ONSITE-Views (Kaufabsicht!),34 $ / 1.050 Views × 1.000.000 = 32.381 $; Klickrate 38%,Plausible (kleine Stichprobe),CLAIMED,keiner,https://www.reddit.com/r/Amazon_Influencer/comments/1rmzspz/first_30_days_checkin/,2026-09-26
B15 Jewel Tolentino (eBiz Facts),faceless (95% nur Hände+Stimme),Amazon Onsite-Videos,Haushalt,CA/US,800 Videos im 1. Jahr,14.331 $ im 1. Jahr (~1.200 $/Monat),1. Jahr,nicht rechenbar,–,Plausible,CLAIMED (via Kurator),Kurator-Newsletter mit Affiliate-Links,https://ebizfacts.com/jewel-tolentino-amazon-influencer-video-reviews-14k-first-year/,2026-09-26
"B16 Trevin Peterson (eBiz Facts, 09/2026)",faceless möglich ('no face required'),Amazon Onsite-Videos,Haushalt,US,–,"12.000 $ in 30 Tagen, davon nur 2.000 $ Standardprovision, Rest Creator Connections (Brand-Kampagnen)",30 Tage (2026),nicht rechenbar,Standardprovision = 17% des Einkommens,Possible but weak evidence,CLAIMED (Interview via Kurator),Kurator,https://ebizfacts.com/trevin-peterson-amazon-influencer-10k-month-video-reviews/,2026-09-26
"B17 John Muscarello (eBiz Facts, 09/2026)",unklar,Amazon Onsite-Videos,gemischt,US,~5.000 Videos,27k $ und 35k $ Umsatz in jüngsten Monaten; nach Amazon-Satzkürzung (April) nur noch Brand-Kampagnen (≥10% vs. üblich 1–3%); kauft 70–100 Produkte/Monat,2026,nicht rechenbar,–,Possible but weak evidence,CLAIMED,Kurator,https://ebizfacts.com/john-muscarello-amazon-influencer-30k-month-product-research/,2026-09-26
"B18 Andreea Matei (eBiz Facts, 02/2026)",Person,Amazon Onsite-Videos,Haushalt/Gadgets,US,3.500 Videos,"181k $ kumuliert; 5–6k $/Monat (~2k Standard, ~4k Creator Connections, ~0,5k Brand Deals)",2022–2026,nicht rechenbar,–,Plausible,CLAIMED,Kurator,https://ebizfacts.com/andreea-matei-amazon-influencer-5k-month-product-review-videos/,2026-09-26
B19 Fortune 2023: Brooke JuLyn / UnderCurrent,Person,Amazon Inspire/Influencer,Lifestyle,US,–,5.000–50.000 $/Monat (Provisionen+Tools+Brand Deals; 'Fortune did not verify'); Top-Influencer der Agentur >1 Mio. $/Jahr Amazon-Provision; Inspire ~3% Provision,2023,nicht rechenbar,–,Possible but weak evidence,"CLAIMED (in seriöser Presse, unverifiziert)",Talent-Agentur,https://www.fortune.com/2023/06/27/amazon-platform-attracting-creators-commerce-content-commissions-shopping,2026-09-26
B20 Amazon PR: Amanda Heiser,Person,Amazon Influencer,Lifestyle,US,–,7 $ im 1. Monat (2020) -> 2023 ein Monatseinkommen = früheres Vollzeitgehalt,2020–2025,nicht rechenbar,–,Possible but weak evidence,CLAIMED (Amazon-PR),Amazon-Eigenwerbung (Survivorship),https://www.aboutamazon.com/news/retail/how-amazon-influencer-program-works,2026-09-26
B21 Jared Bauman (eBiz Facts),faceless möglich ('don't even have to show your face'),"Amazon Onsite-Videos (Social-Konto nur für Zulassung, ~2.000 Follower)",Haushalt,US,1.200 Videos im 1. Jahr,40.000 $ in 12 Monaten (~3.300 $/Monat),1. Jahr,nicht rechenbar,–,Plausible,CLAIMED (via Kurator),Kurator,https://ebizfacts.com/jared-bauman-amazon-influencer-program-40k-year-1/,2026-09-26
B22 Hella Bella (eBiz Facts),unklar,Amazon Onsite-Videos,Haushalt,US,75 Videos im 1. Monat,968 $ im 1. Monat,09/2024,nicht rechenbar,–,Plausible,CLAIMED (via Kurator),Kurator,https://ebizfacts.com/hella-bella-amazon-influencer-968-first-month/,2026-09-26
"B23 Amazon-Influencer 2,5 Jahre Rückblick (r/Amazon_Influencer 01/2025)",unklar,Amazon Onsite-Videos,gemischt,US,+600 Videos in 2024,"2024 erstmals weniger Einkommen als Vorjahr trotz 600 zusätzlicher Videos; Ursachen: Video-Sättigung, Amazon-Platzierungsexperimente",2022–2024,nicht rechenbar,qualitativ (keine Beträge),Plausible,CLAIMED,keiner,https://www.reddit.com/r/Amazon_Influencer/comments/1i02yg2/my_experience_being_in_the_amazon_influencer/,2026-09-26
C01 electricfinger0: KI-Video Supplement (Kalodata-Schätzung),AI-Page (faceless),TikTok Shop,Männer-Supplement (Health),US,11k Follower; >5 Mio. Views in ~3 Monaten,"Kalodata: 77,7k $ in 30 Tagen (Text nennt 'commissions', Rechnung deutet auf GMV); Kurator: >270k $ gesamt; bei 30% Provision ~1.000 $/Tag",~3 Monate (bis 03/2025),~16.000 $ pro 1 Mio. Views (Annahme),Annahme 270k $ = GMV: 270.000/5 Mio. = 54.000 $ GMV pro Mio.; × 30% = 16.200 $ Provision pro Mio. Views; Werbeverstärkung durch Marke nicht ausgeschlossen,Possible but weak evidence (Ausreißer),THIRD-PARTY ESTIMATE,Kurator; Health-Claims-Risiko,https://ebizfacts.com/tiktok-affiliate-marketing-electricfinger0-viral-video/,2026-09-26
C02 David Margaryan: faceless KI-TikTok-Shop-Clips,"AI-Page (mehrere Konten, VA)",TikTok Shop,Trendprodukte,US,15–20 Clips/Tag über mehrere Konten,'one client account hit $14K in its first 30 days' (GMV vs. Provision unklar),30 Tage (2026),nicht rechenbar,Geschäftsmodell setzt auf Marken-Ads auf konvertierende Videos,Possible but weak evidence,CLAIMED,Kurs/Agentur-Anbieter,https://ebizfacts.com/14k-30-days-faceless-ai-tiktok-shop-affiliate-videos/,2026-09-26
"C03 colesdeals (TikTok Shop, Reddit 12/2025)",Deal-Page (teils vor der Kamera),TikTok Shop,Deals/Produkte,US,1 Video ~5 Mio. Views (Black Friday),"~15.000 $ GMV in 1 Woche; 2.500–3.000 $ Provision – danach Sperre wegen 'unoriginal content', ~3.000 $ Provision eingefroren",1 Woche (11/2025),~500–600 $ pro 1 Mio. Views,2.500–3.000 $ / 5 Mio. Views = 500–600 $/Mio. (Annahme: Wochen-GMV v.a. aus diesem Video); GMV 3.000 $/Mio.,Plausible,CLAIMED,keiner (Hilferuf),https://www.reddit.com/r/TikTokshop/comments/1pqbx8j/tiktok_shop_banned_my_account_and_locked_3000_in/,2026-09-26
"C04 Yandi Latino (Ranking, eBiz Facts 07/2026)",Person (Livestreams),TikTok Shop,Haushalt (Shark-Staubsauger),US,"12,3k Follower","1,16 Mio. $ GMV im März 2026; bei ~13% ≈ 150k $ Provision",03/2026,nicht rechenbar,"1,16 Mio. × 13% = 150,8k $",Possible but weak evidence,THIRD-PARTY ESTIMATE (Ranking-Daten),Kurator,https://ebizfacts.com/yandi-latino-tiktok-shop-1m-month-12k-followers/,2026-09-26
C05 'Shop with Brooke' Projektor-Video (Schätzung),Person,TikTok Shop,Elektronik (Beamer),US,1 Video 21 Mio. Views; ~15k Follower,Schätzung 432.880 $ Umsatz in 7 Tagen (YouTuber-Tool-Schätzung); bei 5% ≈ 20k $/Woche,7 Tage (2024/25),nicht rechenbar,Views im 7-Tage-Fenster unbekannt,Possible but weak evidence,THIRD-PARTY ESTIMATE,Kurator/YouTuber,https://ebizfacts.com/shop-with-brooke-tiktok-ugc-affiliate-marketing-50k-month/,2026-09-26
C06 UK-Creatorin (Reddit 05/2026),Person,TikTok Shop,Familie/Home/Spielzeug,UK,"Affiliate-Videos 500k + 30k Views; organisches Video 6,5 Mio.","~10.000 £ GMV im Mai (bis dato), inkl. Livestreams",1 Monat,nicht rechenbar,GMV nicht sauber Videos zuordenbar; Provisionssatz unbekannt,Plausible,CLAIMED,keiner,https://www.reddit.com/r/TikTokshop/comments/1toxgzs/best_agencies_to_level_up_with/,2026-09-26
C07 TikTok-Shop-Neuling (Reddit 09/2026),unklar,TikTok Shop,gemischt,US,Videos 500–1.000 Views,"2 Verkäufe, 4,40 $ Provision",~1 Monat,nicht rechenbar,–,Plausible,CLAIMED,keiner,https://www.reddit.com/r/TikTokshop/comments/1w7qlfg/what_am_i_doing_wrong/,2026-09-26
C08 Brand-Owner: Reichweiten-Drosselung getaggter Affiliate-Videos (Reddit 06/2026),– (Markensicht),TikTok Shop,Beauty/Produkt,US,Test: getaggtes Video ~800 Views vs. ungetaggtes ~10× mehr,Shop ~400k $ Umsatz 01/2025–01/2026; seit 01/2026 Affiliate-Reichweite nur mit GMV-Max/Ads,2025–2026,nicht rechenbar,–,Possible but weak evidence (n=1-Test),CLAIMED,Marke,https://www.reddit.com/r/TikTokshop/comments/1ugrszw/if_youre_a_tiktok_shop_affiliate_getting_low/,2026-09-26
"C09 Brand: 50 Samples, 2 Verkäufe (Reddit 02/2026)",– (Markensicht),TikTok Shop,Premium-Produkt,US,die meisten Affiliate-Videos 0 Views,2 Verkäufe gesamt,2026,nicht rechenbar,–,Plausible,CLAIMED,keiner,https://www.reddit.com/r/TikTokshop/comments/1r7h6jy/50_samples_sent_2_sales_total_is_tiktok_shop_just/,2026-09-26
"C10 Faceless TikTok-Shop-Konto (Reddit 07/2026, rückblickend)",faceless,TikTok Shop,unklar,US,–,'made like $600' (gesamt),~2024,nicht rechenbar,–,Possible but weak evidence,CLAIMED,keiner,https://www.reddit.com/r/TikTokshop/comments/1v7p0ew/is_tiktok_shop_still_worth_it_in_2026/,2026-09-26
D01 Herrenmode-Theme-Page (Pinterest-Fotos) + eigene Affiliate-Seite (Reddit 2024),faceless Theme-Page,Instagram Reels -> eigene Website -> ASOS/Zara/H&M,Herrenmode,EU (€),"2 Reels >1 Mio. Views, je ~4k neue Follower","200+ Bestellungen, AOV 60 €, 10–15% -> ~1.200–1.800 € Provision",'first months',≤ ~600–900 € pro 1 Mio. Views (Obergrenze),"200 × 60 € × 10–15% = 1.200–1.800 €; ÷ ≥2 Mio. Views -> ≤600–900 €/Mio. (Gesamt-Views unbekannt, eher höher)",Plausible,CLAIMED,keiner erkennbar,https://www.reddit.com/r/InstagramMarketing/comments/1fza89h/how_i_started_my_theme_page_on_instagram_and/,2026-09-26
"D02 'CordBrick' Lifestyle-Theme-Page (u/optimizever, 2 Posts)",faceless Theme-Page (UGC vom Programm),Instagram Reels -> Bio-Link -> Affiliate,Gadget (Kabelhalter),US,keine Views genannt,"'just over $7K in affiliate commissions in 2 months' (2,4k in 3 Wochen); Parallelpost '$20–50/day'",2 Monate (2025),nicht rechenbar,–,Possible but weak evidence,CLAIMED,Autor bietet per DM Produktlink/Promo-Material an -> vermutlich Partner-Rekrutierung,https://www.reddit.com/r/InstagramMarketing/comments/1lgw22h/how_i_made_7000_in_60_days_with_a_physical/,2026-09-26
"D03 Faceless KI-Videos, '1M monthly views' (Reddit 11/2025)",AI-Page (faceless),Instagram/Short-Form -> Affiliate-Produkt,Produkt-Edu,unklar,~1 Mio. Views/Monat,'minimum of $1000 every month' Provisionen,~6 Monate,~1.000 $ pro 1 Mio. Views,1.000 $ / 1 Mio. Views,Possible but weak evidence,CLAIMED,verkauft Guide/Beratung per DM (von Kommentatoren kritisiert),https://www.reddit.com/r/digitalproductselling/comments/1onn49i/i_generated_1m_monthly_views_organically_through/,2026-09-26
D04 Esther Luvv: Portfolio faceless IG-Pages (eBiz Facts),"faceless Theme-Pages (Comedy/Model), mehrere",Instagram,Comedy/Model,unklar,mehrere Pages,"~4.000 $/Monat 'passive profit' aus Story-Promotions, Affiliate-Deals, Account-Flips",2025,nicht rechenbar,"Mix, nicht rein Affiliate; Portfolio",Possible but weak evidence,CLAIMED,Kurator,https://ebizfacts.com/esther-luvv-4k-month-passive-income-instagram/,2026-09-26
D05 Basem Kamal: Theme-Page-Portfolio (WifiMoolah),faceless Theme-Pages (mehrere),Instagram,gemischt,unklar,–,16.045 $ in 60 Tagen (Portfolio; Shoutouts/Deals/Affiliate gemischt),60 Tage,nicht rechenbar,"Portfolio, nicht eine Page",Possible but weak evidence,CLAIMED,Newsletter/Guru-Umfeld,https://wifimoolah.com/p/idea-53,2026-09-26
D06 WifiMoolah Follower-Stufen,faceless Theme-Page (generisch),Instagram,gemischt,–,100k+ / 500k+ Follower,"'500K+ followers can generate $10,000–25,000/month'; 100k+: 5–15k $/Monat (v.a. Shoutouts/Sponsoring); Affiliate nur bei 1–5k Follower '50–200 $/Monat'",–,nicht rechenbar,Pauschale Spannen ohne Belege,No credible evidence,UNKNOWN,Newsletter/Guru,https://wifimoolah.com/p/idea-53,2026-09-26
D07 faceless.my Umsatz-Schätzungen Top-Pages,faceless Theme-Pages,Instagram,Finance/Travel/Quotes,global,z.B. @wealth 15 Mio.; @travly 212k,"@wealth 80–200k $/Monat; @travly 0,5–2k $/Monat (modelliert: Follower × Sponsoring-Rate × Deals + Affiliate)",05/2026,nicht rechenbar,"Modell, keine Ist-Daten; v.a. Sponsoring",No credible evidence (für Affiliate),THIRD-PARTY ESTIMATE (Modell),Seite verkauft Nischen-Packs,https://faceless.my/instagram/top-faceless-instagram-pages/,2026-09-26
D08 Medium 'Faceless Instagram Theme Pages: $5K/Month Formula (2026)',faceless Theme-Page,Instagram,Luxus-Reisen/Fitness,–,127k Follower in 4 Monaten (Reise),"lt. Such-Snippet 2,3k $/Monat (Shoutouts + Affiliate)",–,nicht rechenbar,"Seite 403, Inhalt nicht prüfbar",No credible evidence,UNKNOWN,Guru-Content,https://medium.com/write-a-catalyst/faceless-instagram-theme-pages-5k-month-formula-2026-5fbd3037ef3c,2026-09-26
D09 CreatorFlow Modellrechnung Haul-Reel,faceless/generisch,Instagram Reels -> DM-Link -> Amazon,Haul,–,300 Link-Anfragen,5 Käufe -> 9 $ Provision bei 4% (explizit hypothetisch),–,nicht rechenbar,Hypothetische Rechnung des Anbieters,No credible evidence (Modell),UNKNOWN,Anbieter verkauft DM-Automation,https://creatorflow.so/blog/amazon-influencer-scale-instagram-commissions/,2026-09-26
D10 'Brainrot'-Faceless-Page mit ManyChat (Reddit 2025),faceless Theme-Page,Instagram Reels,Reddit-Stories/Brainrot,unklar,"20k Views/Video, einzelne 50–500k",Sponsoring bis 5k $/Monat; danach eigener Digital-Guide – KEIN Affiliate,2025,nicht rechenbar,Monetarisierung über Sponsoring/Eigenprodukt,Possible but weak evidence,CLAIMED,verkauft eigenen Guide,https://www.reddit.com/r/socialmedia/comments/1mmi4js/how_i_growth_hacked_instagram_update/,2026-09-26
D11 Liam James Kay: bezahlte IG-Shoutouts für Affiliate-Produkte,faceless/Shoutout-Einkauf,Instagram,gemischt,UK,–,22 $ Gewinn nach 3 Tagen Test,3 Tage (2023),nicht rechenbar,–,Possible but weak evidence,CLAIMED,YouTuber/Kurator,https://ebizfacts.com/liam-james-kay-paying-instagram-influencers-to-promote-affiliate-products/,2026-09-26
D12 KI-Influencerin Dating-Nische (Reddit 04/2026),AI-Page (Avatar),Instagram/TikTok,Dating/Beziehung,unklar,von 0 in 4 Monaten,"'nearly $80K' (Mix unklar); Autor selbst: TikTok 2.100 Follower, Affiliate + TikTok Shop",12/2025–03/2026,nicht rechenbar,Einnahmemix unbekannt,Possible but weak evidence,CLAIMED,empfiehlt Avatar-Software (vermutl. Affiliate),https://www.reddit.com/r/DigitalIncomePath/comments/1skcsbk/can_this_make_money_ai_influencers_77k_in_4_months/,2026-09-26
D13 KI-Influencerin 33k Follower (Reddit 07/2026),AI-Page (Avatar),Instagram Reels,Lifestyle,unklar,"33k Follower; Reels 5k–150k Views, max. 2,5 Mio.",700 $ (Abos/Fans) + 529 $ wiederkehrende Affiliate-Einnahmen,2026,nicht rechenbar,"Affiliate = vermutl. Software-Referral, nicht Produkt",Possible but weak evidence,CLAIMED,Selbstvermarktung,https://www.reddit.com/r/DigitalIncomePath/comments/1uozy8m/700_from_just_17_subs_and_32_fans_529_in/,2026-09-26
D14 Theme-Page-Gründer nach 1 Jahr (Reddit r/Vent 02/2026),faceless Theme-Pages,Instagram,gemischt,unklar,'daily posting high quality reels ... to 500 followers max',~0 $,1–2 Jahre,nicht rechenbar,qualitativ,Plausible (anekdotisch),CLAIMED,keiner,https://www.reddit.com/r/Vent/comments/1r9cm0d/online_businesses_are_impossible/,2026-09-26
"D15 Kaml Abdel-Kader: faceless IG für eigene Apps (Vergleich, KEIN Affiliate)",faceless (Demos),Instagram Reels,Apps,global,150 Mio.+ Views gesamt; 1 Video ~3 Mio. Views -> ~10k Downloads,~10.000 $/Monat Peak (eigene Apps),Peak,nicht rechenbar,Views kumuliert vs. Monatsumsatz -> nicht rechenbar,Possible but weak evidence,CLAIMED (via Kurator),Kurator,https://ebizfacts.com/kaml-abdel-kader-9-apps-instagram-reels-10k-month/,2026-09-26
E01 Flippa VERKAUFT: 'Style by Sanne' Fashion-IG,unklar (Personenmarke möglich),Instagram,Mode,NL/EU,347k Follower,~1.805 $/Monat Umsatz; ~1.670 $ (≈1.420 €) Gewinn/Monat aus Affiliate + Brand-Kooperationen; Verkaufspreis 13.700 $,Verkauf 2025/26,nicht rechenbar,"Preis/Monatsgewinn = 13.700/1.670 ≈ 8,2×",Possible but weak evidence,CLAIMED (Verkäuferangabe),Verkäufer,https://flippa.com/12292926,2026-09-26
E02 Flippa VERKAUFT: Personal-Finance Multi-Plattform,faceless/unklar,IG+FB+TikTok+Threads,Personal Finance,unklar,18k Follower kombiniert,42 $/Monat (Affiliate); Verkaufspreis 947 $,2025/26,nicht rechenbar,–,Possible but weak evidence,CLAIMED,Verkäufer,https://flippa.com/13049678,2026-09-26
E03 Flippa VERKAUFT: ListBuzz (IG 115k + TikTok 62k),faceless Theme-Page,Instagram+TikTok,Virale Produkte,unklar,177k Follower gesamt,0 $/Monat (Affiliate-Kategorie); Verkaufspreis 1.500 $,2025/26,nicht rechenbar,–,Plausible,CLAIMED,Verkäufer,https://flippa.com/13733914,2026-09-26
E04 Flippa VERKAUFT: Wild-Food-IG,faceless Theme-Page,Instagram,Food/Exotik,global,187k Follower; Videos mit 58 Mio.+ Views,0 $/Monat; Verkaufspreis 1.709 $,2025/26,0 $,58 Mio. Views -> 0 $ ausgewiesener Umsatz,Plausible,CLAIMED,Verkäufer,https://flippa.com/13553549,2026-09-26
E05 Flippa ANGEBOT: 'Backstage Shorts' BTS/VFX-IG,faceless Theme-Page,Instagram,Film-BTS/VFX,IN/global,254k Follower; 144 Mio.+ Views in 55 Tagen (Ø 771k Views/Post),2 $/Monat Gewinn (Monetarisierung 'Other'); Preis 2.549 $,55 Tage (2026),"~0,03 $ pro 1 Mio. Views (gesamt, nicht nur Affiliate)","144 Mio./55 Tage × 30 = 78,5 Mio. Views/Monat; 2 $/78,5 = 0,025 $/Mio.",Plausible,CLAIMED,Verkäufer,https://flippa.com/13921895,2026-09-26
E06 Flippa ANGEBOT: Travels2Rome,faceless Theme-Page,Instagram,Reise Rom,IT,160k Follower,~1.300 $ ARR (Restaurant-Abos; Kategorie 'Affiliate Sales'); Gewinn 95 $/Monat; Preis 600 $,2026,nicht rechenbar,–,Plausible,CLAIMED,Verkäufer,https://flippa.com/13414294,2026-09-26
E07 Flippa ANGEBOT: Curly-Hair-IG,faceless Theme-Page,Instagram,Haare/Beauty,unklar,127k Follower; Reel mit 4 Mio.+ Views,0 $/Monat (Affiliate-Kategorie); Preis 4.999 $,2026,nicht rechenbar,–,Plausible,CLAIMED,Verkäufer,https://flippa.com/13088512,2026-09-26
E08 Flippa ANGEBOT: TikTok @patrickgalugu1,Person (Namenskonto),TikTok Shop + Affiliate + Brand Deals,E-Commerce,US,"272,2k Follower","Ø 5.089 $ Umsatz/Monat (Titel: 5,6k $), 4.289 $ Gewinn/Monat; Preis 12.000 $",2025/26,nicht rechenbar,"Preis/Monatsgewinn ≈ 2,8×",Possible but weak evidence,CLAIMED,Verkäufer (TikTok-Shop-Ambassador),https://flippa.com/12755755,2026-09-26
"E09 Flippa ANGEBOT: Moto-TikTok (Vergleich, nicht Affiliate)",faceless/unklar,TikTok,Motorrad,unklar,671k Follower; 14 Mio. Views/Monat,"9.973 $ in 4 Monaten (Monetarisierung 'Other', vermutl. Creator Rewards)",4 Monate,~178 $ pro 1 Mio. Views (nicht Affiliate),9.973/4 = 2.493 $/Monat ÷ 14 Mio. = 178 $/Mio.,Possible but weak evidence,CLAIMED,Verkäufer,https://flippa.com/13673243,2026-09-26
E10 Reddit-Verkaufsangebot 65k Ocean-Page,faceless Theme-Page,Instagram,Ozean-Fakten,unklar,65k Follower; einzelne Reels 22 Mio.+ Views,Preis 60–80 $,08/2025,nicht rechenbar,Marktwert ≈ 1 $ pro ~1.000 Follower,Plausible,CLAIMED,Verkäufer,https://www.reddit.com/r/InstagramMarketing/comments/1n1dsom/65k_instagram_page_for_sēll_ocean_niche/,2026-09-26
E11 Fameswap Marktplatz-Check,–,Fameswap,–,global,Browse-Filter nur YouTube/TikTok/Twitter/Websites; keine Instagram-Listings sichtbar; Details nur nach Login,keine Umsatzdaten abrufbar,Stand 2026-09-26,nicht rechenbar,Eigene Prüfung der Browse-Seite,Observed (eigene Prüfung),VERIFIED (Seitenabruf),–,https://fameswap.com/browse-theme-pages-for-sale,2026-09-26
