topic,n,median_views,max_views,p90_views,n_handles,total_reels_label,group,reels_on_topic,median_views_per_1k_reels,share_ai_generated,share_theme_pages,median_vpf
architecture,12,11750000.0,55200000.0,31950000.0,10,,architecture,,,0.3333333333333333,0.2222222222222222,134.0909090909091
cozy-rain,12,3850000.0,155000000.0,68000000.00000001,12,23K reels on Instagram,cozy_ambience,23000.0,167391.30434782608,0.4166666666666667,0.6666666666666666,27.666979362101316
dubai-luxury,12,3700000.0,7500000.0,5350000.0,11,10M reels on Instagram,location,10000000.0,370.0,0.0,0.45454545454545453,21.91780821917808
dream-room,12,3500000.0,282000000.0,10090000.0,12,1.1M reels on Instagram,fantasy_dream,1100000.0,3181.818181818182,0.2727272727272727,0.18181818181818182,3.6769129311766107
rainy-day,12,3450000.0,58500000.0,32340000.000000007,11,118M reels on Instagram,cozy_ambience,118000000.0,29.23728813559322,0.0,0.5833333333333334,36.38775510204081
modern-architecture,12,2950000.0,26800000.0,22280000.000000007,12,24M reels on Instagram,architecture,24000000.0,122.91666666666667,0.8333333333333334,0.16666666666666666,17.81818181818182
ai-art,12,2650000.0,147000000.0,89190000.00000003,10,114M reels on Instagram,ai,114000000.0,23.24561403508772,1.0,0.0,8.666666666666666
treehouse,12,2650000.0,85200000.0,7000000.0,12,9.8M reels on Instagram,unusual_home,9800000.0,270.40816326530614,0.6666666666666666,0.08333333333333333,22.084398976982097
lake-como-villa,12,2418500.0,18800000.0,12400000.0,11,25K reels on Instagram,location,25000.0,96740.0,0.0,0.16666666666666666,3.906368899917287
dream-home,12,2300000.0,13500000.0,4980000.0,12,151M reels on Instagram,luxury_home,151000000.0,15.2317880794702,0.6666666666666666,0.4166666666666667,3.996666666666667
monaco,12,2050000.0,7300000.0,5370000.0,12,44M reels on Instagram,location,44000000.0,46.59090909090909,0.0,0.16666666666666666,12.516025641025642
infinity-pools,12,1850000.0,7700000.0,6420000.0,12,319K reels,pool,319000.0,5799.373040752351,0.25,0.25,1.2630833333333333
luxury-house,12,1750000.0,4700000.0,3890000.0,11,10M reels on Instagram,luxury_home,10000000.0,175.0,0.09090909090909091,0.45454545454545453,6.115942028985507
ai-interior-design,12,1719500.0,28600000.0,20450000.000000004,12,152K reels on Instagram,ai,152000.0,11312.5,0.5833333333333334,0.08333333333333333,43.69503546099291
amalfi-coast,12,1650000.0,29000000.0,16990000.000000004,12,21M reels on Instagram,location,21000000.0,78.57142857142857,0.0,0.09090909090909091,4.739336492890995
treehouse-hotel,12,1600000.0,13800000.0,4990000.0,12,,hotel_resort,,,0.1111111111111111,0.1,3.0756718750000003
luxury-penthouse,12,1500000.0,72100000.0,18020000.000000004,10,373K reels on Instagram,luxury_home,373000.0,4021.4477211796248,0.0,0.18181818181818182,5.818181818181818
home-decor-ideas,12,1400000.0,77200000.0,69590000.00000001,12,20M reels on Instagram,decor_commerce,20000000.0,70.0,0.18181818181818182,0.0,9.56175298804781
mykonos,12,1300000.0,4800000.0,4470000.000000001,12,29M reels on Instagram,location,29000000.0,44.827586206896555,0.08333333333333333,0.0,21.310679611650485
bedroom-decor,12,1250000.0,13100000.0,3770000.0000000005,11,46M reels on Instagram,room_generic,46000000.0,27.17391304347826,0.0,0.09090909090909091,1.963350785340314
kitchen-design,12,1250000.0,6200000.0,4410000.0,12,102M reels on Instagram,room_generic,102000000.0,12.254901960784315,0.0,0.0,17.91044776119403
luxury-interior-design,12,1200000.0,55500000.0,2270000.0,10,4M reels on Instagram,interior_generic,4000000.0,300.0,0.45454545454545453,0.5454545454545454,5.141388174807198
luxury-mansion,12,1150000.0,34700000.0,3810000.0000000005,11,,luxury_home,,,0.16666666666666666,0.4166666666666667,1.0125947995666305
luxury-bathroom-design,12,1134500.0,6700000.0,5830000.000000001,11,124K reels on Instagram,luxury_room,124000.0,9149.193548387097,0.36363636363636365,0.18181818181818182,7.233009708737864
dream-bedrooms,12,1121000.0,45100000.0,6880000.000000001,8,9.5K reels on Instagram,luxury_room,9500.0,118000.0,0.9166666666666666,0.5,6.597658227848101
luxury-real-estate,12,1119000.0,9800000.0,7790000.000000002,10,85M reels on Instagram,luxury_home,85000000.0,13.16470588235294,0.08333333333333333,0.4166666666666667,16.4794762915782
underground-house,12,1109500.0,17300000.0,16200000.000000002,11,687K reels on Instagram,unusual_home,687000.0,1614.9927219796216,0.5833333333333334,0.5,0.7915492957746479
luxury-garden,12,1087000.0,78400000.0,14210000.000000002,11,482K reels on Instagram,garden_outdoor,482000.0,2255.1867219917012,0.25,0.3333333333333333,7.177184466019417
luxury-resort,12,1055000.0,5400000.0,2960000.0,12,7.3M reels on Instagram,hotel_resort,7300000.0,144.5205479452055,0.09090909090909091,0.25,3.044944086991619
chalet,12,1050000.0,5000000.0,2500000.0,10,9.8M reels,location,9800000.0,107.14285714285714,0.0,0.4166666666666667,5.816354045536512
tulum,12,1000000.0,7400000.0,3260000.0,11,47M reels on Instagram,location,47000000.0,21.27659574468085,0.0,0.0,9.529303675048357
ai-home-design,12,985000.0,28600000.0,6570000.0,12,37K reels on Instagram,ai,37000.0,26621.62162162162,0.6666666666666666,0.16666666666666666,7.120748299319728
dream-life,12,946500.0,6900000.0,2480000.0,12,13M reels on Instagram,fantasy_dream,13000000.0,72.8076923076923,0.0,0.45454545454545453,22.0
bedroom-design,12,937000.0,13100000.0,2050000.0000000002,12,22M reels on Instagram,room_generic,22000000.0,42.59090909090909,0.25,0.16666666666666666,5.068996415770609
ai-interior-designer,12,935000.0,28600000.0,20440000.000000004,12,700+ reels on Instagram,ai,700.0,1335714.285714286,0.5,0.0,39.09191994069681
living-room-design,12,914500.0,5300000.0,2330000.0000000005,12,19M reels on Instagram,room_generic,19000000.0,48.13157894736842,0.3333333333333333,0.16666666666666666,6.278153153153154
overwater-villa,12,888500.0,21000000.0,15860000.000000004,11,433K reels on Instagram,hotel_resort,433000.0,2051.963048498845,0.2727272727272727,0.36363636363636365,0.844
dream-house,12,862500.0,4700000.0,2280000.0,12,18M reels on Instagram,luxury_home,18000000.0,47.916666666666664,0.25,0.25,8.67248484848485
garden-design,12,837500.0,25000000.0,20130000.000000007,12,39M reels,garden_outdoor,39000000.0,21.474358974358974,0.5833333333333334,0.4166666666666667,4.991882774615222
home-decor,12,837000.0,16100000.0,5780000.000000002,10,901M reels on Instagram,decor_commerce,901000000.0,0.9289678135405105,0.0,0.0,17.07175925925926
amazon-home-finds,12,795000.0,37700000.0,2900000.0,11,1.5M reels on Instagram,decor_commerce,1500000.0,530.0,0.0,0.2,1.5
dream-bedroom-decor-ideas,12,785000.0,55500000.0,12370000.000000002,11,,luxury_room,,,0.16666666666666666,0.4166666666666667,8.14766337017646
outdoor-kitchen,12,764000.0,135000000.0,7700000.0,10,4.4M reels on Instagram,room_generic,4400000.0,173.63636363636363,0.09090909090909091,0.0,5.87669779286927
cabins,12,753000.0,4500000.0,2600000.0000000005,11,2.6M reels,unusual_home,2600000.0,289.61538461538464,0.16666666666666666,0.0,4.182873904130501
swiss-chalet,12,733500.0,71800000.0,44940000.000000015,8,308K reels on Instagram,location,308000.0,2381.4935064935066,0.0,0.2727272727272727,1.8
furniture-design,12,727500.0,4400000.0,1670000.0,12,96M reels on Instagram,interior_generic,96000000.0,7.578125,0.18181818181818182,0.09090909090909091,3.9776785714285716
luxury-kitchen,12,713000.0,3500000.0,2640000.0,11,4.1M reels on Instagram,luxury_room,4100000.0,173.90243902439025,0.2727272727272727,0.0,4.7560975609756095
dream-closet,12,708000.0,3700000.0,2190000.0,12,1M reels on Instagram,luxury_room,1000000.0,708.0,0.0,0.0,3.4941763727121464
maldives-villa,12,695000.0,66500000.0,7950000.0,12,,location,,,0.0,0.0,5.814298766560073
kitchen-inspiration,12,681000.0,7900000.0,5940000.000000001,12,15M reels on Instagram,room_generic,15000000.0,45.4,0.16666666666666666,0.08333333333333333,8.575
luxury-pool,12,674000.0,18800000.0,2880000.0,12,1.2M reels on Instagram,pool,1200000.0,561.6666666666666,0.3333333333333333,0.16666666666666666,2.71866028708134
house-in-the-forest,8,673000.0,19700000.0,9899999.999999996,6,70K reels on Instagram,unusual_home,70000.0,9614.285714285714,0.625,0.5,0.6546009057828739
dream-bedroom,12,659000.0,8200000.0,7060000.000000001,10,1.3M reels on Instagram,luxury_room,1300000.0,506.9230769230769,0.6666666666666666,0.3333333333333333,3.114254703328509
cyberpunk-city,12,648500.0,5200000.0,1560000.0000000002,9,916K reels on Instagram,style,916000.0,707.9694323144105,0.25,0.4166666666666667,7.6923076923076925
home-library,12,636000.0,36000000.0,1680000.0,12,2.5M reels on Instagram,room_generic,2500000.0,254.4,0.1,0.09090909090909091,5.975
living-room-decor,12,626000.0,2000000.0,2000000.0,11,44M reels on Instagram,room_generic,44000000.0,14.227272727272727,0.3333333333333333,0.3333333333333333,5.443478260869565
luxury-kitchen-design,12,621500.0,8200000.0,2530000.0000000005,12,655K reels on Instagram,luxury_room,655000.0,948.8549618320611,0.36363636363636365,0.36363636363636365,8.2
bathroom-design,12,620000.0,1200000.0,987100.0,12,45M reels on Instagram,room_generic,45000000.0,13.777777777777779,0.6363636363636364,0.45454545454545453,2.331002331002331
unique-airbnb,12,615000.0,5300000.0,1780000.0,12,172K reels on Instagram,hotel_resort,172000.0,3575.5813953488373,0.0,0.0,4.631963788300835
backyard-design,12,606500.0,11700000.0,2460000.0,11,4.5M reels on Instagram,garden_outdoor,4500000.0,134.77777777777777,0.4166666666666667,0.08333333333333333,5.216279069767442
modern-kitchen,12,598500.0,6200000.0,5480000.000000002,12,8.2M reels on Instagram,room_generic,8200000.0,72.98780487804878,0.25,0.0,14.130178227360307
futuristic-houses,12,575000.0,5400000.0,2790000.0000000005,8,650+ reels on Instagram,future_arch,650.0,884615.3846153846,0.75,0.25,1.365
quiet-luxury,12,564000.0,22700000.0,2670000.0,11,7M reels,luxury_room,7000000.0,80.57142857142857,0.0,0.0,3.4930555555555554
rain-cozy,12,561500.0,74100000.0,12390000.000000002,10,250+,cozy_ambience,,,0.75,0.6666666666666666,2.958888499298738
cozy-room,12,559000.0,8000000.0,3760000.0000000005,12,2.6M reels on Instagram,cozy_ambience,2600000.0,215.0,0.2,0.3,14.142857142857142
ai-generated-house,12,547500.0,5400000.0,2440000.0,11,,ai,,,1.0,0.5833333333333334,1.6451250000000002
faroe-islands-luxury-villas,12,535500.0,60700000.0,4580000.0,11,,location,,,0.25,0.3333333333333333,1.6092105263157896
cabin,12,530500.0,7300000.0,2000000.0000000005,12,23M reels on Instagram,unusual_home,23000000.0,23.065217391304348,0.09090909090909091,0.18181818181818182,11.618181818181819
luxury-interior,12,527000.0,4700000.0,1950000.0000000002,11,6.4M total on Instagram,interior_generic,,,0.16666666666666666,0.4166666666666667,1.5925449871465296
modern-luxury-house-interiors,12,527000.0,7800000.0,4500000.000000001,10,,luxury_home,,,0.2727272727272727,0.45454545454545453,1.1850899742930592
inside-underground-bunker-house,12,514500.0,18500000.0,4720000.000000001,11,,unusual_home,,,0.3333333333333333,0.4166666666666667,3.417517006802721
landscape-design-ai,12,509000.0,15600000.0,1355700.0000000002,11,150+,ai,,,0.75,0.0,4.131927710843374
interior-design-ideas,12,504000.0,3200000.0,2210000.0000000005,12,25M reels on Instagram,interior_generic,25000000.0,20.16,0.36363636363636365,0.18181818181818182,2.1092436974789917
container-house,12,501000.0,4500000.0,1100000.0,11,2.6M reels on Instagram,unusual_home,2600000.0,192.69230769230768,0.08333333333333333,0.16666666666666666,1.6270186106698368
luxury-bathroom,12,469500.0,2500000.0,1760000.0000000002,12,4M reels on Instagram,luxury_room,4000000.0,117.375,0.36363636363636365,0.08333333333333333,2.9206443914081146
luxury-lifestyle,12,465500.0,8600000.0,3880000.000000001,10,303M reels on Instagram,interior_generic,303000000.0,1.5363036303630364,0.0,1.0,9.487179487179487
luxury-cabin,12,463000.0,5400000.0,2333400.0000000005,11,343K reels on Instagram,unusual_home,343000.0,1349.854227405248,0.5,0.7,0.2768135593220339
modern-villa,12,457000.0,14900000.0,9252800.000000004,8,1.2M reels on Instagram,luxury_home,1200000.0,380.8333333333333,0.5,0.16666666666666666,1.1928794353070646
quiet-luxury-bathroom,12,456000.0,6700000.0,5780000.000000002,12,,luxury_room,,,0.3333333333333333,0.16666666666666666,13.894694960212203
bali-luxury-villas-with-private-pools,12,452000.0,24500000.0,15230000.000000006,10,,location,,,0.3333333333333333,0.25,11.55503144654088
room-makeover,12,447500.0,18900000.0,5225200.000000002,12,2.8M reels,decor_commerce,2800000.0,159.82142857142858,0.08333333333333333,0.0,39.4125
cozy-bedroom-ideas,12,429000.0,13100000.0,5140000.0,12,5.6K reels,cozy_ambience,5600.0,76607.14285714286,0.16666666666666666,0.16666666666666666,5.253543814432989
dream-kitchen,12,423500.0,3600000.0,3420000.0000000005,11,8M reels,luxury_room,8000000.0,52.9375,0.16666666666666666,0.16666666666666666,3.053731343283582
luxury-homes,12,420500.0,22700000.0,4620000.0,10,128M reels on Instagram,luxury_home,128000000.0,3.28515625,0.16666666666666666,0.3333333333333333,1.259211653813196
interior-styling,12,417500.0,9000000.0,1690000.0,12,116M reels on Instagram,interior_generic,116000000.0,3.5991379310344827,0.18181818181818182,0.0,0.8916666666666667
midjourney-architecture,12,413500.0,14300000.0,5210000.000000002,11,1.7M reels on Instagram,ai,1700000.0,243.23529411764707,1.0,0.0,3.3047337278106506
dubai-luxury-interior-design-trends,12,410000.0,2200000.0,1990000.0,12,,location,,,0.09090909090909091,0.09090909090909091,2.370716510903427
hotel-bathroom-designs,12,408000.0,2100000.0,950700.0000000001,11,,hotel_resort,,,0.5,0.1,6.282487725040917
dream-kitchens,12,406500.0,6200000.0,1720000.0000000002,12,86K reels on Instagram,luxury_room,86000.0,4726.7441860465115,0.3333333333333333,0.16666666666666666,5.984699540193436
futuristic-house,12,401500.0,1800000.0,749600.0,9,17K reels,future_arch,17000.0,23617.647058823528,0.5833333333333334,0.25,0.5347736053313734
luxury-living-room-design,12,394000.0,3100000.0,890100.0000000001,11,43K reels on Instagram,luxury_room,43000.0,9162.790697674418,0.4444444444444444,0.2,1.8234513274336281
mid-century-modern,12,391000.0,4700000.0,3232300.000000001,11,40M reels on Instagram,style,40000000.0,9.775,0.2,0.4,9.03045404208195
ultra-modern-luxury-house-design,12,387000.0,15500000.0,8990000.000000002,10,,luxury_home,,,0.4166666666666667,0.4166666666666667,0.7703533026113671
cozy-cabin,12,381000.0,23800000.0,4960000.000000001,12,1.1M reels on Instagram,cozy_ambience,1100000.0,346.3636363636364,0.75,0.6666666666666666,13.88872340425532
modern-living-room,12,378000.0,109000000.0,1270000.0,12,1.3M reels on Instagram,room_generic,1300000.0,290.7692307692308,0.3333333333333333,0.25,1.0511623376623378
saudi-arabia-architecture,12,377000.0,4400000.0,2470000.0000000005,12,3.5K reels on Instagram,location,3500.0,107714.28571428571,0.16666666666666666,0.3333333333333333,2.7904999999999998
ai-architecture,12,375500.0,4200000.0,1880000.0,12,1.4M reels on Instagram,ai,1400000.0,268.2142857142857,0.75,0.08333333333333333,2.5896160962072154
house-in-forest,12,363500.0,7300000.0,4800000.000000001,11,,unusual_home,,,0.4166666666666667,0.25,8.118181818181819
landscape-design,12,354000.0,9200000.0,1760000.0000000002,11,31M reels on Instagram,garden_outdoor,31000000.0,11.419354838709678,0.8333333333333334,0.4166666666666667,9.178650036683786
luxury-bedroom,12,348000.0,45100000.0,3970000.0,10,1.8M reels on Instagram,luxury_room,1800000.0,193.33333333333334,0.5,0.6666666666666666,0.8328510054844607
luxury-bedroom-design,12,348000.0,17400000.0,4420000.0,11,102K reels,luxury_room,102000.0,3411.764705882353,0.25,0.25,0.8328510054844607
luxury-closet,12,344000.0,5300000.0,3550000.0000000005,12,428K reels on Instagram,luxury_room,428000.0,803.7383177570093,0.0,0.09090909090909091,2.239766081871345
mansion-tour,12,343000.0,7800000.0,3780000.0000000005,11,133K reels on Instagram,luxury_home,133000.0,2578.9473684210525,0.0,0.2727272727272727,0.952112676056338
ai-cozy-cabin,12,336500.0,8100000.0,5810000.000000001,10,,ai,,,1.0,0.3333333333333333,15.347235094223045
dream-house-design,12,330500.0,6200000.0,3360000.0000000005,11,138K reels on Instagram,fantasy_dream,138000.0,2394.927536231884,0.3333333333333333,0.4166666666666667,3.8276836158192094
a-frame-modern-cabins,12,328000.0,6700000.0,1417100.0000000002,12,,unusual_home,,,0.08333333333333333,0.4166666666666667,1.137727852617467
dubai-villa,12,319000.0,54300000.0,9900000.000000004,11,404K reels on Instagram,location,404000.0,789.6039603960396,0.0,0.0,5.588235294117647
luxury-house-tour,12,319000.0,3900000.0,1396100.0000000005,10,40K reels on Instagram,luxury_home,40000.0,7975.0,0.0,0.16666666666666666,0.8271428571428572
modern-house,12,318000.0,10200000.0,2300000.0,11,8.6M reels on Instagram,luxury_home,8600000.0,36.97674418604651,0.4166666666666667,0.25,11.842105263157896
luxury-life,12,317500.0,8600000.0,2080000.0,11,104M reels on Instagram,interior_generic,104000000.0,3.0528846153846154,0.0,1.0,5.147058823529412
japandi,12,313500.0,2100000.0,1480000.0,11,841K reels on Instagram,style,841000.0,372.7705112960761,0.08333333333333333,0.0,3.7799043062200957
art-deco-interior-design,12,305500.0,3500000.0,2230000.0000000005,12,11K reels on Instagram,style,11000.0,27772.727272727272,0.36363636363636365,0.09090909090909091,12.448275862068966
luxury-master-bedroom,12,302000.0,885000.0,737000.0,12,24K reels,luxury_room,24000.0,12583.333333333334,0.18181818181818182,0.36363636363636365,2.0413885542168675
cottagecore-living-room-design,12,301500.0,12700000.0,3518200.000000001,12,,style,,,0.2727272727272727,0.2727272727272727,2.868
luxury-bathroom-interior-design-inspiration,12,295000.0,6700000.0,2430000.0000000005,12,,luxury_room,,,0.5833333333333334,0.08333333333333333,3.0551320321469575
parametric-architecture,11,291500.0,1800000.0,1380000.0,9,1.2M reels on Instagram,future_arch,1200000.0,242.91666666666666,0.6363636363636364,0.09090909090909091,4.5588235294117645
futuristic-interior,12,289500.0,13000000.0,2880000.0,12,5.2K reels,future_arch,5200.0,55673.07692307692,0.4166666666666667,0.25,2.5353582554517136
architecture-design,12,285000.0,1600000.0,1190000.0,12,36M reels on Instagram,architecture,36000000.0,7.916666666666667,0.2727272727272727,0.0,11.12
luxury-villa,12,281500.0,21100000.0,3572300.000000001,12,9.8M reels on Instagram,luxury_home,9800000.0,28.724489795918366,0.0,0.0,3.6411764705882352
futuristic-home,12,280500.0,4700000.0,1875200.0000000005,9,21K reels,future_arch,21000.0,13357.142857142857,0.75,0.6666666666666666,1.6400000000000001
beverly-hills-mansion,12,272000.0,4300000.0,951300.0000000002,12,10K reels on Instagram,location,10000.0,27200.0,0.1,0.1,0.7302999509931102
glamping-ideas,12,270500.0,7000000.0,2720000.0000000005,10,11K reels,hotel_resort,11000.0,24590.909090909092,0.0,0.0,2.8589743589743586
luxury-hotel,12,270500.0,13600000.0,5030000.000000001,11,26M reels on Instagram,hotel_resort,26000000.0,10.403846153846153,0.0,0.08333333333333333,3.3651785714285714
indoor-pool,12,270000.0,2800000.0,1522800.0000000002,11,1M reels on Instagram,pool,1000000.0,270.0,0.16666666666666666,0.3333333333333333,1.268265476854434
dubai-luxury-penthouse,12,270000.0,1400000.0,1390000.0,10,,location,,,0.0,0.08333333333333333,1.7325007708911502
forest-house,12,264500.0,1500000.0,993100.0,11,443K reels on Instagram,unusual_home,443000.0,597.0654627539503,0.75,0.6666666666666666,1.1895438076416338
luxury-real-estate-mansion-exterior,12,258000.0,6000000.0,3710000.0000000005,12,,luxury_home,,,0.3333333333333333,0.25,1.0693896713615023
underwater-hotel,12,255450.0,4700000.0,2390000.0,10,20K reels on Instagram,hotel_resort,20000.0,12772.5,0.18181818181818182,0.45454545454545453,0.10085714285714285
luxury-master-bedroom-interior-design,12,254000.0,561000.0,485600.00000000006,12,,luxury_room,,,0.2,0.2,1.8573102394294447
luxury-apartment-interior-design-ideas-2026,12,252500.0,2200000.0,1370000.0,11,,luxury_home,,,0.1,0.4,1.5067846607669617
mid-century-modern-living-room-ideas,12,251000.0,7600000.0,943400.0000000001,9,,style,,,0.0,0.0,7.388888888888889
luxury-modern-beautiful-house,12,246000.0,5500000.0,2960000.0,12,,luxury_home,,,0.4166666666666667,0.5,3.5634831460674157
los-angeles-house,12,245000.0,2000000.0,1000000.0,11,23K reels on Instagram,location,23000.0,10652.173913043478,0.16666666666666666,0.08333333333333333,1.1902439024390243
maldives-resort,12,242500.0,16500000.0,7290000.000000001,12,,hotel_resort,,,0.0,0.16666666666666666,6.6295918367346935
tropical-house-architecture-styles,12,238000.0,6900000.0,1483200.0000000005,11,,architecture,,,0.5833333333333334,0.3333333333333333,2.934981092436975
tropical-house,12,228000.0,2800000.0,1900000.0000000005,11,2.8M reels on Instagram,style,2800000.0,81.42857142857143,0.25,0.16666666666666666,2.6591533913305465
luxury-living-room,12,225000.0,3100000.0,1580000.0,12,1.1M reels on Instagram,luxury_room,1100000.0,204.54545454545453,0.2727272727272727,0.16666666666666666,1.5364955436720142
container-home-luxury-models-2026,12,219500.0,17600000.0,2336100.0000000005,11,,unusual_home,,,0.5,0.16666666666666666,0.8527023809523809
penthouse-tour,12,217500.0,3600000.0,1450000.0000000002,12,10K reels on Instagram,luxury_home,10000.0,21750.0,0.0,0.08333333333333333,3.219658735880798
ai-render,12,217000.0,9900000.0,553000.0,12,87K reels on Instagram,ai,87000.0,2494.2528735632186,0.8333333333333334,0.0,1.3189007938059674
luxury-room,12,210000.0,2100000.0,1861400.0000000005,12,679K reels on Instagram,luxury_room,679000.0,309.2783505154639,0.4166666666666667,0.16666666666666666,3.258216783216783
architecture-photography,12,205500.0,640000.0,531600.0,12,135M reels on Instagram,architecture,135000000.0,1.5222222222222221,0.0,0.08333333333333333,1.6654033640454253
mountain-house,12,204000.0,5200000.0,4070000.0,12,1.2M reels on Instagram,unusual_home,1200000.0,170.0,0.4166666666666667,0.5833333333333334,1.243029197080292
cozy-cabin-in-the-snow,12,201500.0,27900000.0,1540000.0000000002,12,,cozy_ambience,,,0.9,0.8,2.8262108262108265
london-apartment,12,200000.0,5600000.0,873000.0,10,188K reels on Instagram,location,188000.0,1063.8297872340424,0.0,0.08333333333333333,1.4796610169491526
house-tour,12,197000.0,1200000.0,633800.0,12,,luxury_home,,,0.0,0.0,1.49757702182285
outdoor-living,12,193500.0,81100000.0,5950000.000000001,12,45M reels on Instagram,garden_outdoor,45000000.0,4.3,0.08333333333333333,0.0,1.0542929292929293
luxury-dining-room,12,193000.0,1100000.0,747900.0,12,224K reels on Instagram,luxury_room,224000.0,861.6071428571429,0.25,0.16666666666666666,1.2148464827050136
rooftop-pool,12,190000.0,3200000.0,2290000.0000000005,12,1.7M reels on Instagram,pool,1700000.0,111.76470588235294,0.0,0.2727272727272727,1.0251572327044025
waterfall-house,12,187000.0,655000.0,315000.0,12,11K reels on Instagram,fantasy_dream,11000.0,17000.0,0.6666666666666666,0.3333333333333333,1.8103448275862069
future-home,12,182500.0,9200000.0,3140000.0000000005,12,2.2M reels on Instagram,future_arch,2200000.0,82.95454545454545,0.6666666666666666,0.4166666666666667,1.1375859434682964
ai-generated-architecture-designs,12,177000.0,1900000.0,811800.0,12,,ai,,,0.8333333333333334,0.16666666666666666,1.6097472267685033
dreamy-walk-in-closet-designs-ideas,12,171500.0,5800000.0,5230000.000000001,11,,luxury_room,,,0.0,0.08333333333333333,1.3099652220438736
tropical-villa,12,171500.0,2900000.0,1828000.0000000007,10,214K reels on Instagram,luxury_home,214000.0,801.4018691588785,0.08333333333333333,0.16666666666666666,1.377967701342282
cozy-winter-cabin,12,170400.0,5100000.0,2323300.0000000005,11,,cozy_ambience,,,1.0,0.8181818181818182,0.9733333333333334
best-rooftop-pools,12,168500.0,8700000.0,336700.0,12,,hotel_resort,,,0.08333333333333333,0.0,2.121875
minimalist-interior,12,167100.0,6100000.0,1370000.0,12,815K reels on Instagram,style,815000.0,205.03067484662577,0.18181818181818182,0.09090909090909091,3.7313432835820897
arctic-treehouse-hotel-rovaniemi,12,167000.0,2200000.0,973900.0000000001,11,,hotel_resort,,,0.16666666666666666,0.16666666666666666,0.55425
dark-academia-home-library,12,166500.0,1400000.0,881900.0000000001,10,,style,,,0.0,0.1111111111111111,1.7474402730375427
villa-with-pool,12,166500.0,3700000.0,1056200.0000000002,12,379K reels on Instagram,pool,379000.0,439.31398416886543,0.08333333333333333,0.08333333333333333,4.831854838709678
futuristic-architecture,12,164500.0,2100000.0,1620600.0000000002,10,269K reels on Instagram,future_arch,269000.0,611.5241635687732,1.0,0.3333333333333333,1.4305982905982906
bali-villa,12,162000.0,1500000.0,1023200.0000000002,12,4.2M reels on Instagram,location,4200000.0,38.57142857142857,0.0,0.08333333333333333,10.177096774193549
beach-house,12,153300.0,4300000.0,1086600.0,11,,unusual_home,,,0.18181818181818182,0.09090909090909091,10.444444444444445
jamesedition-luxury-homes,12,152000.0,8400000.0,2227900.0000000005,10,,luxury_home,,,0.5833333333333334,0.25,0.3692226762002043
rain-sounds,12,141500.0,14100000.0,12220000.000000004,11,427K reels on Instagram,cozy_ambience,427000.0,331.3817330210773,0.5,0.9166666666666666,3.3636363636363638
ai-house-design,12,139550.0,136000000.0,3890000.0000000005,12,1.6K reels,ai,1600.0,87218.75,1.0,0.3333333333333333,1.4389175257731959
organic-modern,12,139400.0,3000000.0,926100.0000000002,11,1M reels on Instagram,style,1000000.0,139.4,0.1111111111111111,0.0,1.3155080213903743
luxury-suite,12,139000.0,2200000.0,1400000.0,12,,hotel_resort,,,0.08333333333333333,0.16666666666666666,0.5994
minimalist-art-deco-interior-design,12,138000.0,3400000.0,1864200.0000000005,12,,style,,,0.36363636363636365,0.3333333333333333,4.002571428571429
walk-in-closet,12,124800.0,24000000.0,2759200.000000001,12,3.2M reels on Instagram,room_generic,3200000.0,39.0,0.0,0.0,3.375
biophilic-bedroom-design,12,123500.0,6100000.0,512800.00000000006,12,,style,,,0.5833333333333334,0.16666666666666666,2.5706382978723408
organic-modern-kitchen-designs,12,117000.0,6200000.0,1707000.0000000002,12,,style,,,0.4444444444444444,0.1,4.297969034037485
dubai-penthouse,12,116000.0,2200000.0,354000.0,11,42K reels on Instagram,location,42000.0,2761.904761904762,0.16666666666666666,0.25,1.1372549019607843
a-frame-cabin,12,112000.0,671000.0,546800.0000000001,12,1.4M reels on Instagram,unusual_home,1400000.0,80.0,0.09090909090909091,0.18181818181818182,2.5
real-estate,12,110800.0,48700000.0,10060000.0,12,686M reels on Instagram,real_estate,686000000.0,0.16151603498542275,0.0,0.0,0.65725
ibiza-villa,12,106700.0,5400000.0,910600.0,12,276K reels,location,276000.0,386.59420289855075,0.0,0.08333333333333333,0.7293846899224806
capsule-castle-luxury-space-capsule-houses,12,105750.0,8000000.0,5590000.0,10,,fantasy_dream,,,0.08333333333333333,0.0,1.0527317238704672
green-minimalist-interior-design,12,103050.0,9400000.0,438700.00000000006,12,,style,,,0.36363636363636365,0.18181818181818182,1.158
kids-room-design,12,102700.0,2100000.0,1648000.0000000005,11,2.4M reels on Instagram,room_generic,2400000.0,42.791666666666664,0.16666666666666666,0.08333333333333333,0.7680888888888888
tokyo-apartment,12,101050.0,1900000.0,1860000.0000000002,9,107K reels on Instagram,location,107000.0,944.392523364486,0.0,0.0,4.308333333333334
malibu-house,12,98050.0,1700000.0,1382500.0000000005,11,13K reels on Instagram,location,13000.0,7542.307692307692,0.08333333333333333,0.08333333333333333,0.756620050163411
glass-house,12,93950.0,496000.0,176000.0,12,3.6M reels on Instagram,unusual_home,3600000.0,26.09722222222222,0.5833333333333334,0.4166666666666667,1.1562971105527637
luxury-hotel-suite,12,93950.0,2800000.0,456700.0000000001,12,15K reels on Instagram,hotel_resort,15000.0,6263.333333333333,0.0,0.1111111111111111,1.9233997901364113
futuristic-architecture-designs-2026,12,93700.0,978000.0,433700.0,12,,future_arch,,,0.75,0.08333333333333333,1.5505982905982907
luxury-home-theater-ideas,12,90850.0,6700000.0,4533600.000000002,12,,luxury_home,,,0.08333333333333333,0.08333333333333333,2.5244147157190637
lake-house,12,90650.0,518000.0,462400.0000000001,12,6.2M reels on Instagram,unusual_home,6200000.0,14.620967741935484,0.09090909090909091,0.18181818181818182,1.714
biophilic-design,12,90150.0,2800000.0,801500.0,12,396K reels,style,396000.0,227.65151515151516,0.5833333333333334,0.16666666666666666,0.4675892643182362
home-office-design,12,90050.0,1000000.0,359200.0,12,1.4M reels on Instagram,room_generic,1400000.0,64.32142857142857,0.0,0.0,1.78204185520362
home-theater,12,86700.0,6300000.0,2076800.0000000005,12,5.3M reels on Instagram,room_generic,5300000.0,16.358490566037737,0.0,0.0,2.131313387423935
modern-classic-interior-design,12,82500.0,510000.0,467800.0000000001,12,1.7K reels,style,1700.0,48529.41176470588,0.6,0.2727272727272727,2.683333333333333
luxury-furniture,12,78050.0,1000000.0,365900.0,12,17M reels on Instagram,interior_generic,17000000.0,4.591176470588235,0.0,0.0,2.046046261430877
scandinavian-interior-design-styles,12,74550.0,1700000.0,628500.0,12,,style,,,0.2727272727272727,0.18181818181818182,3.292452830188679
desert-house-interior-design-ideas,12,71050.0,3800000.0,683800.0000000001,11,,unusual_home,,,0.5833333333333334,0.0,0.7207835742719464
hotel-design,12,69400.0,366000.0,327100.00000000006,12,12M reels on Instagram,hotel_resort,12000000.0,5.783333333333333,0.16666666666666666,0.0,0.7177799433026223
ai-interior,12,65600.0,28600000.0,5100000.000000001,12,66K reels on Instagram,ai,66000.0,993.939393939394,0.75,0.25,32.02820512820513
mediterranean-house,12,64600.0,3500000.0,396600.00000000006,11,85K reels on Instagram,style,85000.0,760.0,0.6,0.3,0.4028918830101873
luxury-villa-with-pool,12,62200.0,313000.0,208600.0,12,,pool,,,0.0,0.0,1.1168097345132744
aspen,12,61000.0,328000.0,286600.0,12,10M reels on Instagram,location,10000000.0,6.1,0.0,0.09090909090909091,0.59
luxury-apartment,12,59650.0,13000000.0,1354000.0000000002,12,3.2M reels,luxury_home,3200000.0,18.640625,0.08333333333333333,0.3333333333333333,1.9596893542757416
boutique-hotel,12,59350.0,4200000.0,1590000.0,12,19M reels on Instagram,hotel_resort,19000000.0,3.123684210526316,0.08333333333333333,0.0,1.008801057890097
bora-bora-luxury-hotels,12,55500.0,4600000.0,415100.00000000006,10,50+ reels on Instagram,hotel_resort,50.0,1110000.0,0.0,0.45454545454545453,0.2698924731182796
industrial-interior,12,54050.0,11300000.0,712700.0000000001,11,1.1M on Instagram,style,,,0.5,0.25,0.7561087006165792
future-houses-2050,12,53550.0,604000.0,324700.0,10,,future_arch,,,0.9090909090909091,0.6363636363636364,4.2727272727272725
glass-house-photos,12,53000.0,1300000.0,545000.0,12,100+ reels,unusual_home,100.0,530000.0,0.5833333333333334,0.4166666666666667,0.7208904109589042
luxury-homes-on-the-amalfi-coast,12,51700.0,5300000.0,3900000.0,12,,location,,,0.16666666666666666,0.25,0.3379259259259259
neoclassical-interior,12,50950.0,3300000.0,918200.0000000002,12,29K reels,style,29000.0,1756.896551724138,0.4166666666666667,0.08333333333333333,6.722122302158273
miami-mansion,12,48900.0,5800000.0,3620000.000000001,11,32K reels on Instagram,location,32000.0,1528.125,0.09090909090909091,0.18181818181818182,0.38327272727272726
cook-islands-luxury-resorts,12,48250.0,1200000.0,666400.0000000001,12,,hotel_resort,,,0.0,0.25,0.2475204918032787
desert-modern-house-tours,12,47450.0,3600000.0,1875200.0000000005,12,,unusual_home,,,0.5,0.25,0.5896332623916598
bali-infinity-pool-villas,12,43650.0,1700000.0,1438700.0000000002,12,,location,,,0.16666666666666666,0.3333333333333333,0.4647058823529412
hotel-suite-design-ideas,12,41800.0,237000.0,82700.0,12,,hotel_resort,,,0.09090909090909091,0.0,5.916177514792899
wabi-sabi-japandi-interior-design,12,41300.0,1700000.0,314100.0,12,,style,,,0.6666666666666666,0.08333333333333333,1.2524509803921569
coastal-bedroom-design-ideas,12,40600.0,1400000.0,292000.00000000006,12,,style,,,0.0,0.0,0.4142857142857143
modern-mediterranean-houses,12,40450.0,3500000.0,1141500.0000000002,12,50+ reels,style,50.0,809000.0,0.4166666666666667,0.16666666666666666,6.099509803921569
desert-house,12,40200.0,118000.0,90880.00000000001,12,123K reels on Instagram,unusual_home,123000.0,326.8292682926829,0.6666666666666666,0.25,0.6971404541631623
future-house,12,39500.0,5400000.0,320000.0,12,6.9M reels on Instagram,future_arch,6900000.0,5.72463768115942,0.5833333333333334,0.5833333333333334,1.28
marrakech-riad,12,39200.0,5400000.0,2350000.0000000005,12,291K reels on Instagram,location,291000.0,134.70790378006873,0.0,0.16666666666666666,0.9482414404328762
industrial-chic-interior-design,12,38500.0,3700000.0,2325500.0000000005,12,,style,,,0.5454545454545454,0.2727272727272727,0.61875
ai-house,12,37700.0,996000.0,313400.00000000006,12,43K reels on Instagram,ai,43000.0,876.7441860465116,1.0,0.3333333333333333,3.3132911392405062
santorini-villa,12,36650.0,1100000.0,708600.0000000001,12,5.1K reels on Instagram,location,5100.0,7186.274509803922,0.09090909090909091,0.16666666666666666,0.9797940797940798
ibiza-luxury-villas-sea-view,12,36300.0,3700000.0,1145500.0000000002,12,,location,,,0.0,0.08333333333333333,0.6951666666666667
como-lake-villas,12,36100.0,12400000.0,509000.0,12,4.4K reels on Instagram,location,4400.0,8204.545454545454,0.08333333333333333,0.25,0.7136563876651982
mediterranean-villa,12,28600.0,3500000.0,1455200.0000000005,12,68K reels on Instagram,luxury_home,68000.0,420.5882352941176,0.5,0.5454545454545454,1.8923076923076922
wabi-sabi-interior,12,27850.0,1900000.0,300600.0,12,104K reels on Instagram,style,104000.0,267.78846153846155,0.16666666666666666,0.08333333333333333,4.002272727272727
houses-on-malibu-beach,12,26650.0,1500000.0,725900.0000000002,10,,location,,,0.0,0.16666666666666666,1.028909090909091
hunza-valley-luxury-resorts,12,22200.0,10400000.0,4130000.000000001,12,,hotel_resort,,,0.0,0.3333333333333333,0.3499830827067669
hotel-room-interior-design-ideas,12,21514.0,1500000.0,372900.00000000006,12,,hotel_resort,,,0.18181818181818182,0.0,8.375
luxury-hotel-room,12,21400.0,258000.0,185100.0,12,46K reels,hotel_resort,46000.0,465.2173913043478,0.0,0.0,7.506
rooftop-terrace,12,20850.0,165000.0,120630.00000000001,12,625K,room_generic,,,0.2727272727272727,0.2727272727272727,0.6108374384236454
scandinavian-interior-design,12,20450.0,1400000.0,1300000.0,12,61K reels,style,61000.0,335.24590163934425,0.1,0.0,1.323892857142857
cliff-house,12,18350.0,6800000.0,1570000.0,12,423K reels on Instagram,unusual_home,423000.0,43.3806146572104,0.9166666666666666,0.3333333333333333,0.7532467532467533
japandi-serenity-bedroom-design-ideas,12,18350.0,1400000.0,126910.00000000001,12,,style,,,0.6363636363636364,0.36363636363636365,2.090909090909091
virtual-staging,12,7661.5,337000.0,284400.0,12,884K reels on Instagram,ai,884000.0,8.66685520361991,0.5833333333333334,0.0,0.810829365079365
ai-virtual-staging,12,3999.0,2400000.0,259900.0000000001,12,,ai,,,0.5,0.0,0.24024603174603176
surreal-architecture,12,3480.5,31900.0,16138.100000000002,12,14K reels on Instagram,fantasy_dream,14000.0,248.60714285714286,0.08333333333333333,0.0,0.3640340909090909
glass-house-in-forest,12,1935.0,35700.0,22676.90000000001,12,,unusual_home,,,0.0,0.0,0.6046890243902439
impossible-architecture,12,486.5,433000.0,165880.00000000003,11,,fantasy_dream,,,0.0,0.4166666666666667,0.2219624183006536
house-on-cliff,12,226.0,461000.0,445000.0,10,,unusual_home,,,1.0,0.3333333333333333,2.230876216968011
dark-luxury-interior,12,190.0,12600.0,5616.500000000002,12,,style,,,0.2727272727272727,0.45454545454545453,0.8678414096916299
