handle,url,plattform,nische_cluster,unter_nische,land_sprache,account_alter_oder_start,erstes_sichtbares_posting,start_datenqualitaet,follower_heute,follower_heute_datum,follower_heute_dq,follower_vor_30d,follower_vor_60d,follower_vor_90d,follower_vor_120d,follower_historie_quelle,follower_historie_dq,posts,posts_dq,posts_pro_woche,median_reel_views,median_dq,top_reel_url,top_reel_views,top_reel_datum,top5_reels,top_reels_dq,anzahl_reels_ueber_1m_bekannt,engagement_hinweis,ai_status,ai_beleg,ai_tools,klasse,emerging_outlier,affiliate_oder_monetarisierung_sichtbar,link_in_bio,quelle_urls,pruefdatum,notizen
fit_aitana,https://www.instagram.com/fit_aitana/,Instagram,AI Virtual Influencer / AI-Persona,AI-Model Fitness/Fashion/Lifestyle,ES / Spanisch-Englisch,2023 (lt. Hypefy); andere Quellen 2022/2024,UNKNOWN,THIRD-PARTY OBSERVED (widersprüchlich),404000,2026-09 (Artikeldatum),THIRD-PARTY OBSERVED,393000 (Snapshot 2026-08-20),"402000 (Snapshot 2026-07-31, '402K+')",UNKNOWN,391000 (Snapshot 2026-05-11),"362K (yoloco 2025-05-30); ~386K (bracai 2026-02-06 / aipulled Apr 2026); 391K (nataliajohansson, Stand 2026-05-11); 402K+ (hypefy 2026-07-31); 393K (kolsquare 2026-08-20); 404K (creatorflow 2026-09)","THIRD-PARTY OBSERVED (verschiedene Quellen, gerundet, nicht streng monoton) -> ca. +3% in 120 Tagen",UNKNOWN,UNKNOWN,UNKNOWN,UNKNOWN,UNKNOWN,UNKNOWN,UNKNOWN,UNKNOWN,UNKNOWN,UNKNOWN,UNKNOWN,UNKNOWN,VERIFIED,Agentur The Clueless legt KI-Model offen; Presse/Wikipedia,"Flux 1 Krea Dev, Character-LoRA, Topaz Video AI (lt. aipulled)",Legacy/Kontext,nein (keine belastbaren Reel-Views),"ja lt. Dritten: Affiliate + Brand Deals (creatorflow), Fanvue-/OpenArt-Ambassador (aipulled); ~3.000–10.000 EUR/Monat (SELF-REPORTED/Presse)",UNKNOWN,https://creatorflow.so/blog/ai-influencers-instagram/ | https://www.kolsquare.com/en/top-influencers/10-ai-influencers-transforming-social-media | https://hypefy.ai/blog/top-ai-influencers-on-instagram | https://nataliajohansson.com/2026/03/16/ai-fashion-influencers-instagram-2026/ | https://www.bracai.eu/post/ai-influencer-instagram | https://yoloco.io/blog/top-ai-influencers-instagram | https://aipulled.com/news/ai-instagram-influencers-q1-2026.html,2026-09-26,"Stabiles, langsames Wachstum; kein 2026-Momentum-Case"
millasofiafin,https://www.instagram.com/millasofiafin/,Instagram,AI Virtual Influencer / AI-Persona,AI-Model Nordic Lifestyle/Fashion + AI-Musik,FI / Englisch,2022 (lt. invideo),UNKNOWN,THIRD-PARTY OBSERVED,675000,2026-09 (nataliajohansson Sept-Refresh),THIRD-PARTY OBSERVED (gerundet ~675K),UNKNOWN,675000 (Snapshot 2026-07-31),UNKNOWN,UNKNOWN,"232K (yoloco 2025-05-30); 233K (invideo, undatiert); 479K (bracai, Update 2026-02-06); 675K (hypefy 2026-07-31); ~675K (nataliajohansson Sept 2026)",THIRD-PARTY OBSERVED -> ca. +196K zwischen Feb und Ende Juli 2026 (+41%); Aug/Sep flach (gerundet),UNKNOWN,UNKNOWN,UNKNOWN,UNKNOWN,UNKNOWN,UNKNOWN,UNKNOWN,UNKNOWN,UNKNOWN,UNKNOWN,UNKNOWN,UNKNOWN,VERIFIED,In allen AI-Influencer-Rankings als virtuelle Influencerin gelistet (Favikon Rang 1 als milla_sofia),UNKNOWN,Legacy mit starkem H1-2026-Wachstum (Kontext),nein (keine belastbaren Reel-Views),Brand-Kampagnen (lt. nataliajohansson); Affiliate nicht belegt,UNKNOWN,https://nataliajohansson.com/2026/03/16/ai-fashion-influencers-instagram-2026/ | https://hypefy.ai/blog/top-ai-influencers-on-instagram | https://www.bracai.eu/post/ai-influencer-instagram | https://yoloco.io/blog/top-ai-influencers-instagram | https://invideo.io/blog/ai-influencers-on-instagram/ | https://www.favikon.com/blog/top-ai-influencers-instagram,2026-09-26,"Handle-Konflikt: Favikon nennt 'milla_sofia', andere Quellen 'millasofiafin'. Stärkstes datiertes Wachstum unter den Legacy-Personas, aber v. a. vor dem 120-Tage-Fenster"
grannyspills,https://www.instagram.com/grannyspills/,Instagram,AI Virtual Influencer / AI-Persona,AI-Persona Luxus-Lifestyle/Fashion-Kommentar (75-jährige KI-Oma),US / Englisch,2025-07 (lt. kolsquare),UNKNOWN,THIRD-PARTY OBSERVED,2200000,2026-09 (creatorflow),THIRD-PARTY OBSERVED,1900000 (Snapshot 2026-08-20),UNKNOWN,UNKNOWN,UNKNOWN,"'1 Mio. Follower innerhalb weniger Wochen' (creatorflow/Suchsnippets); 1,9M (kolsquare 2026-08-20); 2,2M (creatorflow 2026-09); '2 million' (Such-Snippet invideo/hypefy)","THIRD-PARTY OBSERVED (zwei datierte Snapshots, ~+300K in ~1 Monat; Rundung beachten)",UNKNOWN,UNKNOWN,UNKNOWN,UNKNOWN,UNKNOWN,UNKNOWN,UNKNOWN,UNKNOWN,UNKNOWN,UNKNOWN,UNKNOWN,UNKNOWN,VERIFIED,"Presse nennt Macher (Eric Suarez, Adam Vaserstein) und KI-Charakter",UNKNOWN,B (bis ca. 07/2026 erfüllt; heute ~14 Monate alt) + Momentum,nein (keine belastbaren Reel-Views),"Brand Deals; geschätzt 26.000–77.000 EUR pro Post/Reel (kolsquare, ESTIMATED)",UNKNOWN,https://www.kolsquare.com/en/top-influencers/10-ai-influencers-transforming-social-media | https://creatorflow.so/blog/ai-influencers-instagram/ | https://invideo.io/blog/ai-influencers-on-instagram/,2026-09-26,Stärkster Persona-Momentum-Case im Cluster; Gegenposition zur übersättigten 'junge Frau'-Persona
naina_avtr,https://www.instagram.com/naina_avtr/,Instagram,AI Virtual Influencer / AI-Persona,AI-Persona Indian Fashion/Entertainment,IN / Englisch-Hindi,UNKNOWN,UNKNOWN,UNKNOWN,405000,2026-08-20,THIRD-PARTY OBSERVED,UNKNOWN,UNKNOWN,UNKNOWN,UNKNOWN,"~375K (bracai, Update 2026-02-06); 405K (kolsquare 2026-08-20)",THIRD-PARTY OBSERVED -> ca. +30K in ~6 Monaten,UNKNOWN,UNKNOWN,UNKNOWN,UNKNOWN,UNKNOWN,UNKNOWN,UNKNOWN,UNKNOWN,UNKNOWN,UNKNOWN,UNKNOWN,UNKNOWN,VERIFIED,"'India's first AI superstar' (Favikon), The Naina Show",UNKNOWN,Legacy/Kontext,nein (keine belastbaren Reel-Views),Brand Collabs (kolsquare),UNKNOWN,https://www.kolsquare.com/en/top-influencers/10-ai-influencers-transforming-social-media | https://www.bracai.eu/post/ai-influencer-instagram | https://www.favikon.com/blog/top-ai-influencers-instagram,2026-09-26,UNKNOWN
lilmiquela,https://www.instagram.com/lilmiquela/,Instagram,AI Virtual Influencer / AI-Persona,Virtuelle Fashion/Music-Persona (CGI),US / Englisch,2016,UNKNOWN,THIRD-PARTY OBSERVED,2400000,2026-09 (nataliajohansson),"THIRD-PARTY OBSERVED (Quellen widersprüchlich: 2,25M–3,3M)",UNKNOWN,UNKNOWN,UNKNOWN,UNKNOWN,"2,4M (yoloco 2025-05); ~3,0M (aipulled Apr 2026); 2,3M (hypefy 2026-07-31); 3,3M (kolsquare 2026-08-20); 2,25M (creatorflow 2026-09); ~2,4M (nataliajohansson 2026-09)","THIRD-PARTY OBSERVED, inkonsistent -> kein Wachstum ableitbar",UNKNOWN,UNKNOWN,UNKNOWN,UNKNOWN,UNKNOWN,UNKNOWN,UNKNOWN,UNKNOWN,UNKNOWN,UNKNOWN,UNKNOWN,UNKNOWN,VERIFIED,Offen virtuell (Brud/Dapper Labs),"Maya 3D, Magnific, Runway Act-Two (lt. aipulled)",Legacy/Kontext,nein (keine belastbaren Reel-Views),"Brand Deals (Prada, Calvin Klein, Samsung, BMW)",UNKNOWN,https://nataliajohansson.com/2026/03/16/ai-fashion-influencers-instagram-2026/ | https://www.kolsquare.com/en/top-influencers/10-ai-influencers-transforming-social-media | https://creatorflow.so/blog/ai-influencers-instagram/ | https://hypefy.ai/blog/top-ai-influencers-on-instagram | https://aipulled.com/news/ai-instagram-influencers-q1-2026.html | https://yoloco.io/blog/top-ai-influencers-instagram,2026-09-26,UNKNOWN
imma.gram,https://www.instagram.com/imma.gram/,Instagram,AI Virtual Influencer / AI-Persona,"Virtuelle Street-Style/Fashion-Persona (CGI, Tokio)",JP / Japanisch-Englisch,2018,UNKNOWN,THIRD-PARTY OBSERVED,380000,2026-09 (nataliajohansson),THIRD-PARTY OBSERVED (gerundet),386000 (Snapshot 2026-08-20),379000 (Snapshot 2026-07-31),UNKNOWN,UNKNOWN,391K+ (yoloco 2025-05); ~387K (aipulled Apr 2026/bracai Feb 2026); 379K (hypefy 2026-07-31); 386K (kolsquare 2026-08-20); ~380K (nataliajohansson 2026-09),THIRD-PARTY OBSERVED -> seitwärts/leicht rückläufig,UNKNOWN,UNKNOWN,UNKNOWN,UNKNOWN,UNKNOWN,UNKNOWN,UNKNOWN,UNKNOWN,UNKNOWN,UNKNOWN,UNKNOWN,UNKNOWN,VERIFIED,Offen virtuell (Aww Inc./ModelingCafe),"UE5 MetaHuman, Stable Diffusion 3.5 (lt. aipulled)",Legacy/Kontext,nein (keine belastbaren Reel-Views),"Brand Deals (IKEA, Porsche Japan, Nike, Tiffany)",UNKNOWN,https://nataliajohansson.com/2026/03/16/ai-fashion-influencers-instagram-2026/ | https://www.kolsquare.com/en/top-influencers/10-ai-influencers-transforming-social-media | https://hypefy.ai/blog/top-ai-influencers-on-instagram | https://aipulled.com/news/ai-instagram-influencers-q1-2026.html | https://yoloco.io/blog/top-ai-influencers-instagram,2026-09-26,aipulled nennt Handle '@_imma.gram_' – Konflikt
noonoouri,https://www.instagram.com/noonoouri/,Instagram,AI Virtual Influencer / AI-Persona,Virtuelle Couture-Persona (stilisiertes 3D),DE / Englisch,2018,UNKNOWN,THIRD-PARTY OBSERVED,470000,2026-09 (nataliajohansson; creatorflow nennt 456K),THIRD-PARTY OBSERVED,UNKNOWN,459000 (Snapshot 2026-07-31),UNKNOWN,UNKNOWN,499K (yoloco 2025-05); ~482K (bracai 2026-02); ~480K (aipulled Apr 2026); 459K (hypefy 2026-07-31); 456K (creatorflow 2026-09); ~470K (nataliajohansson 2026-09),THIRD-PARTY OBSERVED -> leicht rückläufig,UNKNOWN,UNKNOWN,UNKNOWN,UNKNOWN,UNKNOWN,UNKNOWN,UNKNOWN,UNKNOWN,UNKNOWN,UNKNOWN,UNKNOWN,UNKNOWN,VERIFIED,"Offen virtuell (Joerg Zuber/Opium Effect), Warner-Music-Signing",UNKNOWN,Legacy/Kontext,nein (keine belastbaren Reel-Views),"Brand Deals (Dior, Versace, Marc Jacobs)",UNKNOWN,https://nataliajohansson.com/2026/03/16/ai-fashion-influencers-instagram-2026/ | https://hypefy.ai/blog/top-ai-influencers-on-instagram | https://creatorflow.so/blog/ai-influencers-instagram/ | https://www.bracai.eu/post/ai-influencer-instagram | https://yoloco.io/blog/top-ai-influencers-instagram,2026-09-26,UNKNOWN
shudu.gram,https://www.instagram.com/shudu.gram/,Instagram,AI Virtual Influencer / AI-Persona,"Digitales Supermodel (High Fashion, CGI)",UK / Englisch,2017,UNKNOWN,THIRD-PARTY OBSERVED,239000,2026-08-20,THIRD-PARTY OBSERVED,UNKNOWN,236000 (Snapshot 2026-07-31),UNKNOWN,UNKNOWN,237K (yoloco 2025-05/invideo); ~238K (bracai 2026-02); 236K (hypefy 2026-07-31); 239K (kolsquare 2026-08-20),THIRD-PARTY OBSERVED -> flach,UNKNOWN,UNKNOWN,UNKNOWN,UNKNOWN,UNKNOWN,UNKNOWN,UNKNOWN,UNKNOWN,UNKNOWN,UNKNOWN,UNKNOWN,UNKNOWN,VERIFIED,Offen digital (Cameron-James Wilson / The Diigitals),"Marvelous Designer, V-Ray, Stable Diffusion 3.5 (lt. aipulled)",Legacy/Kontext,nein (keine belastbaren Reel-Views),"Brand Deals (Fenty Beauty, Balmain)",UNKNOWN,https://www.kolsquare.com/en/top-influencers/10-ai-influencers-transforming-social-media | https://hypefy.ai/blog/top-ai-influencers-on-instagram | https://www.bracai.eu/post/ai-influencer-instagram | https://yoloco.io/blog/top-ai-influencers-instagram,2026-09-26,UNKNOWN
miazelu,https://www.instagram.com/miazelu/,Instagram,AI Virtual Influencer / AI-Persona,AI-Model Mediterranean Fashion/Travel,AU/EU / Englisch,Anfang 2024 (lt. getpassionfruit),UNKNOWN,THIRD-PARTY OBSERVED,233000,2026-04 (aipulled; bracai 2026-02 gleich),THIRD-PARTY OBSERVED (veraltet),UNKNOWN,UNKNOWN,UNKNOWN,UNKNOWN,"~233K (bracai 2026-02, aipulled Apr 2026)","THIRD-PARTY OBSERVED, nur ein Stand",UNKNOWN,UNKNOWN,UNKNOWN,UNKNOWN,UNKNOWN,UNKNOWN,UNKNOWN,UNKNOWN,UNKNOWN,UNKNOWN,UNKNOWN,UNKNOWN,VERIFIED,Viral Wimbledon 2025 als KI-Persona; ZELU House,Flux 1.1 Pro + Character-LoRA (lt. aipulled),Legacy/Kontext,nein (keine belastbaren Reel-Views),UNKNOWN,UNKNOWN,https://aipulled.com/news/ai-instagram-influencers-q1-2026.html | https://www.bracai.eu/post/ai-influencer-instagram | https://www.getpassionfruit.com/blog/top-ai-generated-influencers-virtual-models-marketing-virality-mia-zelu-lil-miquela | https://www.favikon.com/blog/top-ai-influencers-instagram,2026-09-26,Handle-Konflikt: Favikon 'mia_zelu' vs. aipulled/bracai 'miazelu'
anazelu,https://www.instagram.com/anazelu/,Instagram,AI Virtual Influencer / AI-Persona,AI-Model Fashion/Luxury Travel (Schwester-Persona),EU / Englisch,UNKNOWN,UNKNOWN,UNKNOWN,308000,2026-04 (aipulled; bracai 2026-02),THIRD-PARTY OBSERVED (veraltet),UNKNOWN,UNKNOWN,UNKNOWN,UNKNOWN,"~308K (bracai 2026-02, aipulled Apr 2026)","THIRD-PARTY OBSERVED, nur ein Stand",UNKNOWN,UNKNOWN,UNKNOWN,UNKNOWN,UNKNOWN,UNKNOWN,UNKNOWN,UNKNOWN,UNKNOWN,UNKNOWN,UNKNOWN,UNKNOWN,VERIFIED,Gleicher Operator wie Mia Zelu (aipulled),UNKNOWN,Legacy/Kontext,nein (keine belastbaren Reel-Views),UNKNOWN,UNKNOWN,https://aipulled.com/news/ai-instagram-influencers-q1-2026.html | https://www.bracai.eu/post/ai-influencer-instagram | https://www.favikon.com/blog/top-ai-influencers-instagram,2026-09-26,"Favikon: 'ana_zelu'. Copycat-/Portfolio-Strategie: ein Operator, mehrere Personas"
kyraonig,https://www.instagram.com/kyraonig/,Instagram,AI Virtual Influencer / AI-Persona,AI-Persona Fashion/Travel (Indien),IN / Englisch,2022-01,UNKNOWN,THIRD-PARTY OBSERVED,237000,2026-08-20,THIRD-PARTY OBSERVED,UNKNOWN,239000 (Snapshot 2026-07-31),UNKNOWN,UNKNOWN,248K (yoloco 2025-05); 239K (hypefy 2026-07-31); 237K (kolsquare 2026-08-20),THIRD-PARTY OBSERVED -> leicht rückläufig,UNKNOWN,UNKNOWN,UNKNOWN,UNKNOWN,UNKNOWN,UNKNOWN,UNKNOWN,UNKNOWN,UNKNOWN,UNKNOWN,UNKNOWN,UNKNOWN,VERIFIED,"'India's first AI influencer', Shark Tank India",UNKNOWN,Legacy/Kontext,nein (keine belastbaren Reel-Views),Brand Deal CaratLane (Schmuck) lt. kolsquare,UNKNOWN,https://www.kolsquare.com/en/top-influencers/10-ai-influencers-transforming-social-media | https://hypefy.ai/blog/top-ai-influencers-on-instagram | https://yoloco.io/blog/top-ai-influencers-instagram | https://www.favikon.com/blog/top-ai-influencers-instagram,2026-09-26,UNKNOWN
rozy.gram,https://www.instagram.com/rozy.gram/,Instagram,AI Virtual Influencer / AI-Persona,Virtuelle K-Beauty/Fashion-Persona,KR / Koreanisch,2020,UNKNOWN,THIRD-PARTY OBSERVED,161000,2026-07-31,THIRD-PARTY OBSERVED,UNKNOWN,UNKNOWN,UNKNOWN,UNKNOWN,173K (yoloco 2025-05); ~169K (bracai 2026-02); 161K (hypefy 2026-07-31),THIRD-PARTY OBSERVED -> rückläufig,UNKNOWN,UNKNOWN,UNKNOWN,UNKNOWN,UNKNOWN,UNKNOWN,UNKNOWN,UNKNOWN,UNKNOWN,UNKNOWN,UNKNOWN,UNKNOWN,VERIFIED,"Sidus Studio X, offen virtuell",UNKNOWN,Legacy/Kontext,nein (keine belastbaren Reel-Views),100+ Werbespots (getpassionfruit),UNKNOWN,https://hypefy.ai/blog/top-ai-influencers-on-instagram | https://www.bracai.eu/post/ai-influencer-instagram | https://yoloco.io/blog/top-ai-influencers-instagram | https://www.getpassionfruit.com/blog/top-ai-generated-influencers-virtual-models-marketing-virality-mia-zelu-lil-miquela,2026-09-26,Favikon nennt 'oh_rozy'
kenza.layli,https://www.instagram.com/kenza.layli/,Instagram,AI Virtual Influencer / AI-Persona,AI-Persona Modest Fashion (Marokko/MENA),MA / Arabisch-Französisch-Englisch,2023 (invideo),UNKNOWN,THIRD-PARTY OBSERVED,204000,2025-05-30 (veraltet),THIRD-PARTY OBSERVED (veraltet),UNKNOWN,UNKNOWN,UNKNOWN,UNKNOWN,204K (yoloco 2025-05); in aipulled 'New Wave (50K+ Q1-2026-Wachstum)' gelistet,"THIRD-PARTY OBSERVED (Q1-2026-Wachstum nur als Kategorie, keine Zahl)",UNKNOWN,UNKNOWN,UNKNOWN,UNKNOWN,UNKNOWN,UNKNOWN,UNKNOWN,UNKNOWN,UNKNOWN,UNKNOWN,UNKNOWN,UNKNOWN,VERIFIED,'Miss AI' 2024,UNKNOWN,Legacy/Kontext,nein (keine belastbaren Reel-Views),"Brand Deals (Hyundai, Bioderma) lt. invideo",UNKNOWN,https://aipulled.com/news/ai-instagram-influencers-q1-2026.html | https://yoloco.io/blog/top-ai-influencers-instagram | https://invideo.io/blog/ai-influencers-on-instagram/,2026-09-26,UNKNOWN
magazineluiza,https://www.instagram.com/magazineluiza/,Instagram,AI Virtual Influencer / AI-Persona,"Retail-Brand-Persona 'Lu' (Product-Ads/Reviews, CGI)",BR / Portugiesisch,2003 (Persona),UNKNOWN,THIRD-PARTY OBSERVED,9700000,2026-09 (creatorflow),"THIRD-PARTY OBSERVED (Quellen widersprüchlich 7M–9,7M)",UNKNOWN,UNKNOWN,UNKNOWN,UNKNOWN,"7,8M (yoloco 2025-05); ~8,4M (bracai 2026-02); 7M (aipulled Apr 2026); 9,3M (hypefy 2026-07-31); 8,8M (kolsquare 2026-08-20); ~9M (nataliajohansson, Stand Juli 2026); 9,7M (creatorflow 2026-09)","THIRD-PARTY OBSERVED, inkonsistent",UNKNOWN,UNKNOWN,UNKNOWN,UNKNOWN,UNKNOWN,UNKNOWN,UNKNOWN,UNKNOWN,UNKNOWN,UNKNOWN,UNKNOWN,UNKNOWN,VERIFIED,Offen virtuelle Markenfigur (CGI; generativer KI-Anteil unklar),UNKNOWN,Legacy/Kontext,nein (keine belastbaren Reel-Views),ja: Retail-Commerce der eigenen Marke (Produkt-Promotion),UNKNOWN,https://creatorflow.so/blog/ai-influencers-instagram/ | https://hypefy.ai/blog/top-ai-influencers-on-instagram | https://www.kolsquare.com/en/top-influencers/10-ai-influencers-transforming-social-media | https://nataliajohansson.com/2026/03/16/ai-fashion-influencers-instagram-2026/ | https://www.bracai.eu/post/ai-influencer-instagram | https://yoloco.io/blog/top-ai-influencers-instagram,2026-09-26,"Brand-Account, kein Creator-Case"
casasbahia,https://www.instagram.com/casasbahia/,Instagram,AI Product-Ads / Brand-Persona,Retail-Maskottchen 'CB' (CGI),BR / Portugiesisch,UNKNOWN,UNKNOWN,UNKNOWN,4600000,2026-09 (creatorflow),THIRD-PARTY OBSERVED,UNKNOWN,UNKNOWN,UNKNOWN,UNKNOWN,https://creatorflow.so/blog/ai-influencers-instagram/,"THIRD-PARTY OBSERVED, ein Stand",UNKNOWN,UNKNOWN,UNKNOWN,UNKNOWN,UNKNOWN,UNKNOWN,UNKNOWN,UNKNOWN,UNKNOWN,UNKNOWN,UNKNOWN,UNKNOWN,VERIFIED,Als virtuelle Markenfigur gelistet (CGI; generativer KI-Anteil unklar),UNKNOWN,Legacy/Kontext,nein (keine belastbaren Reel-Views),ja: Retail-Promotion der eigenen Marke,UNKNOWN,https://creatorflow.so/blog/ai-influencers-instagram/,2026-09-26,Brand-Account
emilypellegrini,https://www.instagram.com/emilypellegrini/,Instagram,AI Virtual Influencer / AI-Persona,AI-Model Luxus-Lifestyle (Fanvue-Funnel),Südeuropa / Englisch,UNKNOWN,UNKNOWN,UNKNOWN,543000,2026-02 (bracai-Update),THIRD-PARTY OBSERVED (veraltet),UNKNOWN,UNKNOWN,UNKNOWN,UNKNOWN,~543K (bracai 2026-02-06),"THIRD-PARTY OBSERVED, ein Stand",UNKNOWN,UNKNOWN,UNKNOWN,UNKNOWN,UNKNOWN,UNKNOWN,UNKNOWN,UNKNOWN,UNKNOWN,UNKNOWN,UNKNOWN,UNKNOWN,VERIFIED,In AI-Influencer-Rankings; Modell DM -> Fanvue (aipulled),UNKNOWN,Legacy/Kontext,nein (keine belastbaren Reel-Views),ja: Fanvue-Abo-Funnel (aipulled),UNKNOWN,https://www.bracai.eu/post/ai-influencer-instagram | https://aipulled.com/news/ai-instagram-influencers-q1-2026.html,2026-09-26,Handle-Konflikt: aipulled schreibt '@emily_pellegrini'
daisy.nicholsxoxo,https://www.instagram.com/daisy.nicholsxoxo/,Instagram,AI Virtual Influencer / AI-Persona,AI-Model Lifestyle/Glamour (Fanvue-Creator),UNKNOWN,UNKNOWN,UNKNOWN,UNKNOWN,100000,"Q1 2026 (aipulled, Apr 2026)","THIRD-PARTY OBSERVED (Meilenstein, kein exakter Stand)",UNKNOWN,UNKNOWN,UNKNOWN,UNKNOWN,aipulled: '100K Instagram Q1 2026',THIRD-PARTY OBSERVED (Meilenstein),UNKNOWN,UNKNOWN,UNKNOWN,UNKNOWN,UNKNOWN,UNKNOWN,UNKNOWN,UNKNOWN,UNKNOWN,UNKNOWN,UNKNOWN,UNKNOWN,VERIFIED,Als Fanvue-KI-Creator in aipulled gelistet,UNKNOWN,möglicher A-Kandidat (Startdatum UNKNOWN),nein (keine belastbaren Reel-Views),ja: Fanvue-Abos; 'reportedly clears five figures monthly' (SELF-REPORTED/Presse),UNKNOWN,https://aipulled.com/news/ai-instagram-influencers-q1-2026.html,2026-09-26,"Monetarisierung über Adult-nahe Abo-Plattform, nicht über Affiliate"
plustika,https://www.instagram.com/plustika/,Instagram,AI Virtual Influencer / AI-Persona,AI-Persona Brazilian Streetwear,BR / Portugiesisch,UNKNOWN,UNKNOWN,UNKNOWN,UNKNOWN,UNKNOWN,UNKNOWN,UNKNOWN,UNKNOWN,UNKNOWN,UNKNOWN,aipulled listet den Account unter 'New Wave (50K+ Q1-2026-Wachstum)',"THIRD-PARTY OBSERVED (Kategorie, keine Zahl)",UNKNOWN,UNKNOWN,UNKNOWN,UNKNOWN,UNKNOWN,UNKNOWN,UNKNOWN,UNKNOWN,UNKNOWN,UNKNOWN,UNKNOWN,UNKNOWN,VERIFIED,In aipulled als KI-Persona gelistet,UNKNOWN,Kandidat (Q1-2026-Wachstum 50K+ lt. aipulled),nein (keine belastbaren Reel-Views),UNKNOWN,UNKNOWN,https://aipulled.com/news/ai-instagram-influencers-q1-2026.html,2026-09-26,UNKNOWN
thalasya_,https://www.instagram.com/thalasya_/,Instagram,AI Virtual Influencer / AI-Persona,AI-Persona Lifestyle/Travel Indonesien,ID / Indonesisch,2018 (invideo),UNKNOWN,THIRD-PARTY OBSERVED,UNKNOWN,UNKNOWN,UNKNOWN,UNKNOWN,UNKNOWN,UNKNOWN,UNKNOWN,aipulled 'New Wave (50K+ Q1-2026)',THIRD-PARTY OBSERVED (Kategorie),UNKNOWN,UNKNOWN,UNKNOWN,UNKNOWN,UNKNOWN,UNKNOWN,UNKNOWN,UNKNOWN,UNKNOWN,UNKNOWN,UNKNOWN,UNKNOWN,VERIFIED,"In AI-Influencer-Listen (aipulled, invideo)",UNKNOWN,Legacy/Kontext,nein (keine belastbaren Reel-Views),Tourismus-/Hotel-/Fashion-Kooperationen (invideo),UNKNOWN,https://aipulled.com/news/ai-instagram-influencers-q1-2026.html | https://invideo.io/blog/ai-influencers-on-instagram/,2026-09-26,UNKNOWN
leyalovenature,https://www.instagram.com/leyalovenature/,Instagram,AI Virtual Influencer / AI-Persona,AI-Persona Wellness/Sustainability,CH / Englisch,UNKNOWN,UNKNOWN,UNKNOWN,494000,2026-09 (creatorflow),THIRD-PARTY OBSERVED,UNKNOWN,498000 (Snapshot 2026-07-31),UNKNOWN,UNKNOWN,498K (hypefy 2026-07-31); 494K (creatorflow 2026-09); ein Such-Snippet nennt 675K IG (nicht verifiziert),THIRD-PARTY OBSERVED -> flach,UNKNOWN,UNKNOWN,UNKNOWN,UNKNOWN,UNKNOWN,UNKNOWN,UNKNOWN,UNKNOWN,UNKNOWN,UNKNOWN,UNKNOWN,UNKNOWN,VERIFIED,"Cosmiq Universe AG, offen virtuell",UNKNOWN,Legacy/Kontext,nein (keine belastbaren Reel-Views),Wellness-Partnerschaften,UNKNOWN,https://hypefy.ai/blog/top-ai-influencers-on-instagram | https://creatorflow.so/blog/ai-influencers-instagram/,2026-09-26,UNKNOWN
natt.alia2007,https://www.instagram.com/natt.alia2007/,Instagram,AI Virtual Influencer / AI-Persona,AI-Persona Fashion mit Transparenz-Positionierung,EU / Englisch,2025-11,UNKNOWN,SELF-REPORTED (eigene Website),10841,2026-09-20,SELF-REPORTED,UNKNOWN,UNKNOWN,UNKNOWN,UNKNOWN,https://nataliajohansson.com/2026/03/16/ai-fashion-influencers-instagram-2026/,"SELF-REPORTED, ein Stand",UNKNOWN,UNKNOWN,UNKNOWN,UNKNOWN,UNKNOWN,UNKNOWN,UNKNOWN,UNKNOWN,UNKNOWN,UNKNOWN,UNKNOWN,UNKNOWN,VERIFIED,"Selbstbezeichnung als KI-Influencerin, EU-AI-Act-Art.-50-Offenlegung",UNKNOWN,"keine (jung, aber <50K)",nein (keine belastbaren Reel-Views),"Eigenes Produkt: Novelle 'I, AI' (4,99 USD); Markenanmeldung",UNKNOWN,https://nataliajohansson.com/2026/03/16/ai-fashion-influencers-instagram-2026/,2026-09-26,"~10 Monate alt, langsames Wachstum; zeigt, dass Persona-Neustarts ohne Viral-Hook stagnieren"
viva_lalina,https://www.instagram.com/viva_lalina/,Instagram,AI Virtual Influencer / AI-Persona,AI-Persona Travel/Fashion,UNKNOWN,UNKNOWN,UNKNOWN,UNKNOWN,251000,2025-05-30 (veraltet),THIRD-PARTY OBSERVED (veraltet),UNKNOWN,UNKNOWN,UNKNOWN,UNKNOWN,https://yoloco.io/blog/top-ai-influencers-instagram,"THIRD-PARTY OBSERVED, ein Stand",UNKNOWN,UNKNOWN,UNKNOWN,UNKNOWN,UNKNOWN,UNKNOWN,UNKNOWN,UNKNOWN,UNKNOWN,UNKNOWN,UNKNOWN,UNKNOWN,VERIFIED,In yoloco-AI-Influencer-Liste,UNKNOWN,Legacy/Kontext,nein (keine belastbaren Reel-Views),UNKNOWN,UNKNOWN,https://yoloco.io/blog/top-ai-influencers-instagram,2026-09-26,UNKNOWN
ayayi.iiiii,https://www.instagram.com/ayayi.iiiii/,Instagram,AI Virtual Influencer / AI-Persona,Virtuelle Luxus-Fashion-Persona (China),CN / Chinesisch,2021,UNKNOWN,THIRD-PARTY OBSERVED,UNKNOWN,UNKNOWN,UNKNOWN,UNKNOWN,UNKNOWN,UNKNOWN,UNKNOWN,UNKNOWN,UNKNOWN,UNKNOWN,UNKNOWN,UNKNOWN,UNKNOWN,UNKNOWN,UNKNOWN,UNKNOWN,UNKNOWN,UNKNOWN,UNKNOWN,UNKNOWN,UNKNOWN,VERIFIED,Offen virtuell (invideo),UNKNOWN,Legacy/Kontext,nein (keine belastbaren Reel-Views),"Brand Deals (Prada, Louis Vuitton, Guerlain, Alibaba)",UNKNOWN,https://invideo.io/blog/ai-influencers-on-instagram/,2026-09-26,UNKNOWN
bermudaisbae,https://www.instagram.com/bermudaisbae/,Instagram,AI Virtual Influencer / AI-Persona,"Virtuelle Persona (CGI, Brud)",US / Englisch,2016,UNKNOWN,THIRD-PARTY OBSERVED,241000,undatiert (invideo),THIRD-PARTY OBSERVED (undatiert),UNKNOWN,UNKNOWN,UNKNOWN,UNKNOWN,UNKNOWN,UNKNOWN,UNKNOWN,UNKNOWN,UNKNOWN,UNKNOWN,UNKNOWN,UNKNOWN,UNKNOWN,UNKNOWN,UNKNOWN,UNKNOWN,UNKNOWN,UNKNOWN,VERIFIED,Offen virtuell,UNKNOWN,Legacy/Kontext,nein (keine belastbaren Reel-Views),UNKNOWN,UNKNOWN,https://invideo.io/blog/ai-influencers-on-instagram/ | https://www.getpassionfruit.com/blog/top-ai-generated-influencers-virtual-models-marketing-virality-mia-zelu-lil-miquela,2026-09-26,UNKNOWN
aishaneo,https://www.instagram.com/aishaneo/,Instagram,AI Virtual Influencer / AI-Persona,AI-Persona Tech/AI-Ethik,UNKNOWN,UNKNOWN,UNKNOWN,UNKNOWN,13100,undatiert (invideo),THIRD-PARTY OBSERVED (undatiert),UNKNOWN,UNKNOWN,UNKNOWN,UNKNOWN,UNKNOWN,UNKNOWN,UNKNOWN,UNKNOWN,UNKNOWN,UNKNOWN,UNKNOWN,UNKNOWN,UNKNOWN,UNKNOWN,UNKNOWN,UNKNOWN,UNKNOWN,UNKNOWN,VERIFIED,In invideo-AI-Influencer-Liste,UNKNOWN,keine,nein (keine belastbaren Reel-Views),UNKNOWN,UNKNOWN,https://invideo.io/blog/ai-influencers-on-instagram/,2026-09-26,Randständig zum Cluster
liam_nikuro,https://www.instagram.com/liam_nikuro/,Instagram,AI Virtual Influencer / AI-Persona,Virtuelle Music/Fashion-Persona (männlich),UNKNOWN,2019,UNKNOWN,THIRD-PARTY OBSERVED,11000,undatiert (invideo),THIRD-PARTY OBSERVED (undatiert),UNKNOWN,UNKNOWN,UNKNOWN,UNKNOWN,UNKNOWN,UNKNOWN,UNKNOWN,UNKNOWN,UNKNOWN,UNKNOWN,UNKNOWN,UNKNOWN,UNKNOWN,UNKNOWN,UNKNOWN,UNKNOWN,UNKNOWN,UNKNOWN,VERIFIED,In invideo-Liste,UNKNOWN,keine,nein (keine belastbaren Reel-Views),UNKNOWN,UNKNOWN,https://invideo.io/blog/ai-influencers-on-instagram/,2026-09-26,UNKNOWN
serah_reikka,https://www.instagram.com/serah_reikka/,Instagram,AI Virtual Influencer / AI-Persona,Virtuelle Fashion/Gaming/Travel-Persona,UNKNOWN,UNKNOWN,UNKNOWN,UNKNOWN,UNKNOWN,UNKNOWN,UNKNOWN,UNKNOWN,UNKNOWN,UNKNOWN,UNKNOWN,UNKNOWN,UNKNOWN,UNKNOWN,UNKNOWN,UNKNOWN,UNKNOWN,UNKNOWN,UNKNOWN,UNKNOWN,UNKNOWN,UNKNOWN,UNKNOWN,UNKNOWN,UNKNOWN,VERIFIED,Favikon-Ranking 'Top AI Influencers' (Score 69.8),UNKNOWN,Legacy/Kontext,nein (keine belastbaren Reel-Views),UNKNOWN,UNKNOWN,https://www.favikon.com/blog/top-ai-influencers-instagram,2026-09-26,UNKNOWN
arbie_seo,https://www.instagram.com/arbie_seo/,Instagram,AI Virtual Influencer / AI-Persona,AI-Persona Gaming/Beauty (Südostasien),UNKNOWN,UNKNOWN,UNKNOWN,UNKNOWN,367000,2025-05-30 (veraltet),THIRD-PARTY OBSERVED (veraltet),UNKNOWN,UNKNOWN,UNKNOWN,UNKNOWN,UNKNOWN,UNKNOWN,UNKNOWN,UNKNOWN,UNKNOWN,UNKNOWN,UNKNOWN,UNKNOWN,UNKNOWN,UNKNOWN,UNKNOWN,UNKNOWN,UNKNOWN,UNKNOWN,VERIFIED,In yoloco-AI-Influencer-Liste,UNKNOWN,Legacy/Kontext,nein (keine belastbaren Reel-Views),UNKNOWN,UNKNOWN,https://yoloco.io/blog/top-ai-influencers-instagram,2026-09-26,UNKNOWN
sena.zaro,https://www.instagram.com/sena.zaro/,Instagram,AI Virtual Influencer / AI-Persona,AI-Persona Fashion x Motion Design/Travel,UNKNOWN,UNKNOWN,UNKNOWN,UNKNOWN,UNKNOWN,UNKNOWN,UNKNOWN,UNKNOWN,UNKNOWN,UNKNOWN,UNKNOWN,yoloco: 'Growing' (keine Zahl),UNKNOWN,UNKNOWN,UNKNOWN,UNKNOWN,UNKNOWN,UNKNOWN,UNKNOWN,UNKNOWN,UNKNOWN,UNKNOWN,UNKNOWN,UNKNOWN,UNKNOWN,VERIFIED,In yoloco-AI-Influencer-Liste,UNKNOWN,keine (Daten fehlen),nein (keine belastbaren Reel-Views),UNKNOWN,UNKNOWN,https://yoloco.io/blog/top-ai-influencers-instagram,2026-09-26,UNKNOWN
guggimon,https://www.instagram.com/guggimon/,Instagram,AI Kids/Toys-Concepts (Kontext),"Virtuelle Toy-/Brand-Figur (Superplastic, CGI)",UNKNOWN,UNKNOWN,UNKNOWN,UNKNOWN,1300000,2026-08-20,THIRD-PARTY OBSERVED,UNKNOWN,UNKNOWN,UNKNOWN,UNKNOWN,UNKNOWN,UNKNOWN,UNKNOWN,UNKNOWN,UNKNOWN,UNKNOWN,UNKNOWN,UNKNOWN,UNKNOWN,UNKNOWN,UNKNOWN,UNKNOWN,UNKNOWN,UNKNOWN,VERIFIED,In kolsquare/Favikon-AI-Influencer-Rankings (CGI; generativer KI-Anteil unklar),UNKNOWN,Legacy/Kontext,nein (keine belastbaren Reel-Views),"Merch/Toys der Marke, Fortnite-Kollab",UNKNOWN,https://www.kolsquare.com/en/top-influencers/10-ai-influencers-transforming-social-media | https://www.favikon.com/blog/top-ai-influencers-instagram,2026-09-26,UNKNOWN
itsolivia.ai,https://www.instagram.com/itsolivia.ai/,Instagram,AI Beauty,AI-Influencerin Makeup-Transition/Glow-up-Reveal,UNKNOWN,UNKNOWN,UNKNOWN,UNKNOWN,UNKNOWN,UNKNOWN,UNKNOWN,UNKNOWN,UNKNOWN,UNKNOWN,UNKNOWN,UNKNOWN,UNKNOWN,UNKNOWN,UNKNOWN,UNKNOWN,UNKNOWN,UNKNOWN,UNKNOWN,UNKNOWN,UNKNOWN,UNKNOWN,UNKNOWN,UNKNOWN,UNKNOWN,VERIFIED,Handle-Selbstbezeichnung '.ai'; von alici.ai als 'AI Influencer Makeup Transition Reveal AI Video' katalogisiert,UNKNOWN,keine (Daten fehlen),nein (keine belastbaren Reel-Views),UNKNOWN,UNKNOWN,https://alici.ai/formulas/media/itsolivia-ai/a5181cb4-b5fd-525a-a3f5-4b2234d1c825-ai-influencer-makeup-transition-reveal-ai-video,2026-09-26,Beleg für Format 'natural -> glam transition' mit KI-Persona; Follower/Views nicht zugänglich (alici.ai 403)
varyalai,https://www.instagram.com/varyalai/,Instagram,AI Fashion,AI-Fotoshootings mit echter Kleidung + KI-Models / AI-Runway-Clips,UNKNOWN,UNKNOWN,UNKNOWN,UNKNOWN,266000,"Snippet, abgerufen 2026-09-26","THIRD-PARTY OBSERVED (Suchmaschinen-Snippet der IG-Profilseite, abgerufen 2026-09-26, Indexdatum unbekannt)",UNKNOWN,UNKNOWN,UNKNOWN,UNKNOWN,UNKNOWN,UNKNOWN,UNKNOWN,UNKNOWN,UNKNOWN,UNKNOWN,UNKNOWN,https://www.instagram.com/varyalai/reel/DQWIAB3DEMb/,UNKNOWN,UNKNOWN,UNKNOWN,UNKNOWN,UNKNOWN,UNKNOWN,VERIFIED,"Bio lt. Snippet: 'AI photo shoots with real clothing and AI models'; Reel DQWIAB3DEMb (NexLev-Analyse): KI-Runway, Watermark 'VARYA JAMYL', keine AI-Kennzeichnung im Video",UNKNOWN,keine (Alter/Posts unbekannt; 266K),nein (keine belastbaren Reel-Views),B2B-Dienstleistung (KI-Shootings für Marken) lt. Bio; kein Affiliate im Reel sichtbar,UNKNOWN,https://www.instagram.com/varyalai/ | https://www.instagram.com/varyalai/reel/DQWIAB3DEMb/,2026-09-26,"Stärkster reiner AI-Fashion-Content-Account im Fund; Hook rein visuell (Runway-Walk, Glanzkleid)"
zwei_handvoll_fashion,https://www.instagram.com/zwei_handvoll_fashion/,Instagram,AI Fashion,Virtuelle Fashion-Show für Curvy/Plus-Size mit KI-Models,DE / Deutsch,UNKNOWN,UNKNOWN,UNKNOWN,161000,"Snippet, abgerufen 2026-09-26","THIRD-PARTY OBSERVED (Suchmaschinen-Snippet der IG-Profilseite, abgerufen 2026-09-26, Indexdatum unbekannt)",UNKNOWN,UNKNOWN,UNKNOWN,UNKNOWN,UNKNOWN,UNKNOWN,UNKNOWN,UNKNOWN,UNKNOWN,UNKNOWN,UNKNOWN,UNKNOWN,UNKNOWN,UNKNOWN,UNKNOWN,UNKNOWN,UNKNOWN,UNKNOWN,VERIFIED,Bio lt. Snippet: 'Virtual Fashionshow for curvy Women with ai generated Models and Fashion',UNKNOWN,keine (Alter/Posts unbekannt; 161K),nein (keine belastbaren Reel-Views),UNKNOWN,UNKNOWN,https://www.instagram.com/zwei_handvoll_fashion/,2026-09-26,Unter-Nische Plus-Size/Curvy AI-Fashion – DACH; Monetarisierung nicht sichtbar
the_ai_dreams,https://www.instagram.com/the_ai_dreams/,Instagram,AI Lifestyle/Concepts (Rand),AI-Fun-Visuals / Dream-Konzepte,UNKNOWN,UNKNOWN,UNKNOWN,UNKNOWN,198000,"Snippet, abgerufen 2026-09-26","THIRD-PARTY OBSERVED (Suchmaschinen-Snippet der IG-Profilseite, abgerufen 2026-09-26, Indexdatum unbekannt)",UNKNOWN,UNKNOWN,UNKNOWN,UNKNOWN,UNKNOWN,UNKNOWN,UNKNOWN,UNKNOWN,UNKNOWN,UNKNOWN,UNKNOWN,UNKNOWN,UNKNOWN,UNKNOWN,UNKNOWN,UNKNOWN,UNKNOWN,UNKNOWN,VERIFIED,Bio lt. Snippet: AI-generierte Fun-Visuals,UNKNOWN,keine (Alter unbekannt),nein (keine belastbaren Reel-Views),UNKNOWN,UNKNOWN,https://www.instagram.com/the_ai_dreams/,2026-09-26,Fund über 'choose your/pick one'-Query; Format nicht bestätigt
ai_girls_lingerie,https://www.instagram.com/ai_girls_lingerie/,Instagram,AI Fashion,AI-Models in Fashion/Cosplay,UNKNOWN,UNKNOWN,UNKNOWN,UNKNOWN,2143,"Snippet, abgerufen 2026-09-26","THIRD-PARTY OBSERVED (Suchmaschinen-Snippet der IG-Profilseite, abgerufen 2026-09-26, Indexdatum unbekannt)",UNKNOWN,UNKNOWN,UNKNOWN,UNKNOWN,UNKNOWN,UNKNOWN,UNKNOWN,UNKNOWN,UNKNOWN,UNKNOWN,UNKNOWN,UNKNOWN,UNKNOWN,UNKNOWN,UNKNOWN,UNKNOWN,UNKNOWN,UNKNOWN,VERIFIED,Bio: 'Beautiful AI generated women wearing fashion clothes and doing cosplay',UNKNOWN,keine,nein (keine belastbaren Reel-Views),UNKNOWN,UNKNOWN,https://www.instagram.com/ai_girls_lingerie/,2026-09-26,Typischer Nachahmer-Account – Sättigung 'AI-Frauen'
dressxagent,https://www.instagram.com/dressxagent/,Instagram,AI Fashion,AI-Stylist/Virtual Try-on (DRESSX),UNKNOWN,UNKNOWN,UNKNOWN,UNKNOWN,700,"Snippet, abgerufen 2026-09-26","THIRD-PARTY OBSERVED (Suchmaschinen-Snippet der IG-Profilseite, abgerufen 2026-09-26, Indexdatum unbekannt)",UNKNOWN,UNKNOWN,UNKNOWN,UNKNOWN,UNKNOWN,UNKNOWN,UNKNOWN,UNKNOWN,UNKNOWN,UNKNOWN,UNKNOWN,UNKNOWN,UNKNOWN,UNKNOWN,UNKNOWN,UNKNOWN,UNKNOWN,UNKNOWN,VERIFIED,"Bio: AI-Stylist, unlimited try-on",UNKNOWN,keine,nein (keine belastbaren Reel-Views),Tool/App der Marke DRESSX,UNKNOWN,https://www.instagram.com/dressxagent/,2026-09-26,UNKNOWN
aisle_wedding.ai,https://www.instagram.com/aisle_wedding.ai/,Instagram,AI Weddings/Dresses,AI-Hochzeitskonzepte/Visualisierung für Planer,UNKNOWN,UNKNOWN,UNKNOWN,UNKNOWN,31000,"Snippet, abgerufen 2026-09-26","THIRD-PARTY OBSERVED (Suchmaschinen-Snippet der IG-Profilseite, abgerufen 2026-09-26, Indexdatum unbekannt)",UNKNOWN,UNKNOWN,UNKNOWN,UNKNOWN,UNKNOWN,UNKNOWN,UNKNOWN,UNKNOWN,UNKNOWN,UNKNOWN,UNKNOWN,UNKNOWN,UNKNOWN,UNKNOWN,UNKNOWN,UNKNOWN,UNKNOWN,UNKNOWN,VERIFIED,Bio: 'AI-powered wedding concepts and visualization',UNKNOWN,keine,nein (keine belastbaren Reel-Views),B2B-Service für Eventplaner (ZMI Event Architects),UNKNOWN,https://www.instagram.com/aisle_wedding.ai/,2026-09-26,UNKNOWN
aiweddingdesign,https://www.instagram.com/aiweddingdesign/,Instagram,AI Weddings/Dresses,AI-Hochzeitsinspiration täglich,UNKNOWN,UNKNOWN,UNKNOWN,UNKNOWN,1504,"Snippet, abgerufen 2026-09-26","THIRD-PARTY OBSERVED (Suchmaschinen-Snippet der IG-Profilseite, abgerufen 2026-09-26, Indexdatum unbekannt)",UNKNOWN,UNKNOWN,UNKNOWN,UNKNOWN,UNKNOWN,UNKNOWN,UNKNOWN,UNKNOWN,UNKNOWN,UNKNOWN,UNKNOWN,UNKNOWN,UNKNOWN,UNKNOWN,UNKNOWN,UNKNOWN,UNKNOWN,UNKNOWN,VERIFIED,Bio: 'turning dreams into reality with AI magic',UNKNOWN,keine,nein (keine belastbaren Reel-Views),UNKNOWN,UNKNOWN,https://www.instagram.com/aiweddingdesign/,2026-09-26,UNKNOWN
bridelyapp,https://www.instagram.com/bridelyapp/,Instagram,AI Weddings/Dresses,AI Virtual Bridal Try-on App,UNKNOWN,UNKNOWN,UNKNOWN,UNKNOWN,1061,"Snippet, abgerufen 2026-09-26","THIRD-PARTY OBSERVED (Suchmaschinen-Snippet der IG-Profilseite, abgerufen 2026-09-26, Indexdatum unbekannt)",UNKNOWN,UNKNOWN,UNKNOWN,UNKNOWN,UNKNOWN,UNKNOWN,UNKNOWN,UNKNOWN,UNKNOWN,UNKNOWN,UNKNOWN,UNKNOWN,UNKNOWN,UNKNOWN,UNKNOWN,UNKNOWN,UNKNOWN,UNKNOWN,VERIFIED,Bio: 'world's first AI-driven virtual try-on app for brides',UNKNOWN,keine,nein (keine belastbaren Reel-Views),App-Vermarktung,UNKNOWN,https://www.instagram.com/bridelyapp/,2026-09-26,UNKNOWN
naildesign.ai,https://www.instagram.com/naildesign.ai/,Instagram,AI Beauty,AI Nail-Art-Inspiration,UNKNOWN,UNKNOWN,UNKNOWN,UNKNOWN,507,"Snippet, abgerufen 2026-09-26","THIRD-PARTY OBSERVED (Suchmaschinen-Snippet der IG-Profilseite, abgerufen 2026-09-26, Indexdatum unbekannt)",UNKNOWN,UNKNOWN,UNKNOWN,UNKNOWN,UNKNOWN,UNKNOWN,UNKNOWN,UNKNOWN,UNKNOWN,UNKNOWN,UNKNOWN,UNKNOWN,UNKNOWN,UNKNOWN,UNKNOWN,UNKNOWN,UNKNOWN,UNKNOWN,VERIFIED,Bio: 'AI-Powered Nail Art Inspiration & Ideas',UNKNOWN,keine,nein (keine belastbaren Reel-Views),UNKNOWN,UNKNOWN,https://www.instagram.com/naildesign.ai/,2026-09-26,AI-Nail-Art auf IG kaum skaliert: Top-Nail-Pages (z. B. ideas_for_nailart 1M) sind nicht als AI belegt
remodel.ai,https://www.instagram.com/remodel.ai/,Instagram,AI Transformations & Before/After,AI Home-/Room-Makeover (Tool-Brand),UNKNOWN,UNKNOWN,UNKNOWN,UNKNOWN,20000,"Snippet, abgerufen 2026-09-26","THIRD-PARTY OBSERVED (Suchmaschinen-Snippet der IG-Profilseite, abgerufen 2026-09-26, Indexdatum unbekannt)",UNKNOWN,UNKNOWN,UNKNOWN,UNKNOWN,UNKNOWN,UNKNOWN,UNKNOWN,UNKNOWN,UNKNOWN,UNKNOWN,UNKNOWN,UNKNOWN,UNKNOWN,UNKNOWN,UNKNOWN,UNKNOWN,UNKNOWN,UNKNOWN,VERIFIED,Bio: 'See your home makeover before it happens' (AI-Tool),UNKNOWN,keine,nein (keine belastbaren Reel-Views),App/Tool-Vermarktung,UNKNOWN,https://www.instagram.com/remodel.ai/,2026-09-26,UNKNOWN
createugc.ai,https://www.instagram.com/createugc.ai/,Instagram,AI Product-Ads/UGC,AI-UGC-Ads (Produktlink -> Ad),UNKNOWN,UNKNOWN,UNKNOWN,UNKNOWN,6843,"Snippet, abgerufen 2026-09-26","THIRD-PARTY OBSERVED (Suchmaschinen-Snippet der IG-Profilseite, abgerufen 2026-09-26, Indexdatum unbekannt)",UNKNOWN,UNKNOWN,UNKNOWN,UNKNOWN,UNKNOWN,UNKNOWN,UNKNOWN,UNKNOWN,UNKNOWN,UNKNOWN,UNKNOWN,UNKNOWN,UNKNOWN,UNKNOWN,UNKNOWN,UNKNOWN,UNKNOWN,UNKNOWN,VERIFIED,"Bio: AI UGC ads, paste product link",UNKNOWN,keine,nein (keine belastbaren Reel-Views),SaaS-Tool,UNKNOWN,https://www.instagram.com/createugc.ai/,2026-09-26,UNKNOWN
magic.ugc,https://www.instagram.com/magic.ugc/,Instagram,AI Product-Ads/UGC,AI-UGC-Videos,UNKNOWN,UNKNOWN,UNKNOWN,UNKNOWN,3108,"Snippet, abgerufen 2026-09-26","THIRD-PARTY OBSERVED (Suchmaschinen-Snippet der IG-Profilseite, abgerufen 2026-09-26, Indexdatum unbekannt)",UNKNOWN,UNKNOWN,UNKNOWN,UNKNOWN,UNKNOWN,UNKNOWN,UNKNOWN,UNKNOWN,UNKNOWN,UNKNOWN,UNKNOWN,UNKNOWN,UNKNOWN,UNKNOWN,UNKNOWN,UNKNOWN,UNKNOWN,UNKNOWN,VERIFIED,Bio: AI UGC videos 'human-like quality',UNKNOWN,keine,nein (keine belastbaren Reel-Views),SaaS-Tool,UNKNOWN,https://www.instagram.com/magic.ugc/,2026-09-26,UNKNOWN
aiugc.creator,https://www.instagram.com/aiugc.creator/,Instagram,AI Product-Ads/UGC,AI-UGC-Creatorin Beauty/Skincare-Ads,UNKNOWN,UNKNOWN,UNKNOWN,UNKNOWN,279,"Snippet, abgerufen 2026-09-26","THIRD-PARTY OBSERVED (Suchmaschinen-Snippet der IG-Profilseite, abgerufen 2026-09-26, Indexdatum unbekannt)",UNKNOWN,UNKNOWN,UNKNOWN,UNKNOWN,UNKNOWN,UNKNOWN,UNKNOWN,UNKNOWN,UNKNOWN,UNKNOWN,UNKNOWN,UNKNOWN,UNKNOWN,UNKNOWN,UNKNOWN,UNKNOWN,UNKNOWN,UNKNOWN,VERIFIED,"Bio: 'AI UGC Creator', AI-driven ad videos/photos",UNKNOWN,keine,nein (keine belastbaren Reel-Views),Dienstleistung (Ads für Marken),UNKNOWN,https://www.instagram.com/aiugc.creator/,2026-09-26,UNKNOWN
adcrafty.ai,https://www.instagram.com/adcrafty.ai/,Instagram,AI Product-Ads/UGC,AI-UGC-Videos & Slideshows,UNKNOWN,UNKNOWN,UNKNOWN,UNKNOWN,77,"Snippet, abgerufen 2026-09-26","THIRD-PARTY OBSERVED (Suchmaschinen-Snippet der IG-Profilseite, abgerufen 2026-09-26, Indexdatum unbekannt)",UNKNOWN,UNKNOWN,UNKNOWN,UNKNOWN,UNKNOWN,UNKNOWN,UNKNOWN,UNKNOWN,UNKNOWN,UNKNOWN,UNKNOWN,UNKNOWN,UNKNOWN,UNKNOWN,UNKNOWN,UNKNOWN,UNKNOWN,UNKNOWN,VERIFIED,Bio: AI-Ad-Tool,UNKNOWN,keine,nein (keine belastbaren Reel-Views),SaaS-Tool,UNKNOWN,https://www.instagram.com/adcrafty.ai/,2026-09-26,UNKNOWN
storista.io,https://www.instagram.com/storista.io/,Instagram,AI Product-Ads/UGC,AI-UGC-Ads/TikTok-Shop-Videos,UNKNOWN,UNKNOWN,UNKNOWN,UNKNOWN,35,"Snippet, abgerufen 2026-09-26","THIRD-PARTY OBSERVED (Suchmaschinen-Snippet der IG-Profilseite, abgerufen 2026-09-26, Indexdatum unbekannt)",UNKNOWN,UNKNOWN,UNKNOWN,UNKNOWN,UNKNOWN,UNKNOWN,UNKNOWN,UNKNOWN,UNKNOWN,UNKNOWN,UNKNOWN,UNKNOWN,UNKNOWN,UNKNOWN,UNKNOWN,UNKNOWN,UNKNOWN,UNKNOWN,VERIFIED,Bio: AI UGC ads + TikTok Shop videos,UNKNOWN,keine,nein (keine belastbaren Reel-Views),SaaS-Tool (TikTok-Shop-Fokus),UNKNOWN,https://www.instagram.com/storista.io/,2026-09-26,UNKNOWN
siennavixen,https://www.instagram.com/siennavixen/,Instagram,AI Fitness/Body-Concepts,AI-Fitness-Model & 'Nutritionist'-Persona,UNKNOWN,UNKNOWN,UNKNOWN,UNKNOWN,8039,"Snippet, abgerufen 2026-09-26","THIRD-PARTY OBSERVED (Suchmaschinen-Snippet der IG-Profilseite, abgerufen 2026-09-26, Indexdatum unbekannt)",UNKNOWN,UNKNOWN,UNKNOWN,UNKNOWN,UNKNOWN,UNKNOWN,UNKNOWN,UNKNOWN,UNKNOWN,UNKNOWN,UNKNOWN,UNKNOWN,UNKNOWN,UNKNOWN,UNKNOWN,UNKNOWN,UNKNOWN,UNKNOWN,VERIFIED,"Bio: 'AI Girl', 'AI Fitness Model & Nutritionist'",UNKNOWN,keine,nein (keine belastbaren Reel-Views),UNKNOWN,UNKNOWN,https://www.instagram.com/siennavixen/,2026-09-26,UNKNOWN
ai_fitgirls,https://www.instagram.com/ai_fitgirls/,Instagram,AI Fitness/Body-Concepts,AI-Fitness-/Muscle-Girls,UNKNOWN,UNKNOWN,UNKNOWN,UNKNOWN,523,"Snippet, abgerufen 2026-09-26","THIRD-PARTY OBSERVED (Suchmaschinen-Snippet der IG-Profilseite, abgerufen 2026-09-26, Indexdatum unbekannt)",UNKNOWN,UNKNOWN,UNKNOWN,UNKNOWN,UNKNOWN,UNKNOWN,UNKNOWN,UNKNOWN,UNKNOWN,UNKNOWN,UNKNOWN,UNKNOWN,UNKNOWN,UNKNOWN,UNKNOWN,UNKNOWN,UNKNOWN,UNKNOWN,VERIFIED,Bio: AI generated fitness girls,UNKNOWN,keine,nein (keine belastbaren Reel-Views),UNKNOWN,UNKNOWN,https://www.instagram.com/ai_fitgirls/,2026-09-26,UNKNOWN
aiqueenoffitness,https://www.instagram.com/aiqueenoffitness/,Instagram,AI Fitness/Body-Concepts,AI-Fitness-Persona,UNKNOWN,UNKNOWN,UNKNOWN,UNKNOWN,906,"Snippet, abgerufen 2026-09-26","THIRD-PARTY OBSERVED (Suchmaschinen-Snippet der IG-Profilseite, abgerufen 2026-09-26, Indexdatum unbekannt)",UNKNOWN,UNKNOWN,UNKNOWN,UNKNOWN,UNKNOWN,UNKNOWN,UNKNOWN,UNKNOWN,UNKNOWN,UNKNOWN,UNKNOWN,UNKNOWN,UNKNOWN,UNKNOWN,UNKNOWN,UNKNOWN,UNKNOWN,UNKNOWN,LIKELY,Name 'AI Queen Of Fitness',UNKNOWN,keine,nein (keine belastbaren Reel-Views),UNKNOWN,UNKNOWN,https://www.instagram.com/aiqueenoffitness/,2026-09-26,UNKNOWN
who.is.she.official,https://www.instagram.com/who.is.she.official/,Instagram,AI Fashion,AI-Models Fitness/Beauty/Fashion (Sammelseite),UNKNOWN,UNKNOWN,UNKNOWN,UNKNOWN,3594,"Snippet, abgerufen 2026-09-26","THIRD-PARTY OBSERVED (Suchmaschinen-Snippet der IG-Profilseite, abgerufen 2026-09-26, Indexdatum unbekannt)",UNKNOWN,UNKNOWN,UNKNOWN,UNKNOWN,UNKNOWN,UNKNOWN,842,"THIRD-PARTY OBSERVED (Suchmaschinen-Snippet der IG-Profilseite, abgerufen 2026-09-26, Indexdatum unbekannt)",UNKNOWN,UNKNOWN,UNKNOWN,UNKNOWN,UNKNOWN,UNKNOWN,UNKNOWN,UNKNOWN,UNKNOWN,UNKNOWN,VERIFIED,Bio: 'Models in AI | Fitness | Beauty | Fashion',UNKNOWN,keine,nein (keine belastbaren Reel-Views),UNKNOWN,UNKNOWN,https://www.instagram.com/who.is.she.official/,2026-09-26,Hohe Postingzahl bei geringer Reichweite – Sättigungsindikator
ai_fitness_models,https://www.instagram.com/ai_fitness_models/,Instagram,AI Fitness/Body-Concepts,AI-Fitness-Shoots,UNKNOWN,UNKNOWN,UNKNOWN,UNKNOWN,7,"Snippet, abgerufen 2026-09-26","THIRD-PARTY OBSERVED (Suchmaschinen-Snippet der IG-Profilseite, abgerufen 2026-09-26, Indexdatum unbekannt)",UNKNOWN,UNKNOWN,UNKNOWN,UNKNOWN,UNKNOWN,UNKNOWN,UNKNOWN,UNKNOWN,UNKNOWN,UNKNOWN,UNKNOWN,UNKNOWN,UNKNOWN,UNKNOWN,UNKNOWN,UNKNOWN,UNKNOWN,UNKNOWN,VERIFIED,Bio: AI-based fitness shoots,UNKNOWN,keine,nein (keine belastbaren Reel-Views),UNKNOWN,UNKNOWN,https://www.instagram.com/ai_fitness_models/,2026-09-26,Nachahmer ohne Traktion
fitnessgirls.ai,https://www.instagram.com/fitnessgirls.ai/,Instagram,AI Fitness/Body-Concepts,AI-Fitness-Models,UNKNOWN,UNKNOWN,UNKNOWN,UNKNOWN,32,"Snippet, abgerufen 2026-09-26","THIRD-PARTY OBSERVED (Suchmaschinen-Snippet der IG-Profilseite, abgerufen 2026-09-26, Indexdatum unbekannt)",UNKNOWN,UNKNOWN,UNKNOWN,UNKNOWN,UNKNOWN,UNKNOWN,UNKNOWN,UNKNOWN,UNKNOWN,UNKNOWN,UNKNOWN,UNKNOWN,UNKNOWN,UNKNOWN,UNKNOWN,UNKNOWN,UNKNOWN,UNKNOWN,LIKELY,Handle-Selbstbezeichnung '.ai',UNKNOWN,keine,nein (keine belastbaren Reel-Views),UNKNOWN,UNKNOWN,https://www.instagram.com/fitnessgirls.ai/,2026-09-26,Nachahmer ohne Traktion
imagineyachts,https://www.instagram.com/imagineyachts/,Instagram,AI Luxury-Concepts (Jewelry/Watch/Yacht),AI-Yacht-Design-Konzepte,UNKNOWN,UNKNOWN,UNKNOWN,UNKNOWN,876,"Snippet, abgerufen 2026-09-26","THIRD-PARTY OBSERVED (Suchmaschinen-Snippet der IG-Profilseite, abgerufen 2026-09-26, Indexdatum unbekannt)",UNKNOWN,UNKNOWN,UNKNOWN,UNKNOWN,UNKNOWN,UNKNOWN,UNKNOWN,UNKNOWN,UNKNOWN,UNKNOWN,UNKNOWN,UNKNOWN,UNKNOWN,UNKNOWN,UNKNOWN,UNKNOWN,UNKNOWN,UNKNOWN,VERIFIED,Bio: 'pioneering AI yacht design',UNKNOWN,keine,nein (keine belastbaren Reel-Views),UNKNOWN,UNKNOWN,https://www.instagram.com/imagineyachts/,2026-09-26,UNKNOWN
theaimansion,https://www.instagram.com/theaimansion/,Instagram,AI Luxury-Concepts / 'Choose your house'-nah,AI-Villen/Mansion-Visuals,UNKNOWN,UNKNOWN,UNKNOWN,UNKNOWN,37,"Snippet, abgerufen 2026-09-26","THIRD-PARTY OBSERVED (Suchmaschinen-Snippet der IG-Profilseite, abgerufen 2026-09-26, Indexdatum unbekannt)",UNKNOWN,UNKNOWN,UNKNOWN,UNKNOWN,UNKNOWN,UNKNOWN,UNKNOWN,UNKNOWN,UNKNOWN,UNKNOWN,UNKNOWN,UNKNOWN,UNKNOWN,UNKNOWN,UNKNOWN,UNKNOWN,UNKNOWN,UNKNOWN,VERIFIED,Name 'The Ai Mansion | Ai Artist',UNKNOWN,keine,nein (keine belastbaren Reel-Views),UNKNOWN,UNKNOWN,https://www.instagram.com/theaimansion/,2026-09-26,UNKNOWN
dreamy.ia,https://www.instagram.com/dreamy.ia/,Instagram,AI Lifestyle/Concepts (Rand),AI-Digital-Art (spanischsprachig),ES/LatAm / Spanisch,UNKNOWN,UNKNOWN,UNKNOWN,251,"Snippet, abgerufen 2026-09-26","THIRD-PARTY OBSERVED (Suchmaschinen-Snippet der IG-Profilseite, abgerufen 2026-09-26, Indexdatum unbekannt)",UNKNOWN,UNKNOWN,UNKNOWN,UNKNOWN,UNKNOWN,UNKNOWN,UNKNOWN,UNKNOWN,UNKNOWN,UNKNOWN,UNKNOWN,UNKNOWN,UNKNOWN,UNKNOWN,UNKNOWN,UNKNOWN,UNKNOWN,UNKNOWN,VERIFIED,Bio: digital art & AI,UNKNOWN,keine,nein (keine belastbaren Reel-Views),UNKNOWN,UNKNOWN,https://www.instagram.com/dreamy.ia/,2026-09-26,UNKNOWN
