handle,expected_handle,handle_mismatch,display_name,followers_text,followers,posts_text,posts,verified,sample_shortcode,sample_likes,sample_comments,source_url,fetched_at,status
siyad_abdali,siyad_abdali,False,siyad_abdali,4M,4000000,"2,110",2110,unknown,C9SiQc8S9xq,6703118,,https://www.instagram.com/reel/C9SiQc8S9xq/embed/captioned/,2026-09-25,VERIFIED
soothenests,soothenests,False,soothenests,2M,2000000,"2,119",2119,unknown,DBWhf0koR7_,2083010,6514,https://www.instagram.com/reel/DBWhf0koR7_/embed/captioned/,2026-09-25,VERIFIED
domesticallyblissful,domesticallyblissful,False,domesticallyblissful,2M followers,2000000,"1,667 posts",1667,unknown,DbYPbcguZ4U,30491,1960,https://www.instagram.com/reel/DbYPbcguZ4U/embed/captioned/,2026-09-25,VERIFIED
havenhaus_1,havenhaus_1,False,havenhaus_1,2M followers,2000000,511 posts,511,unknown,DVVIlAhDRlP,2348,7,https://www.instagram.com/reel/DVVIlAhDRlP/embed/captioned/,2026-09-25,VERIFIED
vrishtidesigns,vrishtidesigns,False,vrishtidesigns,2M followers,2000000,"1,798 posts",1798,unknown,DKgm22aRXdk,3160,23,https://www.instagram.com/reel/DKgm22aRXdk/embed/captioned/,2026-09-25,VERIFIED
ell.glamhome,ell.glamhome,False,ell.glamhome,1M,1000000,172,172,unknown,DUbXaywiEol,450186,1699,https://www.instagram.com/reel/DUbXaywiEol/embed/captioned/,2026-09-25,VERIFIED
luxurydreamhub,luxurydreamhub,False,luxurydreamhub,1M,1000000,"1,144",1144,unknown,DUiv0Xige1Z,302997,1101,https://www.instagram.com/reel/DUiv0Xige1Z/embed/captioned/,2026-09-25,VERIFIED
em_henderson,em_henderson,False,em_henderson,1M,1000000,"7,333",7333,yes,DWXaWZaAefE,169113,544,https://www.instagram.com/reel/DWXaWZaAefE/embed/captioned/,2026-09-25,VERIFIED
pride_and__property,pride_and__property,False,pride_and__property,1M,1000000,"4,204",4204,unknown,DSDLwESDXfY,59481,49,https://www.instagram.com/reel/DSDLwESDXfY/embed/captioned/,2026-09-25,VERIFIED
henriq.arq,henriq.arq,False,henriq.arq,1M followers,1000000,992 posts,992,unknown,DVSEyhIjoR0,3174,,https://www.instagram.com/reel/DVSEyhIjoR0/embed/captioned/,2026-09-25,VERIFIED
deirdres_design,deirdres_design,False,deirdres_design,1M,1000000,"8,694",8694,unknown,DXrG2Evjn78,1248,17,https://www.instagram.com/reel/DXrG2Evjn78/embed/captioned/,2026-09-25,VERIFIED
karim.eltaher.designs,karim.eltaher.designs,False,karim.eltaher.designs,933K followers,933000,503 posts,503,unknown,DSFmnmIAlYb,14066,123,https://www.instagram.com/reel/DSFmnmIAlYb/embed/captioned/,2026-09-25,VERIFIED
arteo_luxury,arteo_luxury,False,arteo_luxury,871K,871000,"1,041",1041,unknown,DPt1R0_E6oS,92789,713,https://www.instagram.com/reel/DPt1R0_E6oS/embed/captioned/,2026-09-25,VERIFIED
itsblankcreative,itsblankcreative,False,itsblankcreative,820K followers,820000,"1,654 posts",1654,unknown,DWO-wRhgK7L,9084,55,https://www.instagram.com/reel/DWO-wRhgK7L/embed/captioned/,2026-09-25,VERIFIED
designedbeneath,designedbeneath,False,designedbeneath,818K followers,818000,125 posts,125,unknown,DYCbaHUzwGG,15169,84,https://www.instagram.com/reel/DYCbaHUzwGG/embed/captioned/,2026-09-25,VERIFIED
gmjinterior,gmjinterior,False,gmjinterior,801K followers,801000,"1,755 posts",1755,unknown,DNfsfoOPlFk,4002,57,https://www.instagram.com/reel/DNfsfoOPlFk/embed/captioned/,2026-09-25,VERIFIED
homesandgardensofficial,homesandgardensofficial,False,homesandgardensofficial,791K,791000,"5,157",5157,yes,DCFOTHSCPr-,4872,41,https://www.instagram.com/reel/DCFOTHSCPr-/embed/captioned/,2026-09-25,VERIFIED
arc_needs,arc_needs,False,arc_needs,765K,765000,140,140,unknown,C_5jH3pMVL1,4403,17,https://www.instagram.com/reel/C_5jH3pMVL1/embed/captioned/,2026-09-25,VERIFIED
divaa.finds,divaa.finds,False,divaa.finds,764K followers,764000,"1,203 posts",1203,unknown,DVy7BDyE0-d,158959,332,https://www.instagram.com/reel/DVy7BDyE0-d/embed/captioned/,2026-09-25,VERIFIED
louise_andallthingshome,louise_andallthingshome,False,louise_andallthingshome,748K followers,748000,"1,435 posts",1435,unknown,DRDUSI0DGyv,17888,418,https://www.instagram.com/reel/DRDUSI0DGyv/embed/captioned/,2026-09-25,VERIFIED
the_karighars,the_karighars,False,the_karighars,736K,736000,"2,042",2042,unknown,DKBlW14swvf,446,19,https://www.instagram.com/reel/DKBlW14swvf/embed/captioned/,2026-09-25,VERIFIED
annaschottin,annaschottin,False,annaschottin,691K,691000,430,430,unknown,DAwA66gvmbH,225288,253,https://www.instagram.com/reel/DAwA66gvmbH/embed/captioned/,2026-09-25,VERIFIED
engineering_school_9,engineering_school_9,False,engineering_school_9,686K,686000,766,766,unknown,DanaEFQoayI,7064,36,https://www.instagram.com/reel/DanaEFQoayI/embed/captioned/,2026-09-25,VERIFIED
smyrna__home,smyrna__home,False,smyrna__home,616K followers,616000,438 posts,438,unknown,DMnrYd9sjZU,17833,122,https://www.instagram.com/reel/DMnrYd9sjZU/embed/captioned/,2026-09-25,VERIFIED
ibuilddevelopers,ibuilddevelopers,False,ibuilddevelopers,601K followers,601000,"3,909 posts",3909,no,DT_pHXdgeTh,8053,31,https://www.instagram.com/reel/DT_pHXdgeTh/embed/captioned/,2026-09-25,VERIFIED
thekitchenguy,thekitchenguy,False,thekitchenguy,592K followers,592000,"1,540 posts",1540,unknown,DUsvJg1EmYt,10192,364,https://www.instagram.com/reel/DUsvJg1EmYt/embed/captioned/,2026-09-25,VERIFIED
crystalkitchenandbedroom,crystalkitchenandbedroom,False,crystalkitchenandbedroom,573K followers,573000,"1,593 posts",1593,no,DA_3tQxCi_y,23006,,https://www.instagram.com/reel/DA_3tQxCi_y/embed/captioned/,2026-09-25,VERIFIED
siriorsinterior,siriorsinterior,False,siriorsinterior,547K,547000,"2,727",2727,unknown,DE7Rnh-vZQf,57039,291,https://www.instagram.com/reel/DE7Rnh-vZQf/embed/captioned/,2026-09-25,VERIFIED
islandgal_5homedecor,islandgal_5homedecor,False,islandgal_5homedecor,496K followers,496000,993 posts,993,unknown,DWbnHzqE-kL,22296,2728,https://www.instagram.com/reel/DWbnHzqE-kL/embed/captioned/,2026-09-25,VERIFIED
vincethebuilder,vincethebuilder,False,vincethebuilder,463K,463000,"2,305",2305,yes,Cnx8jCrsSC5,68992,1075,https://www.instagram.com/reel/Cnx8jCrsSC5/embed/captioned/,2026-09-25,VERIFIED
homeofmerve,homeofmerve,False,homeofmerve,459K,459000,456,456,unknown,CvNKxqDtAj1,587961,700,https://www.instagram.com/reel/CvNKxqDtAj1/embed/captioned/,2026-09-25,VERIFIED
bathroomguide_,bathroomguide_,False,bathroomguide_ · OMARI.TOO,429K followers,429000,739 posts,739,unknown,DYeLm-FBkrJ,10088,102,https://www.instagram.com/reel/DYeLm-FBkrJ/embed/captioned/,2026-09-25,VERIFIED
laurahammett.interiors,laurahammett.interiors,False,laurahammett.interiors,419K followers,419000,"5,054 posts",5054,unknown,C0R3M2XqOoj,23026,322,https://www.instagram.com/reel/C0R3M2XqOoj/embed/captioned/,2026-09-25,VERIFIED
vishnu_xo,vishnu_xo,False,vishnu_xo,406K,406000,468,468,unknown,DNlNMXASgAS,17037,151,https://www.instagram.com/reel/DNlNMXASgAS/embed/captioned/,2026-09-25,VERIFIED
bymichellelei,bymichellelei,False,bymichellelei,402K,402000,664,664,unknown,DXZj2apCQlf,4344,224,https://www.instagram.com/reel/DXZj2apCQlf/embed/captioned/,2026-09-25,VERIFIED
luxuryhouseview,luxuryhouseview,False,luxuryhouseview,389K,389000,961,961,unknown,DTa6Fw6iCrI,1911,11,https://www.instagram.com/reel/DTa6Fw6iCrI/embed/captioned/,2026-09-25,VERIFIED
duchess.lifestyle,duchess.lifestyle,False,duchess.lifestyle,388K,388000,"1,764",1764,unknown,DDhnRF6Jk5h,90756,2235,https://www.instagram.com/reel/DDhnRF6Jk5h/embed/captioned/,2026-09-25,VERIFIED
verandaestatehomes,verandaestatehomes,False,verandaestatehomes,371K,371000,"3,732",3732,unknown,DSxrSKakvV9,44512,467,https://www.instagram.com/reel/DSxrSKakvV9/embed/captioned/,2026-09-25,VERIFIED
havello3,havello3,False,havello3,360K,360000,571,571,unknown,DUxgA8dDEBj,38135,67,https://www.instagram.com/reel/DUxgA8dDEBj/embed/captioned/,2026-09-25,VERIFIED
belinomebel,belinomebel,False,belinomebel,346K,346000,396,396,no,DbaX2stoUyc,173595,777,https://www.instagram.com/reel/DbaX2stoUyc/embed/captioned/,2026-09-25,VERIFIED
chic_interiors_by_shante,chic_interiors_by_shante,False,chic_interiors_by_shante,340K followers,340000,525 posts,525,unknown,DHoL7Afu01H,10033,247,https://www.instagram.com/reel/DHoL7Afu01H/embed/captioned/,2026-09-25,VERIFIED
shauna_kelly_interiors,shauna_kelly_interiors,False,shauna_kelly_interiors,339K followers,339000,"2,407 posts",2407,unknown,Cx1A-Z0r9aD,28173,187,https://www.instagram.com/reel/Cx1A-Z0r9aD/embed/captioned/,2026-09-25,VERIFIED
jareef__saifi,jareef__saifi,False,jareef__saifi,339K,339000,"1,244",1244,unknown,DVBZs-rgYvC,938,,https://www.instagram.com/reel/DVBZs-rgYvC/embed/captioned/,2026-09-25,VERIFIED
revolvingbooks,revolvingbooks,False,revolvingbooks,313K,313000,621,621,unknown,DJzoFbOyfN8,38682,112,https://www.instagram.com/reel/DJzoFbOyfN8/embed/captioned/,2026-09-25,VERIFIED
olena_prykhodko_design,olena_prykhodko_design,False,olena_prykhodko_design,308K followers,308000,434 posts,434,unknown,DU0lBWMjGJZ,16985,70,https://www.instagram.com/reel/DU0lBWMjGJZ/embed/captioned/,2026-09-25,VERIFIED
paulmarkkitchens,paulmarkkitchens,False,paulmarkkitchens,304K,304000,865,865,unknown,DBKFpVDoZzM,3109976,10461,https://www.instagram.com/reel/DBKFpVDoZzM/embed/captioned/,2026-09-25,VERIFIED
camxpetra,camxpetra,False,camxpetra,296K,296000,"2,182",2182,unknown,DD098YyRf4K,3276,83,https://www.instagram.com/reel/DD098YyRf4K/embed/captioned/,2026-09-25,VERIFIED
lifetime_interior_design,lifetime_interior_design,False,lifetime_interior_design,294K,294000,"3,250",3250,unknown,DMi17mcsosb,1453,39,https://www.instagram.com/reel/DMi17mcsosb/embed/captioned/,2026-09-25,VERIFIED
tucasad3co,tucasad3co,False,tucasad3co,272K,272000,223,223,unknown,DVtm6pNkiO_,35673,244,https://www.instagram.com/reel/DVtm6pNkiO_/embed/captioned/,2026-09-25,VERIFIED
thelifestyledco,thelifestyledco,False,thelifestyledco,268K,268000,"3,082",3082,unknown,DGlkw_VSJSy,11710,388,https://www.instagram.com/reel/DGlkw_VSJSy/embed/captioned/,2026-09-25,VERIFIED
rebeccalouise_reallife,rebeccalouise_reallife,False,rebeccalouise_reallife,264K,264000,411,411,unknown,C47SahtKIlX,56239,317,https://www.instagram.com/reel/C47SahtKIlX/embed/captioned/,2026-09-25,VERIFIED
insideno8x,insideno8x,False,insideno8x,264K,264000,560,560,unknown,DFC2m0duhxC,,77,https://www.instagram.com/reel/DFC2m0duhxC/embed/captioned/,2026-09-25,VERIFIED
ayushi.goyal.designs,ayushi.goyal.designs,False,ayushi.goyal.designs,254K,254000,222,222,unknown,DJbufSbTiWh,5457,111,https://www.instagram.com/reel/DJbufSbTiWh/embed/captioned/,2026-09-25,VERIFIED
nextawas,nextawas,False,nextawas,251K,251000,923,923,unknown,DXhPisCE_Du,26333,101,https://www.instagram.com/reel/DXhPisCE_Du/embed/captioned/,2026-09-25,VERIFIED
muttimo_kids,muttimo_kids,False,muttimo_kids,236K,236000,937,937,no,DH6rbDwNGSo,874,19,https://www.instagram.com/reel/DH6rbDwNGSo/embed/captioned/,2026-09-25,VERIFIED
tereknotderek,tereknotderek,False,Andrea Vanzo · Amélie x Soulmate,231K,231000,31,31,unknown,DCpaV_AsdaI,145594,652,https://www.instagram.com/reel/DCpaV_AsdaI/embed/captioned/,2026-09-25,VERIFIED
conceptual_interior_studio,conceptual_interior_studio,False,conceptual_interior_studio,231K,231000,796,796,unknown,DWEqx2-iQSQ,409,,https://www.instagram.com/reel/DWEqx2-iQSQ/embed/captioned/,2026-09-25,VERIFIED
alaligroup0786,alaligroup0786,False,alaligroup0786,227K followers,227000,"2,004 posts",2004,unknown,C2UKHhlodMF,57879,121,https://www.instagram.com/reel/C2UKHhlodMF/embed/captioned/,2026-09-25,VERIFIED
_.decor_and_more._,_.decor_and_more._,False,_.decor_and_more._,227K followers,227000,908 posts,908,unknown,C-1ibfJtsd5,9888,192,https://www.instagram.com/reel/C-1ibfJtsd5/embed/captioned/,2026-09-25,VERIFIED
project_ivel,project_ivel,False,project_ivel,227K followers,227000,"1,106 posts",1106,unknown,DUaCLDjAjnW,2539,102,https://www.instagram.com/reel/DUaCLDjAjnW/embed/captioned/,2026-09-25,VERIFIED
archedmanor,archedmanor,False,archedmanor,224K,224000,"1,539",1539,unknown,CxTdEfOpO9y,68855,718,https://www.instagram.com/reel/CxTdEfOpO9y/embed/captioned/,2026-09-25,VERIFIED
astralserenity,astralserenity,False,astralserenity,222K,222000,38,38,unknown,C24_SYQxzLT,384044,12161,https://www.instagram.com/reel/C24_SYQxzLT/embed/captioned/,2026-09-25,VERIFIED
happywifenewlife,happywifenewlife,False,happywifenewlife,222K followers,222000,"1,011 posts",1011,unknown,DFcKgMEM8IF,22104,169,https://www.instagram.com/reel/DFcKgMEM8IF/embed/captioned/,2026-09-25,VERIFIED
vivekajeet,vivekajeet,False,vivekajeet,221K followers,221000,"3,272 posts",3272,unknown,C9_jbkbyHmM,9709,6,https://www.instagram.com/reel/C9_jbkbyHmM/embed/captioned/,2026-09-25,VERIFIED
inside_142,inside_142,False,mylessmithuk,211K,211000,"1,259",1259,unknown,C9HhYw3MmE_,195009,655,https://www.instagram.com/reel/C9HhYw3MmE_/embed/captioned/,2026-09-25,VERIFIED
purrubykushagraa,purrubykushagraa,False,purrubykushagraa,203K,203000,167,167,unknown,C4iOHSrI4kK,2134,21,https://www.instagram.com/reel/C4iOHSrI4kK/embed/captioned/,2026-09-25,VERIFIED
styltechinterior_official,styltechinterior_official,False,styltechinterior_official,201K,201000,"1,199",1199,unknown,DVn8laHklGZ,91492,289,https://www.instagram.com/reel/DVn8laHklGZ/embed/captioned/,2026-09-25,VERIFIED
comfywhiff,comfywhiff,False,comfywhiff,190K,190000,629,629,no,DZrMeNRvJGu,100,,https://www.instagram.com/reel/DZrMeNRvJGu/embed/captioned/,2026-09-25,VERIFIED
missvanediva,missvanediva,False,missvanediva,186K followers,186000,"2,256 posts",2256,unknown,DEQulkZx-ow,17190,44,https://www.instagram.com/reel/DEQulkZx-ow/embed/captioned/,2026-09-25,VERIFIED
jusathome,jusathome,False,jusathome,184K,184000,939,939,unknown,DWtm8hHjOop,22836,369,https://www.instagram.com/reel/DWtm8hHjOop/embed/captioned/,2026-09-25,VERIFIED
lux_mommy,lux_mommy,False,lux_mommy,183K,183000,"2,129",2129,unknown,CxdmZCUugqp,143000,3031,https://www.instagram.com/reel/CxdmZCUugqp/embed/captioned/,2026-09-25,VERIFIED
chase_amie,chase_amie,False,chase_amie,171K followers,171000,"1,210 posts",1210,unknown,ChAXLVjAxby,15114,153,https://www.instagram.com/reel/ChAXLVjAxby/embed/captioned/,2026-09-25,VERIFIED
ihsansamhoun.interiors,ihsansamhoun.interiors,False,ihsansamhoun.interiors,168K,168000,"5,309",5309,unknown,DIv15V-s3g2,,47,https://www.instagram.com/reel/DIv15V-s3g2/embed/captioned/,2026-09-25,VERIFIED
tarekalkhattab,tarekalkhattab,False,tarekalkhattab,166K followers,166000,483 posts,483,unknown,DB9D0emNVyR,9149,176,https://www.instagram.com/reel/DB9D0emNVyR/embed/captioned/,2026-09-25,VERIFIED
mina__casa,mina__casa,False,mina__casa,162K followers,162000,"1,904 posts",1904,no,ChRZ_TIsdTL,32650,241,https://www.instagram.com/reel/ChRZ_TIsdTL/embed/captioned/,2026-09-25,VERIFIED
diachok.architects,diachok.architects,False,Diachok Architects,156K,156000,596,596,unknown,DQWtLwbDNR9,11479,246,https://www.instagram.com/reel/DQWtLwbDNR9/embed/captioned/,2026-09-25,VERIFIED
theraj_interior,theraj_interior,False,theraj_interior,148K,148000,"1,299",1299,unknown,DTrgOnZk3v-,23980,111,https://www.instagram.com/reel/DTrgOnZk3v-/embed/captioned/,2026-09-25,VERIFIED
justvideowalls,justvideowalls,False,justvideowalls,148K,148000,340,340,unknown,DP9iatjAGnw,5038,70,https://www.instagram.com/reel/DP9iatjAGnw/embed/captioned/,2026-09-25,VERIFIED
dezo_interior,dezo_interior,False,dezo_interior,145K,145000,864,864,no,DIbvZbey4Ki,1324,,https://www.instagram.com/reel/DIbvZbey4Ki/embed/captioned/,2026-09-25,VERIFIED
dreamintrodesigns,dreamintrodesigns,False,dreamintrodesigns,143K,143000,760,760,unknown,DFzp9kasyef,18628,66,https://www.instagram.com/reel/DFzp9kasyef/embed/captioned/,2026-09-25,VERIFIED
bbqislandsanddesigns,bbqislandsanddesigns,False,bbqislandsanddesigns,141K,141000,"1,687",1687,unknown,DUwE2j9kger,282170,2514,https://www.instagram.com/reel/DUwE2j9kger/embed/captioned/,2026-09-25,VERIFIED
veertamotiani,veertamotiani,False,veertamotiani,139K,139000,"1,273",1273,unknown,DRMqeXRiNQ5,63581,695,https://www.instagram.com/reel/DRMqeXRiNQ5/embed/captioned/,2026-09-25,VERIFIED
jameshardieau,jameshardieau,False,jameshardieau,138K,138000,"3,363",3363,yes,CwZgz3StlJu,28,,https://www.instagram.com/reel/CwZgz3StlJu/embed/captioned/,2026-09-25,VERIFIED
palmlivingae,palmlivingae,False,palmlivingae,136K,136000,"1,727",1727,unknown,DTpCYjokXpq,40681,151,https://www.instagram.com/reel/DTpCYjokXpq/embed/captioned/,2026-09-25,VERIFIED
felifam_worldwide,felifam_worldwide,False,felifam_worldwide,135K,135000,579,579,unknown,DJi-5kqoL8x,505,6,https://www.instagram.com/reel/DJi-5kqoL8x/embed/captioned/,2026-09-25,VERIFIED
2pdesigners,2pdesigners,False,2pdesigners,134K,134000,"1,648",1648,unknown,DISCNIXO4nK,15904,129,https://www.instagram.com/reel/DISCNIXO4nK/embed/captioned/,2026-09-25,VERIFIED
cypressbuildingsolution,cypressbuildingsolution,False,cypressbuildingsolution,133K,133000,434,434,no,DE-PopKyDGL,290,,https://www.instagram.com/reel/DE-PopKyDGL/embed/captioned/,2026-09-25,VERIFIED
longingtocomehome,longingtocomehome,False,longingtocomehome,130K,130000,174,174,unknown,DGQYtSbOz6S,2256928,9851,https://www.instagram.com/reel/DGQYtSbOz6S/embed/captioned/,2026-09-25,VERIFIED
byselimfurniture,byselimfurniture,False,byselimfurniture,130K followers,130000,355 posts,355,unknown,DQMuxjDCOt2,5914,122,https://www.instagram.com/reel/DQMuxjDCOt2/embed/captioned/,2026-09-25,VERIFIED
aluminium_glass_design,aluminium_glass_design,False,aluminium_glass_design,129K,129000,962,962,unknown,C-t4FLKJhwy,549,,https://www.instagram.com/reel/C-t4FLKJhwy/embed/captioned/,2026-09-25,VERIFIED
rekha_interiors,rekha_interiors,False,rekha_interiors,125K,125000,986,986,unknown,DPjNmoojDUn,744,9,https://www.instagram.com/reel/DPjNmoojDUn/embed/captioned/,2026-09-25,VERIFIED
life.vs.sarah,life.vs.sarah,False,life.vs.sarah,124K,124000,799,799,unknown,DROj51jEvC7,13895,151,https://www.instagram.com/reel/DROj51jEvC7/embed/captioned/,2026-09-25,VERIFIED
dubailuxuryvibes,dubailuxuryvibes,False,dubailuxuryvibes,123K,123000,"2,195",2195,unknown,CW3ODKSq4ZK,1036,,https://www.instagram.com/reel/CW3ODKSq4ZK/embed/captioned/,2026-09-25,VERIFIED
4ydesigns,4ydesigns,False,4ydesigns,123K,123000,"2,591",2591,unknown,DXu-_jDDRQ7,,,https://www.instagram.com/reel/DXu-_jDDRQ7/embed/captioned/,2026-09-25,VERIFIED
bramleyandbear,bramleyandbear,False,bramleyandbear,112K followers,112000,883 posts,883,unknown,DWW_A3fAsq3,3572,170,https://www.instagram.com/reel/DWW_A3fAsq3/embed/captioned/,2026-09-25,VERIFIED
twinreadsandreds,twinreadsandreds,False,twinreadsandreds,111K followers,111000,"1,353 posts",1353,unknown,DV09IF7AOEA,199056,993,https://www.instagram.com/reel/DV09IF7AOEA/embed/captioned/,2026-09-25,VERIFIED
nikimariephoto,nikimariephoto,False,nikimariephoto,110K,110000,"3,569",3569,unknown,DOEDxVjDSEX,66467,189,https://www.instagram.com/reel/DOEDxVjDSEX/embed/captioned/,2026-09-25,VERIFIED
watchthebuild,watchthebuild,False,watchthebuild,106K followers,106000,128 posts,128,unknown,DbmsOfOywba,9134,56,https://www.instagram.com/reel/DbmsOfOywba/embed/captioned/,2026-09-25,VERIFIED
ariellahorowitzdesigngroup,ariellahorowitzdesigngroup,False,ariellahorowitzdesigngroup,103K,103000,"2,172",2172,unknown,Co0rlSCpnVx,2221,58,https://www.instagram.com/reel/Co0rlSCpnVx/embed/captioned/,2026-09-25,VERIFIED
esmael.abdelhamed,esmael.abdelhamed,False,esmael.abdelhamed,97.3K,97300,447,447,no,DND177Ts6ae,0,,https://www.instagram.com/reel/DND177Ts6ae/embed/captioned/,2026-09-25,VERIFIED
nemoza_interiors,nemoza_interiors,False,nemoza_interiors,96K,96000,466,466,unknown,DV9K7tciJ0p,8274,103,https://www.instagram.com/reel/DV9K7tciJ0p/embed/captioned/,2026-09-25,VERIFIED
decorworld_interiorsolution,decorworld_interiorsolution,False,decorworld_interiorsolution,96K,96000,971,971,unknown,DHQl-4tRCWP,459,9,https://www.instagram.com/reel/DHQl-4tRCWP/embed/captioned/,2026-09-25,VERIFIED
balcony_decorators,balcony_decorators,False,balcony_decorators,95K,95000,"4,189",4189,no,DMITF2GoBfh,354,,https://www.instagram.com/reel/DMITF2GoBfh/embed/captioned/,2026-09-25,VERIFIED
kuchecucina,kuchecucina,False,kuchecucina,93K,93000,917,917,no,DaS_liaNngq,,14,https://www.instagram.com/reel/DaS_liaNngq/embed/captioned/,2026-09-25,VERIFIED
realtordenisbibik,realtordenisbibik,False,realtordenisbibik,91K followers,91000,978 posts,978,unknown,DKHkvBlOzX7,15498,92,https://www.instagram.com/reel/DKHkvBlOzX7/embed/captioned/,2026-09-25,VERIFIED
casadelsimonsen,casadelsimonsen,False,casadelsimonsen,90K,90000,172,172,unknown,CtODnwQIefd,31307,162,https://www.instagram.com/reel/CtODnwQIefd/embed/captioned/,2026-09-25,VERIFIED
the.princess.mini,the.princess.mini,False,the.princess.mini,90K,90000,"1,652",1652,unknown,DItw578RlXA,51478,419,https://www.instagram.com/reel/DItw578RlXA/embed/captioned/,2026-09-25,VERIFIED
sapphireluxuryhomes,sapphireluxuryhomes,False,sapphireluxuryhomes,89K,89000,"1,138",1138,unknown,DFflnKMPNeh,1308,,https://www.instagram.com/reel/DFflnKMPNeh/embed/captioned/,2026-09-25,VERIFIED
suns.lifestyle,suns.lifestyle,False,suns.lifestyle,87.0K,87000,"1,242",1242,no,DP0992EiL4L,355,,https://www.instagram.com/reel/DP0992EiL4L/embed/captioned/,2026-09-25,VERIFIED
perfect_decorss,perfect_decorss,False,perfect_decorss,83K,83000,999,999,no,DJtR3eFSnDe,4845,,https://www.instagram.com/reel/DJtR3eFSnDe/embed/captioned/,2026-09-25,VERIFIED
insmultiverse,insmultiverse,False,insmultiverse,79K followers,79000,453 posts,453,unknown,DLJtY_mt3sV,12964,1376,https://www.instagram.com/reel/DLJtY_mt3sV/embed/captioned/,2026-09-25,VERIFIED
abdullahaslanoglu_,abdullahaslanoglu_,False,abdullahaslanoglu_,68K,68000,133,133,unknown,C_DtJZ-KOmX,3614,166,https://www.instagram.com/reel/C_DtJZ-KOmX/embed/captioned/,2026-09-25,VERIFIED
amrusha.jain,amrusha.jain,False,amrusha.jain,63K,63000,787,787,unknown,DPUUxW6k8NP,4670,101,https://www.instagram.com/reel/DPUUxW6k8NP/embed/captioned/,2026-09-25,VERIFIED
lvclosetdesign,lvclosetdesign,False,lvclosetdesign,62K,62000,720,720,unknown,DQ77Qe_gSdS,63246,1654,https://www.instagram.com/reel/DQ77Qe_gSdS/embed/captioned/,2026-09-25,VERIFIED
mk_contrctor_and_builders,mk_contrctor_and_builders,False,mk_contrctor_and_builders,62K,62000,190,190,unknown,DbYWcQNvxsB,9653,2825,https://www.instagram.com/reel/DbYWcQNvxsB/embed/captioned/,2026-09-25,VERIFIED
roomify.design,roomify.design,False,roomify.design,62K followers,62000,152 posts,152,unknown,DXNO5bbDWVp,3738,1991,https://www.instagram.com/reel/DXNO5bbDWVp/embed/captioned/,2026-09-25,VERIFIED
malik_the_realtor,malik_the_realtor,False,malik_the_realtor,61K,61000,"7,670",7670,unknown,DS8LlZ8CB_D,652,,https://www.instagram.com/reel/DS8LlZ8CB_D/embed/captioned/,2026-09-25,VERIFIED
brittnietravellerdesign,brittnietravellerdesign,False,brittnietravellerdesign,60K,60000,228,228,unknown,DXsEYFpkl-z,5531,93,https://www.instagram.com/reel/DXsEYFpkl-z/embed/captioned/,2026-09-25,VERIFIED
kimeyle_home,kimeyle_home,False,kimeyle_home,58K followers,58000,378 posts,378,unknown,DQ9om1kiKQ3,21800,84,https://www.instagram.com/reel/DQ9om1kiKQ3/embed/captioned/,2026-09-25,VERIFIED
harebell_grove,harebell_grove,False,harebell_grove,48K,48000,531,531,unknown,C7CaH1YLr2G,724,147,https://www.instagram.com/reel/C7CaH1YLr2G/embed/captioned/,2026-09-25,VERIFIED
georgewu_udhkids,georgewu_udhkids,False,georgewu_udhkids,45K,45000,161,161,no,DV8L0eZJDPn,37913,157,https://www.instagram.com/reel/DV8L0eZJDPn/embed/captioned/,2026-09-25,VERIFIED
er.interio01,er.interio01,False,er.interio01,45K,45000,256,256,no,DWpzf3-D_Af,,,https://www.instagram.com/reel/DWpzf3-D_Af/embed/captioned/,2026-09-25,VERIFIED
decorrwitms,decorrwitms,False,decorrwitms,44K followers,44000,139 posts,139,no,DbLl2eEtYWH,,1281,https://www.instagram.com/reel/DbLl2eEtYWH/embed/captioned/,2026-09-25,VERIFIED
aveotasarim,aveotasarim,False,aveotasarim,44K followers,44000,47 posts,47,unknown,DV6MooqDA88,6298,64,https://www.instagram.com/reel/DV6MooqDA88/embed/captioned/,2026-09-25,VERIFIED
artemarmolcol,artemarmolcol,False,artemarmolcol,42K,42000,410,410,unknown,DN1ouM23jHl,359,18,https://www.instagram.com/reel/DN1ouM23jHl/embed/captioned/,2026-09-25,VERIFIED
rodnova_installation_,rodnova_installation_,False,rodnova_installation_,41K followers,41000,261 posts,261,unknown,DaxVmNVR4R1,34280,237,https://www.instagram.com/reel/DaxVmNVR4R1/embed/captioned/,2026-09-25,VERIFIED
vighnaharta_interiors,vighnaharta_interiors,False,vighnaharta_interiors,41K followers,41000,369 posts,369,no,DXgBqNESg88,1463,6,https://www.instagram.com/reel/DXgBqNESg88/embed/captioned/,2026-09-25,VERIFIED
eunique_furnitureng,eunique_furnitureng,False,eunique_furnitureng,41K,41000,208,208,no,DUBKoqsjGip,250,31,https://www.instagram.com/reel/DUBKoqsjGip/embed/captioned/,2026-09-25,VERIFIED
fromrawto_real,fromrawto_real,False,fromrawto_real,40K followers,40000,136 posts,136,unknown,DVGz_aNE_76,3987,,https://www.instagram.com/reel/DVGz_aNE_76/embed/captioned/,2026-09-25,VERIFIED
realm.of.rae,realm.of.rae,False,realm.of.rae,40K followers,40000,658 posts,658,no,DcQ7apMKk18,17537,219,https://www.instagram.com/reel/DcQ7apMKk18/embed/captioned/,2026-09-25,VERIFIED
interiorbymumbi,interiorbymumbi,False,interiorbymumbi,37K,37000,946,946,no,DX_7GgzRWxg,126,,https://www.instagram.com/reel/DX_7GgzRWxg/embed/captioned/,2026-09-25,VERIFIED
girardteam,girardteam,False,girardteam,34K,34000,"2,076",2076,unknown,C9FRKpjOSoi,275019,1541,https://www.instagram.com/reel/C9FRKpjOSoi/embed/captioned/,2026-09-25,VERIFIED
ghazale_siami,ghazale_siami,False,ghazale_siami,34K,34000,122,122,unknown,DExUPqcsNfS,144190,498,https://www.instagram.com/reel/DExUPqcsNfS/embed/captioned/,2026-09-25,VERIFIED
magadhinterior,magadhinterior,False,magadhinterior,34K followers,34000,130 posts,130,unknown,DZPeyiKTGkk,22954,21,https://www.instagram.com/reel/DZPeyiKTGkk/embed/captioned/,2026-09-25,VERIFIED
abcdjoinery,abcdjoinery,False,abcdjoinery,33K followers,33000,170 posts,170,unknown,DZbFAzLkp6Q,9481,91,https://www.instagram.com/reel/DZbFAzLkp6Q/embed/captioned/,2026-09-25,VERIFIED
cocinasintegralesjv,cocinasintegralesjv,False,cocinasintegralesjv,32K,32000,140,140,no,DJo4QLktHJz,546602,1007,https://www.instagram.com/reel/DJo4QLktHJz/embed/captioned/,2026-09-25,VERIFIED
civilengineernogesh,civilengineernogesh,False,civilengineernogesh,32K,32000,490,490,no,DIvtC5aP4VO,80,,https://www.instagram.com/reel/DIvtC5aP4VO/embed/captioned/,2026-09-25,VERIFIED
ulohlifestyl,ulohlifestyl,False,ulohlifestyl,31K,31000,214,214,unknown,DSew2hjjDVz,,42,https://www.instagram.com/reel/DSew2hjjDVz/embed/captioned/,2026-09-25,VERIFIED
petersoncabinetworks,petersoncabinetworks,False,petersoncabinetworks,29K,29000,519,519,unknown,DAGRW5NPUo1,84112,480,https://www.instagram.com/reel/DAGRW5NPUo1/embed/captioned/,2026-09-25,VERIFIED
luxoraify,luxoraify,False,luxoraify,29K,29000,215,215,no,DZo_K7KAw46,1091,,https://www.instagram.com/reel/DZo_K7KAw46/embed/captioned/,2026-09-25,VERIFIED
goldconconstruction,goldconconstruction,False,goldconconstruction,27K followers,27000,"1,216 posts",1216,unknown,DTLteEoE2Z5,20734,388,https://www.instagram.com/reel/DTLteEoE2Z5/embed/captioned/,2026-09-25,VERIFIED
huisjeopdevloet,huisjeopdevloet,False,huisjeopdevloet,24K followers,24000,59 posts,59,unknown,DYT8ySTsBbx,4216,156,https://www.instagram.com/reel/DYT8ySTsBbx/embed/captioned/,2026-09-25,VERIFIED
bookstack_and_lattes,bookstack_and_lattes,False,bookstack_and_lattes,24K,24000,122,122,unknown,DcECxF-PDIn,1612,60,https://www.instagram.com/reel/DcECxF-PDIn/embed/captioned/,2026-09-25,VERIFIED
mipropertiespk,mipropertiespk,False,mipropertiespk,24K,24000,967,967,unknown,DTVIpD3CAr_,112,,https://www.instagram.com/reel/DTVIpD3CAr_/embed/captioned/,2026-09-25,VERIFIED
beliani_nl,beliani_nl,False,beliani_nl,24K,24000,"3,776",3776,yes,CxUxzLQoaA8,10,,https://www.instagram.com/reel/CxUxzLQoaA8/embed/captioned/,2026-09-25,VERIFIED
airwaveav,airwaveav,False,airwaveav,23.2K,23200,329,329,unknown,DFOV5cOg8yV,1066,22,https://www.instagram.com/reel/DFOV5cOg8yV/embed/captioned/,2026-09-25,VERIFIED
pmkpod,pmkpod,False,pmkpod,23K,23000,206,206,unknown,DUNWW5NiL9l,40983,246,https://www.instagram.com/reel/DUNWW5NiL9l/embed/captioned/,2026-09-25,VERIFIED
theelitespaces,theelitespaces,False,theelitespaces,22K,22000,639,639,unknown,C-M7VT2POMk,,50,https://www.instagram.com/reel/C-M7VT2POMk/embed/captioned/,2026-09-25,VERIFIED
ocho.design.studio_,ocho.design.studio_,False,ocho.design.studio_,21K,21000,164,164,unknown,DaZa5j4o8dZ,13704,168,https://www.instagram.com/reel/DaZa5j4o8dZ/embed/captioned/,2026-09-25,VERIFIED
mrsbarbarankansah,mrsbarbarankansah,False,mrsbarbarankansah,21K,21000,686,686,unknown,DTf7ZD1CVPR,851,533,https://www.instagram.com/reel/DTf7ZD1CVPR/embed/captioned/,2026-09-25,VERIFIED
hansendesignfirm,hansendesignfirm,False,hansendesignfirm,21K,21000,640,640,unknown,DMJicRauZ4W,288,,https://www.instagram.com/reel/DMJicRauZ4W/embed/captioned/,2026-09-25,VERIFIED
modern__furnitures,modern__furnitures,False,modern__furnitures,20K,20000,688,688,no,DcVdJrDOnzB,100,,https://www.instagram.com/reel/DcVdJrDOnzB/embed/captioned/,2026-09-25,VERIFIED
wolferizorinteriors,wolferizorinteriors,False,wolferizorinteriors,20K,20000,917,917,unknown,DXXJ9nPkcxp,,,https://www.instagram.com/reel/DXXJ9nPkcxp/embed/captioned/,2026-09-25,VERIFIED
hometrendyhome,hometrendyhome,False,hometrendyhome,19K,19000,563,563,no,DH0tlhWsXNM,353,,https://www.instagram.com/reel/DH0tlhWsXNM/embed/captioned/,2026-09-25,VERIFIED
lee__desksetup,lee__desksetup,False,lee__desksetup,18K followers,18000,252 posts,252,no,DF221_nzn78,10879,76,https://www.instagram.com/reel/DF221_nzn78/embed/captioned/,2026-09-25,VERIFIED
atelier.karolina,atelier.karolina,False,atelier.karolina,18K followers,18000,72 posts,72,unknown,DVyzy-UEabK,3309,47,https://www.instagram.com/reel/DVyzy-UEabK/embed/captioned/,2026-09-25,VERIFIED
dreamvibes_9,dreamvibes_9,False,dreamvibes_9,18K,18000,196,196,no,DU_TlESjCav,889,83,https://www.instagram.com/reel/DU_TlESjCav/embed/captioned/,2026-09-25,VERIFIED
alusmaninteriorsarchitect,alusmaninteriorsarchitect,False,alusmaninteriorsarchitect,17K followers,17000,534 posts,534,unknown,DWrHl_2jO-b,19664,61,https://www.instagram.com/reel/DWrHl_2jO-b/embed/captioned/,2026-09-25,VERIFIED
sahasrarafurnitures,sahasrarafurnitures,False,sahasrarafurnitures,17K followers,17000,230 posts,230,no,DWb-eEKk6TQ,5307,14,https://www.instagram.com/reel/DWb-eEKk6TQ/embed/captioned/,2026-09-25,VERIFIED
pocketathome,pocketathome,False,pocketathome,17K,17000,130,130,no,DXFScnhjSSh,,17,https://www.instagram.com/reel/DXFScnhjSSh/embed/captioned/,2026-09-25,VERIFIED
bespokehomecinemas,bespokehomecinemas,False,bespokehomecinemas,17K,17000,673,673,unknown,DCj0SBAMUhU,796,19,https://www.instagram.com/reel/DCj0SBAMUhU/embed/captioned/,2026-09-25,VERIFIED
ayeshadeary5,ayeshadeary5,False,ayeshadeary5,16K,16000,28,28,unknown,C-APLc-yI85,283121,21821,https://www.instagram.com/reel/C-APLc-yI85/embed/captioned/,2026-09-25,VERIFIED
interiorsbyplatinum,interiorsbyplatinum,False,interiorsbyplatinum,16K,16000,385,385,unknown,DXqngl_DB4Q,25918,,https://www.instagram.com/reel/DXqngl_DB4Q/embed/captioned/,2026-09-25,VERIFIED
klosetworx,klosetworx,False,klosetworx,16K followers,16000,198 posts,198,unknown,DaYMvFlp6Rq,10467,79,https://www.instagram.com/reel/DaYMvFlp6Rq/embed/captioned/,2026-09-25,VERIFIED
designandcurations,designandcurations,False,designandcurations,16K,16000,730,730,unknown,DQ4OegsDBCT,319,,https://www.instagram.com/reel/DQ4OegsDBCT/embed/captioned/,2026-09-25,VERIFIED
dreamimaged,dreamimaged,False,dreamimaged,16K,16000,394,394,unknown,DUfZAuIDxEj,405,28,https://www.instagram.com/reel/DUfZAuIDxEj/embed/captioned/,2026-09-25,VERIFIED
pune_designer,pune_designer,False,pune_designer,15K,15000,136,136,no,DW2355fiMXs,101693,150,https://www.instagram.com/reel/DW2355fiMXs/embed/captioned/,2026-09-25,VERIFIED
pentarkdesign,pentarkdesign,False,pentarkdesign,15K,15000,533,533,unknown,DVK9k-mEa_S,52931,40,https://www.instagram.com/reel/DVK9k-mEa_S/embed/captioned/,2026-09-25,VERIFIED
shivay_._interior,shivay_._interior,False,shivay_._interior,15K followers,15000,125 posts,125,unknown,DW0pF5RDKcB,3598,19,https://www.instagram.com/reel/DW0pF5RDKcB/embed/captioned/,2026-09-25,VERIFIED
itsnovajeff,itsnovajeff,False,Burgundy X · Boss Moves,15K,15000,123,123,no,DH3KaeTRna0,136,,https://www.instagram.com/reel/DH3KaeTRna0/embed/captioned/,2026-09-25,VERIFIED
home_automation_panipat,home_automation_panipat,False,home_automation_panipat,14K,14000,497,497,no,DUri1kQk42N,1912,30,https://www.instagram.com/reel/DUri1kQk42N/embed/captioned/,2026-09-25,VERIFIED
d_design.studio._,d_design.studio._,False,d_design.studio._,13K,13000,289,289,unknown,DU0_4QEEuAM,2368,8,https://www.instagram.com/reel/DU0_4QEEuAM/embed/captioned/,2026-09-25,VERIFIED
pelteki_interiordesign,pelteki_interiordesign,False,pelteki_interiordesign,12K,12000,498,498,unknown,DVVipnmDecW,10010,62,https://www.instagram.com/reel/DVVipnmDecW/embed/captioned/,2026-09-25,VERIFIED
queeninspireddesigns,queeninspireddesigns,False,queeninspireddesigns,12K followers,12000,989 posts,989,no,DbOHDVWKGCX,7017,71,https://www.instagram.com/reel/DbOHDVWKGCX/embed/captioned/,2026-09-25,VERIFIED
lifestyleproperties_interiors,lifestyleproperties_interiors,False,lifestyleproperties_interiors,12K,12000,513,513,no,DZNaw3pIXDk,141,,https://www.instagram.com/reel/DZNaw3pIXDk/embed/captioned/,2026-09-25,VERIFIED
philkeandesigngroup,philkeandesigngroup,False,philkeandesigngroup,11K,11000,"1,739",1739,unknown,DSGQeRiEvi1,138894,511,https://www.instagram.com/reel/DSGQeRiEvi1/embed/captioned/,2026-09-25,VERIFIED
ravnix23,ravnix23,False,ravnix23,11K followers,11000,634 posts,634,no,DZ-k-9hgR_N,3986,,https://www.instagram.com/reel/DZ-k-9hgR_N/embed/captioned/,2026-09-25,VERIFIED
space_design_fx,space_design_fx,False,space_design_fx,11K,11000,"1,202",1202,no,C5PrBZESAzB,75,,https://www.instagram.com/reel/C5PrBZESAzB/embed/captioned/,2026-09-25,VERIFIED
annagerarealestate,annagerarealestate,False,annagerarealestate,11K,11000,203,203,no,DU9ATC-khfb,,12,https://www.instagram.com/reel/DU9ATC-khfb/embed/captioned/,2026-09-25,VERIFIED
dedi.interior_kotabekasi,dedi.interior_kotabekasi,False,dedi.interior_kotabekasi,10K,10000,421,421,unknown,DbqfmdrSFks,37,,https://www.instagram.com/reel/DbqfmdrSFks/embed/captioned/,2026-09-25,VERIFIED
pebdesign_,pebdesign_,False,pebdesign_,9K,9000,107,107,unknown,DVWXX4YiMzw,257,23,https://www.instagram.com/reel/DVWXX4YiMzw/embed/captioned/,2026-09-25,VERIFIED
eigsticonstruction,eigsticonstruction,False,eigsticonstruction,8K,8000,172,172,unknown,DU9gCl-Du3V,67878,106,https://www.instagram.com/reel/DU9gCl-Du3V/embed/captioned/,2026-09-25,VERIFIED
bhagwan_solanke_18,bhagwan_solanke_18,False,bhagwan_solanke_18,7K followers,7000,290 posts,290,unknown,DcD_4WBNhPs,3727,47,https://www.instagram.com/reel/DcD_4WBNhPs/embed/captioned/,2026-09-25,VERIFIED
the_bbq_store,the_bbq_store,False,the_bbq_store,7K,7000,309,309,no,DIwhkPvP7xC,423,,https://www.instagram.com/reel/DIwhkPvP7xC/embed/captioned/,2026-09-25,VERIFIED
m.a_customcabinets,m.a_customcabinets,False,m.a_customcabinets,7K,7000,45,45,no,DSMqMrlF7gR,187,6,https://www.instagram.com/reel/DSMqMrlF7gR/embed/captioned/,2026-09-25,VERIFIED
the.sustainable.bungalow,the.sustainable.bungalow,False,James Quinn · Journey of Life,7K,7000,547,547,unknown,DM7vWgbq-gL,144,47,https://www.instagram.com/reel/DM7vWgbq-gL/embed/captioned/,2026-09-25,VERIFIED
nightshade.bh,nightshade.bh,False,nightshade.bh,6K followers,6000,85 posts,85,unknown,DSnimZbAPYH,2851,20,https://www.instagram.com/reel/DSnimZbAPYH/embed/captioned/,2026-09-25,VERIFIED
cassandralm,cassandralm,False,cassandralm,6K,6000,434,434,unknown,DX6naSPKDyx,5501,288,https://www.instagram.com/reel/DX6naSPKDyx/embed/captioned/,2026-09-25,VERIFIED
nainitalinterior,nainitalinterior,False,nainitalinterior,6K,6000,301,301,unknown,DFczI6Ihobl,184,,https://www.instagram.com/reel/DFczI6Ihobl/embed/captioned/,2026-09-25,VERIFIED
audiohomeit,audiohomeit,False,audiohomeit,6K,6000,166,166,no,C5ttD-fv_Ve,275,,https://www.instagram.com/reel/C5ttD-fv_Ve/embed/captioned/,2026-09-25,VERIFIED
mauquani__interiors,mauquani__interiors,False,adam.dodson,6K,6000,134,134,unknown,DMh59rioj8w,,22,https://www.instagram.com/reel/DMh59rioj8w/embed/captioned/,2026-09-25,VERIFIED
interioralchemyhq,interioralchemyhq,False,Tazzy · Yasashi,6K,6000,455,455,unknown,DFKXk9YTi0n,66,,https://www.instagram.com/reel/DFKXk9YTi0n/embed/captioned/,2026-09-25,VERIFIED
husnain_g13_properties,husnain_g13_properties,False,husnain_g13_properties,4K,4000,210,210,unknown,DcWTQ_jiSCi,99733,135,https://www.instagram.com/reel/DcWTQ_jiSCi/embed/captioned/,2026-09-25,VERIFIED
mydreamhome_realtors,mydreamhome_realtors,False,mydreamhome_realtors,4K followers,4000,576 posts,576,unknown,DLHdsAETm3P,7213,13,https://www.instagram.com/reel/DLHdsAETm3P/embed/captioned/,2026-09-25,VERIFIED
bellalusso_interiors,bellalusso_interiors,False,bellalusso_interiors,4K,4000,687,687,unknown,DW6IA4YDSwH,576,28,https://www.instagram.com/reel/DW6IA4YDSwH/embed/captioned/,2026-09-25,VERIFIED
linecraft_in,linecraft_in,False,linecraft_in,3K,3000,167,167,unknown,DYoZa32Si3T,63,,https://www.instagram.com/reel/DYoZa32Si3T/embed/captioned/,2026-09-25,VERIFIED
moderninteriordesign___,moderninteriordesign___,False,moderninteriordesign___,3K,3000,114,114,no,CtepYzaAyKH,75,6,https://www.instagram.com/reel/CtepYzaAyKH/embed/captioned/,2026-09-25,VERIFIED
cozinesshomefurniture,cozinesshomefurniture,False,cozinesshomefurniture,3K,3000,722,722,no,DYPX2CKDTDd,11,,https://www.instagram.com/reel/DYPX2CKDTDd/embed/captioned/,2026-09-25,VERIFIED
world_manor,world_manor,False,world_manor,2K,2000,880,880,unknown,DHqj6mTMott,207,,https://www.instagram.com/reel/DHqj6mTMott/embed/captioned/,2026-09-25,VERIFIED
danbcustomclosets,danbcustomclosets,False,danbcustomclosets,2K,2000,84,84,unknown,DLF31imOez9,130,17,https://www.instagram.com/reel/DLF31imOez9/embed/captioned/,2026-09-25,VERIFIED
luxury_lifestylers,luxury_lifestylers,False,luxury_lifestylers,2K,2000,"1,076",1076,unknown,DSjPwbDkxfV,111,,https://www.instagram.com/reel/DSjPwbDkxfV/embed/captioned/,2026-09-25,VERIFIED
the_professional_wood_creator,the_professional_wood_creator,False,the_professional_wood_creator,1K followers,1000,425 posts,425,unknown,DTm-Y5niFvX,2057,,https://www.instagram.com/reel/DTm-Y5niFvX/embed/captioned/,2026-09-25,VERIFIED
amandawayburgess,amandawayburgess,False,amandawayburgess,1K,1000,111,111,unknown,DFWPJSLp0Wt,329,10,https://www.instagram.com/reel/DFWPJSLp0Wt/embed/captioned/,2026-09-25,VERIFIED
tnt_interiors,tnt_interiors,False,tnt_interiors,1K,1000,78,78,unknown,DWtH-I6jVWW,136,,https://www.instagram.com/reel/DWtH-I6jVWW/embed/captioned/,2026-09-25,VERIFIED
kar_modular_kitchen,kar_modular_kitchen,False,kar_modular_kitchen,1K,1000,520,520,no,DKtFQ5UTzyX,46,,https://www.instagram.com/reel/DKtFQ5UTzyX/embed/captioned/,2026-09-25,VERIFIED
kitchenbear9,kitchenbear9,False,kitchenbear9,1K,1000,80,80,no,DcJrOuIsVUM,53,,https://www.instagram.com/reel/DcJrOuIsVUM/embed/captioned/,2026-09-25,VERIFIED
melissavaupel.estates,melissavaupel.estates,False,melissavaupel.estates,806,806,12,12,unknown,DYdGP64y3UN,2269,42,https://www.instagram.com/reel/DYdGP64y3UN/embed/captioned/,2026-09-25,VERIFIED
the.oracle.of.legend,the.oracle.of.legend,False,Joshua Kyan Aalampour · The Hidden Library,595 followers,595,68 posts,68,unknown,DcB2VTZMxeK,36189,46,https://www.instagram.com/reel/DcB2VTZMxeK/embed/captioned/,2026-09-25,VERIFIED
