handle,followers,n,median_views,median_vpf,share_above_topic_median,share_ai_or_3d,share_high_quality,share_shoppable,account_kind,top_topic_groups,earliest_known_post,followers_per_day_since_first_known_post,observed_monetization_types,deep_profiled,score_virality,score_consistency,score_reach,score_growth,score_repeatability,score_ai_suitability,score_monetizability,score_quality,score_originality,score_total,rank,outperformer
myplants.uae,123000.0,2,8278500.0,67.30487804878048,1.0,1.0,1.0,1.0,contractor_trade,ai,2026-05-12,904.4117647058823,3,True,0.935,0.881,0.943,0.562,0.318,0.793,0.981,0.753,0.655,0.7824,1,True
archibible,220000.0,2,7373000.0,33.513636363636365,1.0,1.0,1.0,0.0,ai_creator,ai,2025-05-15,441.7670682730924,4,True,0.889,0.881,0.935,0.337,0.318,0.793,0.981,0.753,0.655,0.75,2,True
design_x_interior,88000.0,2,8895000.0,102.2159090909091,1.0,1.0,1.0,0.5,designer_studio,luxury_room,2026-01-31,371.30801687763716,1,True,0.969,0.881,0.954,0.236,0.318,0.793,0.858,0.753,0.655,0.7456,3,True
elarch.studio,540000.0,3,5500000.0,10.185185185185185,0.6666666666666666,1.0,1.0,0.3333333333333333,designer_studio,luxury_home,2024-09-14,728.744939271255,2,True,0.747,0.644,0.912,0.472,0.718,0.793,0.904,0.753,0.655,0.7414,4,True
georgios_tataridis,321000.0,2,2630500.0,8.194704049844237,1.0,1.0,1.0,1.0,designer_studio,luxury_room;location,2026-01-22,1304.878048780488,2,True,0.701,0.881,0.828,0.708,0.318,0.793,0.939,0.753,0.655,0.7346,5,True
sunt_mrr,2000000.0,9,2900000.0,1.45,0.8888888888888888,1.0,1.0,0.0,ai_creator,location;ai;unusual_home,2024-09-04,2663.115845539281,2,True,0.341,0.755,0.841,0.843,0.989,0.793,0.877,0.753,0.655,0.7256,6,False
aiforarchitects,1000000.0,7,2000000.0,2.0,0.8571428571428571,1.0,1.0,0.14285714285714285,ai_creator,luxury_home;location;hotel_resort,2024-06-10,1194.7431302270013,2,True,0.412,0.747,0.774,0.674,0.969,0.793,0.893,0.753,0.655,0.7151,7,False
soothenests,2000000.0,4,6950000.0,3.4749999999999996,1.0,1.0,0.5,0.5,theme_page,luxury_room;ai,2024-08-29,2642.007926023778,2,True,0.544,0.881,0.927,0.831,0.854,0.793,0.908,0.274,0.19,0.7049,8,False
neuraltransform,83000.0,3,1600000.0,19.27710843373494,0.6666666666666666,1.0,1.0,0.0,ai_creator,pool;garden_outdoor;ai,2026-02-27,395.23809523809524,1,True,0.824,0.644,0.743,0.27,0.718,0.793,0.701,0.753,0.655,0.6994,9,True
stylishnorrastudios,40000.0,2,2227500.0,55.6875,1.0,0.5,1.0,1.0,designer_studio,architecture;style,2026-06-20,412.37113402061857,2,True,0.927,0.881,0.797,0.303,0.318,0.51,0.939,0.753,0.655,0.6937,10,True
watchthebuild,107000.0,4,497000.0,4.668180215129607,0.75,1.0,1.0,1.0,ai_creator,room_generic;style,2026-07-04,1289.1566265060242,0,True,0.609,0.713,0.475,0.697,0.854,0.793,0.701,0.753,0.655,0.6928,11,False
syifa_in_switzerland,3000000.0,3,6600000.0,12.002833333333333,0.6666666666666666,0.0,1.0,0.0,lifestyle_influencer,location,2025-08-20,7481.296758104738,1,True,0.766,0.644,0.923,0.933,0.718,0.238,0.701,0.753,0.655,0.6889,12,True
siriorsinterior,547000.0,2,2104000.0,3.846435100548446,1.0,1.0,1.0,1.0,designer_studio,luxury_room,2025-01-17,887.987012987013,1,True,0.567,0.881,0.793,0.528,0.318,0.793,0.877,0.753,0.655,0.6802,13,False
nostalgicraindrops,713000.0,3,3900000.0,5.46984572230014,1.0,0.6666666666666666,1.0,0.3333333333333333,theme_page,cozy_ambience,2024-05-30,840.8018867924528,1,True,0.648,0.881,0.874,0.506,0.718,0.546,0.854,0.753,0.19,0.6795,14,True
zaxzaaafrica,65000.0,2,650000.0,10.0,1.0,1.0,1.0,1.0,designer_studio,hotel_resort,2026-05-21,511.81102362204723,2,True,0.736,0.881,0.554,0.36,0.318,0.793,0.939,0.753,0.655,0.6793,15,True
siyad_abdali,4000000.0,6,4550000.0,1.1375,0.6666666666666666,1.0,1.0,0.6666666666666666,ai_creator,fantasy_dream;room_generic;cozy_ambience,2024-07-11,4962.779156327543,0,True,0.299,0.644,0.885,0.899,0.956,0.793,0.525,0.753,0.655,0.6776,16,False
diniz_nasaroba,293000.0,2,13100000.0,44.7098976109215,1.0,1.0,1.0,0.5,ai_creator,garden_outdoor,,,0,False,0.904,0.881,0.973,0.0,0.318,0.793,0.452,0.753,0.655,0.6703,17,True
roomify.design,62000.0,7,337000.0,5.435483870967742,0.5714285714285714,1.0,1.0,1.0,ai_creator,luxury_room;interior_generic;room_generic,2026-02-20,285.7142857142857,2,True,0.644,0.577,0.352,0.202,0.969,0.793,0.939,0.753,0.655,0.6597,18,True
urban_lifestyle_lab,250000.0,4,1060000.0,4.24,0.75,1.0,1.0,0.25,ai_creator,future_arch;luxury_home,2025-10-04,702.2471910112359,0,True,0.602,0.713,0.674,0.438,0.854,0.793,0.36,0.753,0.655,0.6513,19,False
montani3d,603000.0,4,684500.0,1.135157545605307,0.75,1.0,0.75,0.25,ai_creator,ai,2026-01-19,2421.6867469879517,3,True,0.295,0.713,0.575,0.809,0.854,0.793,0.962,0.454,0.655,0.6474,20,False
ell.glamhome,1000000.0,2,4750000.0,4.75,1.0,0.0,1.0,1.0,lifestyle_influencer,luxury_room;room_generic,2024-11-15,1472.7540500736377,2,True,0.613,0.881,0.893,0.742,0.318,0.238,0.939,0.753,0.655,0.6435,21,False
recastliving,47000.0,2,904500.0,19.24468085106383,1.0,1.0,1.0,0.5,ai_creator,ai;garden_outdoor,2026-05-12,345.5882352941176,0,True,0.82,0.881,0.636,0.213,0.318,0.793,0.452,0.753,0.655,0.6411,22,True
vrishtidesigns,2000000.0,4,466000.0,0.23299999999999998,0.75,1.0,1.0,1.0,designer_studio,location;luxury_home;luxury_room,2025-06-05,4192.8721174004195,2,True,0.111,0.713,0.456,0.888,0.854,0.793,0.939,0.753,0.655,0.6342,23,False
juliagal_,4000000.0,4,4591500.0,1.147875,0.75,0.0,1.0,0.0,lifestyle_influencer,hotel_resort,2025-01-18,6504.065040650406,2,True,0.303,0.713,0.889,0.921,0.854,0.238,0.877,0.753,0.655,0.6297,24,False
abdullahaslanoglu_,68000.0,2,5193500.0,76.375,0.5,1.0,1.0,0.5,designer_studio,luxury_home;luxury_room,2024-08-12,87.85529715762274,0,True,0.954,0.397,0.9,0.045,0.318,0.793,0.452,0.753,0.655,0.629,25,True
abeastinside,182000.0,3,1200000.0,6.593406593406593,0.6666666666666666,0.0,1.0,0.0,theme_page,style,2026-06-03,1596.4912280701753,2,True,0.682,0.644,0.693,0.764,0.718,0.238,0.877,0.753,0.19,0.6265,26,True
miladeshtiyaghi,642000.0,5,381000.0,0.5934579439252337,0.6,1.0,1.0,0.0,designer_studio,unusual_home;style,2025-06-28,1414.0969162995596,3,True,0.195,0.588,0.406,0.73,0.927,0.793,0.939,0.753,0.655,0.6251,27,False
manhwa_diablo,331000.0,2,39552000.0,119.49244712990937,1.0,0.5,0.0,0.5,theme_page,garden_outdoor,2026-01-29,1384.937238493724,0,False,0.973,0.881,0.996,0.719,0.318,0.51,0.452,0.065,0.19,0.6237,28,True
visionbuildofficial,50000.0,3,2300000.0,46.0,0.6666666666666666,1.0,0.6666666666666666,0.0,ai_creator,architecture;luxury_home;future_arch,2026-01-31,210.9704641350211,0,True,0.91,0.644,0.807,0.135,0.718,0.793,0.172,0.412,0.655,0.6225,29,True
paulmarkkitchens,304000.0,2,68350000.0,224.83552631578948,1.0,0.0,0.0,1.0,brand_manufacturer,room_generic,2024-10-15,428.16901408450707,3,True,0.989,0.881,1.0,0.315,0.318,0.238,0.981,0.065,0.655,0.6221,30,True
harmosai,57000.0,7,468000.0,8.210526315789474,0.5714285714285714,1.0,0.7142857142857143,0.0,ai_creator,future_arch;location;unusual_home,2025-07-15,130.43478260869566,1,True,0.705,0.577,0.46,0.067,0.969,0.793,0.701,0.441,0.655,0.6142,31,True
arteo_luxury,871000.0,5,798000.0,0.9161882893226176,0.6,1.0,0.8,1.0,designer_studio,luxury_room;interior_generic,2024-03-02,929.5624332977588,2,True,0.249,0.588,0.602,0.584,0.927,0.793,0.939,0.475,0.655,0.613,32,False
wayup_media,942000.0,12,3050000.0,3.2412327311370883,0.9166666666666666,0.0,1.0,0.16666666666666666,media_publication,luxury_home;unusual_home;real_estate,2022-12-02,676.2383345297918,2,True,0.529,0.759,0.851,0.427,0.989,0.238,0.897,0.753,0.036,0.6106,33,False
georgewu_udhkids,45000.0,2,1110500.0,24.677777777777777,1.0,1.0,0.5,1.0,designer_studio,room_generic,,,0,False,0.858,0.881,0.686,0.0,0.318,0.793,0.701,0.274,0.655,0.6094,34,True
elitebuildhq,2000000.0,6,4000000.0,2.0,0.6666666666666666,0.6666666666666666,0.8333333333333334,0.3333333333333333,theme_page,unusual_home;architecture;ai,2026-04-09,11834.31952662722,0,True,0.412,0.644,0.877,0.955,0.956,0.546,0.379,0.489,0.19,0.6037,35,False
swissaround,3000000.0,2,27300000.0,9.1,1.0,0.0,1.0,0.0,lifestyle_influencer,location,2022-10-01,2061.855670103093,0,False,0.72,0.881,0.981,0.787,0.318,0.238,0.172,0.753,0.655,0.6016,36,True
tucasad3co,273000.0,2,1550000.0,5.689102564102564,1.0,1.0,1.0,1.0,theme_page,room_generic;style,,,0,False,0.651,0.881,0.739,0.0,0.318,0.793,0.701,0.753,0.19,0.598,37,True
olena_prykhodko_design,308000.0,3,1000000.0,3.2467532467532467,0.6666666666666666,0.6666666666666666,0.3333333333333333,1.0,designer_studio,room_generic;style,2026-01-24,1262.295081967213,1,True,0.533,0.644,0.657,0.685,0.718,0.546,0.877,0.146,0.655,0.5939,38,False
day_design_101,145000.0,2,5300000.0,36.772030651341,1.0,1.0,0.5,0.5,theme_page,garden_outdoor,,,0,False,0.893,0.881,0.908,0.0,0.318,0.793,0.452,0.274,0.19,0.5903,39,True
spacesbylaura,43000.0,3,481000.0,11.186046511627907,0.6666666666666666,1.0,1.0,0.6666666666666666,theme_page,style,,,0,False,0.755,0.644,0.467,0.0,0.718,0.793,0.525,0.753,0.19,0.5901,40,True
uniqchalets,684000.0,4,1475500.0,2.1571637426900585,0.75,0.0,1.0,1.0,theme_page,location;unusual_home,2024-08-20,892.9503916449086,4,True,0.433,0.713,0.728,0.539,0.854,0.238,0.99,0.753,0.19,0.5895,41,False
fromrawto_real,40000.0,4,403500.0,10.0875,0.25,1.0,1.0,0.75,ai_creator,garden_outdoor;room_generic;ai,2026-02-23,186.9158878504673,0,False,0.743,0.157,0.421,0.112,0.854,0.793,0.552,0.753,0.655,0.5854,42,True
rodnova_installation_,41000.0,2,647500.0,15.792682926829269,0.5,1.0,1.0,1.0,contractor_trade,luxury_room,,,0,False,0.808,0.397,0.544,0.0,0.318,0.793,0.701,0.753,0.655,0.5847,43,True
architect_hitesh,262000.0,2,7574500.0,28.910305343511453,0.5,1.0,1.0,0.0,designer_studio,luxury_home,,,0,False,0.874,0.397,0.939,0.0,0.318,0.793,0.172,0.753,0.655,0.5843,44,True
relaxationreflections_,12000.0,2,3026250.0,252.1875,0.5,1.0,0.0,1.0,ai_creator,cozy_ambience,,,0,False,0.992,0.397,0.847,0.0,0.318,0.793,0.701,0.065,0.655,0.583,45,True
travelask.world,681000.0,6,1300000.0,1.9089574155653453,0.8333333333333334,0.8333333333333334,1.0,0.16666666666666666,media_publication,location;hotel_resort;unusual_home,2025-01-28,1125.6198347107438,0,True,0.391,0.741,0.701,0.663,0.956,0.577,0.349,0.753,0.036,0.5828,46,False
exploringdreamhomes,177000.0,5,556000.0,3.1412429378531073,0.8,1.0,0.8,0.2,theme_page,ai;fantasy_dream;luxury_home,2026-02-05,762.9310344827586,0,True,0.521,0.734,0.513,0.483,0.927,0.793,0.352,0.475,0.19,0.5812,47,False
astralgate.ai,44000.0,2,2061850.0,46.86022727272727,0.5,1.0,1.0,0.0,ai_creator,ai,,,0,False,0.92,0.397,0.785,0.0,0.318,0.793,0.172,0.753,0.655,0.5782,48,True
renovaistudio,11000.0,2,506000.0,46.0,0.5,1.0,1.0,0.5,ai_creator,ai;garden_outdoor,,,0,False,0.91,0.397,0.485,0.0,0.318,0.793,0.452,0.753,0.655,0.5741,49,True
diycraftstvofficial,6000000.0,4,3450000.0,0.575,0.75,1.0,0.75,0.0,theme_page,unusual_home;pool,2026-01-03,22641.509433962263,0,False,0.188,0.713,0.866,1.0,0.854,0.793,0.172,0.454,0.19,0.5719,50,False
lisi.quietdiaries,153000.0,2,11412000.0,74.58823529411765,0.5,0.0,1.0,1.0,lifestyle_influencer,luxury_room,,,0,False,0.95,0.397,0.962,0.0,0.318,0.238,0.701,0.753,0.655,0.5715,51,True
glashaus.realestate,296000.0,5,791000.0,2.6722972972972974,1.0,0.0,0.8,1.0,real_estate,location,2023-10-19,276.1194029850746,4,True,0.483,0.881,0.598,0.191,0.927,0.238,0.99,0.475,0.655,0.5712,52,False
ai.design.ideas,136000.0,3,343000.0,2.5220588235294117,1.0,1.0,0.6666666666666666,0.6666666666666666,ai_creator,style,2025-12-31,507.46268656716416,0,True,0.467,0.881,0.372,0.348,0.718,0.793,0.525,0.412,0.655,0.5708,53,False
anderalencar,478000.0,2,2363000.0,4.943514644351465,1.0,1.0,1.0,0.0,designer_studio,ai,,,0,False,0.625,0.881,0.816,0.0,0.318,0.793,0.172,0.753,0.655,0.5707,54,False
whatif.real,385000.0,2,2047500.0,5.3181818181818175,1.0,1.0,1.0,0.0,ai_creator,location;unusual_home,,,0,False,0.636,0.881,0.782,0.0,0.318,0.793,0.172,0.753,0.655,0.5695,55,True
aureliestory,3000000.0,5,3200000.0,1.0666666666666667,1.0,0.0,1.0,0.0,lifestyle_influencer,location;pool,2024-05-06,3440.3669724770643,0,False,0.268,0.881,0.86,0.876,0.927,0.238,0.172,0.753,0.655,0.5691,56,False
divaa.finds,764000.0,5,1500000.0,1.963350785340314,0.8,0.0,0.4,0.8,lifestyle_influencer,luxury_room;cozy_ambience;room_generic,2024-10-31,1100.864553314121,3,True,0.402,0.734,0.732,0.652,0.927,0.238,0.973,0.161,0.655,0.5667,57,False
beautifuldestinations,24000000.0,3,2300000.0,0.09583333333333334,1.0,0.0,1.0,0.3333333333333333,media_publication,hotel_resort;location,2022-07-13,15635.179153094463,5,True,0.073,0.881,0.807,0.978,0.718,0.238,0.996,0.753,0.036,0.5653,58,False
vesgantti_home,22000.0,2,1356000.0,61.63636363636364,1.0,0.5,0.5,1.0,theme_page,room_generic,,,0,False,0.931,0.881,0.713,0.0,0.318,0.51,0.701,0.274,0.19,0.5608,59,True
idw.design,318000.0,3,226000.0,0.710691823899371,0.6666666666666666,1.0,1.0,0.0,designer_studio,style;future_arch,2025-10-10,908.5714285714286,1,True,0.218,0.644,0.253,0.573,0.718,0.793,0.701,0.753,0.655,0.5596,60,False
thetrillionairelife,13000000.0,3,1100000.0,0.08461538461538462,1.0,0.6666666666666666,0.6666666666666666,0.0,theme_page,future_arch;location;luxury_home,2024-07-31,16539.440203562343,2,True,0.057,0.881,0.682,0.989,0.718,0.546,0.877,0.412,0.19,0.5588,61,False
vishnu_xo,406000.0,4,277500.0,0.6834975369458127,0.5,1.0,1.0,1.0,designer_studio,luxury_room;style,2025-08-20,1012.4688279301746,0,False,0.215,0.397,0.295,0.64,0.854,0.793,0.701,0.753,0.655,0.5587,62,False
architectcha,148000.0,4,542000.0,3.6621621621621623,0.5,1.0,1.0,0.0,ai_creator,future_arch;ai,2025-09-19,398.92183288409706,0,True,0.556,0.397,0.502,0.281,0.854,0.793,0.172,0.753,0.655,0.5587,63,False
journey.to_serenity,15000.0,2,240800.0,16.053333333333335,0.5,1.0,1.0,1.0,ai_creator,ai;cozy_ambience,,,0,False,0.812,0.397,0.264,0.0,0.318,0.793,0.701,0.753,0.655,0.5575,64,True
facade_designn,47000.0,6,678000.0,14.425531914893616,0.8333333333333334,0.8333333333333334,0.8333333333333334,0.0,theme_page,future_arch;ai;unusual_home,2025-11-25,154.60526315789474,0,True,0.789,0.741,0.571,0.09,0.956,0.577,0.172,0.489,0.19,0.5557,65,True
cabinstillwoods,18000.0,4,224650.0,12.480555555555556,0.5,1.0,1.0,0.0,ai_creator,unusual_home,2026-03-19,94.73684210526316,0,True,0.778,0.397,0.249,0.056,0.854,0.793,0.172,0.753,0.655,0.5554,66,True
quaintandsimple,26000.0,2,1803000.0,69.34615384615384,1.0,0.0,0.5,1.0,lifestyle_influencer,pool,,,0,False,0.943,0.881,0.762,0.0,0.318,0.238,0.701,0.274,0.655,0.5506,67,True
shanwicki,60000.0,3,2900000.0,48.333333333333336,0.6666666666666666,0.0,0.0,1.0,lifestyle_influencer,hotel_resort,,,0,False,0.923,0.644,0.841,0.0,0.718,0.238,0.701,0.065,0.655,0.55,68,True
drcozyvibes,584000.0,3,421000.0,0.5753424657534247,1.0,1.0,0.6666666666666666,0.6666666666666666,theme_page,cozy_ambience;unusual_home,2024-07-02,716.5644171779142,2,True,0.192,0.881,0.444,0.461,0.718,0.793,0.912,0.412,0.19,0.5496,69,False
luxurydreamhub,1000000.0,16,868500.0,0.8685,0.6875,0.9375,0.625,0.6875,theme_page,luxury_home;luxury_room;future_arch,2025-07-24,2336.448598130841,0,True,0.241,0.693,0.617,0.798,0.989,0.582,0.544,0.383,0.19,0.5475,70,False
insmultiverse,79000.0,4,322000.0,4.075949367088608,0.5,1.0,1.0,0.25,ai_creator,future_arch;ai;luxury_room,2025-02-21,135.97246127366608,0,True,0.582,0.397,0.341,0.079,0.854,0.793,0.36,0.753,0.655,0.5466,71,False
orcadesignec,69000.0,2,444500.0,6.442028985507246,1.0,1.0,1.0,0.0,designer_studio,future_arch,,,0,False,0.674,0.881,0.448,0.0,0.318,0.793,0.172,0.753,0.655,0.5439,72,True
earthfm_net,757000.0,2,35300000.0,46.63143989431968,1.0,0.0,0.5,0.0,theme_page,cozy_ambience,2024-05-22,884.3457943925233,0,False,0.916,0.881,0.989,0.517,0.318,0.238,0.172,0.274,0.19,0.5434,73,True
jusathome,184000.0,2,1313000.0,7.135869565217391,1.0,0.0,1.0,1.0,lifestyle_influencer,room_generic;luxury_room,,,0,False,0.69,0.881,0.709,0.0,0.318,0.238,0.701,0.753,0.655,0.5425,74,True
clarazrd,297000.0,2,36800000.0,123.9057239057239,1.0,0.0,0.0,0.0,lifestyle_influencer,luxury_home,2024-11-17,438.70014771048744,0,False,0.977,0.881,0.992,0.326,0.318,0.238,0.172,0.065,0.655,0.5393,75,True
ravnix23,11000.0,2,235485.5,21.407772727272725,0.5,1.0,1.0,1.0,theme_page,room_generic,,,0,False,0.839,0.397,0.261,0.0,0.318,0.793,0.701,0.753,0.19,0.5392,76,True
jetset_anna,711000.0,2,10500000.0,14.767932489451477,1.0,0.0,1.0,0.0,lifestyle_influencer,location,,,0,False,0.793,0.881,0.958,0.0,0.318,0.238,0.172,0.753,0.655,0.5352,77,True
almostlove21,175000.0,2,4850000.0,13.714285714285714,1.0,0.0,0.5,1.0,lifestyle_influencer,fantasy_dream;cozy_ambience,,,0,False,0.785,0.881,0.897,0.0,0.318,0.238,0.701,0.274,0.655,0.5326,78,True
tuesday_leroux,1000000.0,2,5850000.0,5.85,1.0,0.0,1.0,0.5,lifestyle_influencer,luxury_home,,,0,False,0.659,0.881,0.916,0.0,0.318,0.238,0.452,0.753,0.655,0.5322,79,True
hafezi.architects,606000.0,4,368000.0,0.6072607260726073,0.5,0.75,1.0,0.25,designer_studio,location;interior_generic;unusual_home,2024-05-31,715.4663518299882,2,True,0.199,0.397,0.393,0.449,0.854,0.563,0.9,0.753,0.655,0.5317,80,False
naturesms,10000000.0,8,386000.0,0.038599999999999995,0.875,1.0,0.875,0.375,theme_page,unusual_home;future_arch;pool,2024-09-12,13458.950201884252,0,True,0.008,0.751,0.41,0.966,0.989,0.793,0.395,0.496,0.19,0.5306,81,False
_crystalvisual,10000.0,2,945850.0,94.585,0.5,1.0,0.5,0.0,ai_creator,luxury_room,,,0,False,0.966,0.397,0.644,0.0,0.318,0.793,0.172,0.274,0.655,0.5253,82,True
homelove.bylaura,70000.0,2,1473500.0,21.05,0.5,0.0,1.0,1.0,lifestyle_influencer,room_generic;decor_commerce,,,0,False,0.835,0.397,0.724,0.0,0.318,0.238,0.701,0.753,0.655,0.5247,83,True
jareef__saifi,339000.0,5,192000.0,0.5663716814159292,0.6,1.0,0.4,1.0,ai_creator,hotel_resort;luxury_room;luxury_home,2026-02-21,1569.4444444444443,0,False,0.184,0.588,0.23,0.753,0.927,0.793,0.701,0.161,0.655,0.5245,84,False
soldbytyler,12000.0,2,5250000.0,437.5,1.0,0.0,0.5,0.0,real_estate,real_estate;location,,,0,False,1.0,0.881,0.904,0.0,0.318,0.238,0.172,0.274,0.655,0.5234,85,True
capsulecastle2025,191000.0,2,4140500.0,21.67801047120419,1.0,0.0,0.0,1.0,brand_manufacturer,fantasy_dream,,,0,False,0.847,0.881,0.881,0.0,0.318,0.238,0.701,0.065,0.655,0.5224,86,True
luxquisit,190000.0,4,541000.0,2.8473684210526313,0.25,0.75,0.75,0.0,theme_page,location;hotel_resort;pool,2025-10-12,545.9770114942529,3,True,0.494,0.157,0.498,0.393,0.854,0.563,0.939,0.454,0.19,0.5224,87,False
lawrencewalton_,547000.0,4,1001000.0,1.829981718464351,0.75,0.0,1.0,0.0,lifestyle_influencer,location;hotel_resort,2025-03-30,1005.5147058823529,0,False,0.383,0.713,0.663,0.618,0.854,0.238,0.172,0.753,0.655,0.5223,88,False
karim.eltaher.designs,934000.0,2,1700000.0,1.8208743869216062,1.0,1.0,0.5,1.0,designer_studio,luxury_room,,,0,False,0.379,0.881,0.751,0.0,0.318,0.793,0.701,0.274,0.655,0.5201,89,False
rendair.ai,189000.0,3,138000.0,0.7301587301587301,1.0,1.0,0.3333333333333333,0.6666666666666666,brand_manufacturer,ai,2025-06-12,402.1276595744681,3,True,0.222,0.881,0.188,0.292,0.718,0.793,0.966,0.146,0.655,0.5152,90,False
kika.baut,21000.0,2,610000.0,29.047619047619047,1.0,0.0,0.5,1.0,lifestyle_influencer,hotel_resort;luxury_room,,,0,False,0.877,0.881,0.536,0.0,0.318,0.238,0.701,0.274,0.655,0.5149,91,True
kelseyinlondon,794000.0,2,3200000.0,4.030226700251889,1.0,0.0,1.0,0.5,lifestyle_influencer,hotel_resort;location,,,0,False,0.579,0.881,0.86,0.0,0.318,0.238,0.452,0.753,0.655,0.5105,92,False
diachok.architects,156000.0,2,414000.0,2.6538461538461537,0.5,1.0,1.0,1.0,designer_studio,luxury_room;style,,,0,False,0.479,0.397,0.441,0.0,0.318,0.793,0.701,0.753,0.655,0.5084,93,False
2pdesigners,134000.0,5,258000.0,1.9253731343283582,0.4,1.0,0.8,1.0,designer_studio,luxury_room;room_generic;luxury_home,2025-04-10,251.40712945590994,0,False,0.395,0.209,0.276,0.157,0.927,0.793,0.701,0.475,0.655,0.5052,94,False
tiatinn_,8000.0,3,1400000.0,175.0,0.6666666666666666,0.0,0.3333333333333333,0.0,real_estate,location,,,0,False,0.985,0.644,0.716,0.0,0.718,0.238,0.172,0.146,0.655,0.505,95,True
imtiazsahib33,120000.0,2,8308800.0,69.24000000000001,0.5,0.5,0.5,0.5,other,unusual_home,,,0,False,0.939,0.397,0.946,0.0,0.318,0.51,0.452,0.274,0.036,0.5047,96,True
roxy_carretero,54000.0,5,674000.0,12.481481481481481,0.4,0.0,0.4,1.0,lifestyle_influencer,decor_commerce;cozy_ambience;room_generic,2026-04-24,350.64935064935065,0,False,0.782,0.209,0.567,0.225,0.927,0.238,0.701,0.161,0.655,0.5037,97,True
goldconconstruction,27000.0,2,558500.0,20.685185185185187,0.5,0.0,1.0,1.0,contractor_trade,luxury_room,,,0,False,0.831,0.397,0.517,0.0,0.318,0.238,0.701,0.753,0.655,0.5033,98,True
digitaldesign.lab,164000.0,4,81150.0,0.49481707317073165,0.5,1.0,1.0,0.75,ai_creator,unusual_home;pool,2024-07-24,206.8095838587642,2,True,0.165,0.397,0.138,0.124,0.854,0.793,0.916,0.753,0.655,0.5028,99,False
lakecomo_boat,1000000.0,2,12400000.0,12.4,1.0,0.0,1.0,0.0,other,location,,,0,False,0.774,0.881,0.969,0.0,0.318,0.238,0.172,0.753,0.036,0.5016,100,True
tereknotderek,231000.0,2,1809350.0,7.8326839826839825,0.5,0.0,1.0,1.0,lifestyle_influencer,luxury_room;location,,,0,False,0.697,0.397,0.766,0.0,0.318,0.238,0.701,0.753,0.655,0.5013,101,True
timberwit,17000.0,2,705900.0,41.523529411764706,0.5,0.0,1.0,1.0,theme_page,luxury_home,,,0,False,0.9,0.397,0.586,0.0,0.318,0.238,0.701,0.753,0.19,0.5007,102,True
theraj_interior,148000.0,2,928350.0,6.272635135135134,0.5,1.0,0.0,1.0,designer_studio,luxury_room,,,0,False,0.67,0.397,0.64,0.0,0.318,0.793,0.701,0.065,0.655,0.4979,103,True
luxicavibe,11000.0,2,286650.0,26.05909090909091,0.5,1.0,1.0,0.0,theme_page,luxury_home,,,0,False,0.87,0.397,0.307,0.0,0.318,0.793,0.172,0.753,0.19,0.497,104,True
corcoransunshine,34000.0,2,536700.0,15.785294117647059,0.5,0.0,1.0,1.0,real_estate,luxury_home,,,0,False,0.805,0.397,0.49,0.0,0.318,0.238,0.701,0.753,0.655,0.4952,105,True
buildsinblack,55000.0,2,668250.0,12.15,0.0,1.0,1.0,0.0,ai_creator,architecture;location,,,0,False,0.77,0.073,0.559,0.0,0.318,0.793,0.172,0.753,0.655,0.4933,106,True
base9studio,151000.0,2,341500.0,2.26158940397351,0.5,1.0,1.0,1.0,designer_studio,luxury_room,,,0,False,0.441,0.397,0.356,0.0,0.318,0.793,0.701,0.753,0.655,0.4923,107,False
beautifulhotels,6000000.0,5,551000.0,0.09183333333333334,0.6,0.0,0.8,0.4,media_publication,location;unusual_home;hotel_resort,2023-08-17,5286.343612334802,5,True,0.065,0.588,0.506,0.91,0.927,0.238,1.0,0.475,0.036,0.4911,108,False
hannahandkord,94000.0,2,897000.0,9.542553191489361,1.0,0.0,1.0,0.0,lifestyle_influencer,cozy_ambience;unusual_home,,,0,False,0.732,0.881,0.632,0.0,0.318,0.238,0.172,0.753,0.655,0.4904,109,True
_vlasov_roman_,553000.0,4,270500.0,0.48915009041591323,0.5,1.0,1.0,0.0,designer_studio,luxury_home;architecture;hotel_resort,2025-02-12,937.2881355932203,0,False,0.161,0.397,0.291,0.596,0.854,0.793,0.172,0.753,0.655,0.4902,110,False
katie.fischer,555000.0,2,2450000.0,4.414414414414415,0.5,0.0,1.0,1.0,lifestyle_influencer,style;decor_commerce,,,0,False,0.605,0.397,0.824,0.0,0.318,0.238,0.701,0.753,0.655,0.4887,111,False
imaginativemike,506000.0,3,336000.0,0.6640316205533597,0.3333333333333333,1.0,1.0,0.3333333333333333,ai_creator,unusual_home;ai;cozy_ambience,2025-03-12,900.355871886121,0,True,0.211,0.184,0.349,0.551,0.718,0.793,0.379,0.753,0.655,0.4872,112,False
luxuriatehomes,803000.0,2,1203500.0,1.4987546699875467,0.5,1.0,1.0,1.0,theme_page,luxury_home;unusual_home,,,0,False,0.352,0.397,0.697,0.0,0.318,0.793,0.701,0.753,0.19,0.4855,113,False
architectanddesign,8400000.0,2,28800000.0,3.592857142857143,1.0,0.0,0.0,0.0,media_publication,architecture;pool,2024-08-19,10951.760104302477,0,False,0.552,0.881,0.985,0.944,0.318,0.238,0.172,0.065,0.036,0.4843,114,False
havello3,360000.0,2,893500.0,2.4819444444444447,1.0,1.0,0.0,1.0,theme_page,room_generic;luxury_room,,,0,False,0.464,0.881,0.628,0.0,0.318,0.793,0.701,0.065,0.19,0.4806,115,False
anas_meqdadi,102000.0,3,345000.0,3.3823529411764706,0.6666666666666666,0.0,1.0,0.6666666666666666,real_estate,location;luxury_home,,,0,False,0.54,0.644,0.383,0.0,0.718,0.238,0.525,0.753,0.655,0.4787,116,False
calm_neststudio,156000.0,3,172000.0,0.6419871794871795,0.6666666666666666,1.0,1.0,0.3333333333333333,theme_page,cozy_ambience,2025-11-28,518.2724252491695,0,True,0.207,0.644,0.218,0.371,0.718,0.793,0.379,0.753,0.19,0.4782,117,False
iselin.travel,22000.0,3,893000.0,40.59090909090909,0.6666666666666666,0.0,0.3333333333333333,0.0,lifestyle_influencer,unusual_home;fantasy_dream;future_arch,,,0,False,0.897,0.644,0.625,0.0,0.718,0.238,0.172,0.146,0.655,0.4782,118,True
caropeony,507000.0,2,2006500.0,3.9575936883629192,0.5,0.0,1.0,1.0,lifestyle_influencer,cozy_ambience,,,0,False,0.575,0.397,0.778,0.0,0.318,0.238,0.701,0.753,0.655,0.478,119,False
sagrace_designs,14000.0,2,211500.0,15.107142857142858,0.0,0.5,1.0,1.0,designer_studio,style,,,0,False,0.797,0.073,0.241,0.0,0.318,0.51,0.701,0.753,0.655,0.4772,120,True
gmjinterior,801000.0,2,291000.0,0.36329588014981273,1.0,1.0,1.0,1.0,designer_studio,luxury_room,,,0,False,0.134,0.881,0.312,0.0,0.318,0.793,0.701,0.753,0.655,0.4751,121,False
ihsansamhoun.interiors,169000.0,4,333000.0,1.9821428571428572,0.25,1.0,0.5,1.0,theme_page,luxury_room;luxury_home,2024-10-17,238.70056497175142,1,True,0.406,0.157,0.345,0.146,0.854,0.793,0.877,0.274,0.19,0.475,122,False
myjhouse_cn,314000.0,2,1304000.0,4.1528662420382165,0.5,0.0,1.0,1.0,brand_manufacturer,unusual_home,,,0,False,0.594,0.397,0.705,0.0,0.318,0.238,0.701,0.753,0.655,0.4745,123,False
seaglassbeachhouse,44000.0,2,735500.0,16.71590909090909,1.0,0.0,1.0,0.0,other,unusual_home,,,0,False,0.816,0.881,0.594,0.0,0.318,0.238,0.172,0.753,0.036,0.4725,124,True
tarekalkhattab,166000.0,2,278500.0,1.677710843373494,0.5,1.0,1.0,1.0,designer_studio,luxury_room,,,0,False,0.368,0.397,0.299,0.0,0.318,0.793,0.701,0.753,0.655,0.472,125,False
archia.design,152000.0,2,1059000.0,6.967105263157896,0.5,1.0,0.5,0.0,designer_studio,luxury_home,,,0,False,0.686,0.397,0.67,0.0,0.318,0.793,0.172,0.274,0.655,0.472,126,True
ayeshadeary5,16500.0,4,368000.0,22.581439393939394,0.25,1.0,0.25,0.0,theme_page,luxury_room,2024-07-29,20.939086294416242,0,False,0.851,0.157,0.393,0.022,0.854,0.793,0.172,0.13,0.19,0.4715,127,True
ariffathulhakim,1000000.0,2,8848000.0,8.847999999999999,0.5,0.0,1.0,0.0,lifestyle_influencer,cozy_ambience;unusual_home,,,0,False,0.713,0.397,0.95,0.0,0.318,0.238,0.172,0.753,0.655,0.4699,128,True
neutral_homebody,543000.0,2,863500.0,1.5902394106813997,1.0,0.0,1.0,1.0,lifestyle_influencer,style,,,0,False,0.364,0.881,0.613,0.0,0.318,0.238,0.701,0.753,0.655,0.4678,129,False
pamelita_decor,28000.0,2,692950.0,24.748214285714287,0.5,0.0,0.5,1.0,lifestyle_influencer,decor_commerce,,,0,False,0.862,0.397,0.579,0.0,0.318,0.238,0.701,0.274,0.655,0.4676,130,True
luxhilspace,71000.0,3,87700.0,1.2352112676056337,0.3333333333333333,0.6666666666666666,1.0,1.0,designer_studio,style,2026-05-15,533.8345864661654,0,True,0.322,0.184,0.148,0.382,0.718,0.546,0.701,0.753,0.655,0.4676,131,False
nouxri,120000.0,3,452000.0,3.7666666666666666,0.6666666666666666,0.0,0.6666666666666666,0.3333333333333333,lifestyle_influencer,location;pool,2025-11-10,376.1755485893417,0,False,0.563,0.644,0.452,0.258,0.718,0.238,0.379,0.412,0.655,0.4674,132,False
interiorbydnd,18000.0,2,551500.0,30.638888888888886,0.5,0.0,0.5,1.0,lifestyle_influencer,style,,,0,False,0.885,0.397,0.51,0.0,0.318,0.238,0.701,0.274,0.655,0.4653,133,True
la_barbed,132000.0,2,650000.0,4.924242424242425,0.5,1.0,1.0,0.0,other,style,,,0,False,0.621,0.397,0.554,0.0,0.318,0.793,0.172,0.753,0.036,0.4643,134,False
bic_trading,14000.0,2,973950.0,69.56785714285715,1.0,0.0,0.5,0.0,theme_page,luxury_home;future_arch,,,0,False,0.946,0.881,0.651,0.0,0.318,0.238,0.172,0.274,0.19,0.4641,135,True
vkuoo,92000.0,4,227500.0,2.4728260869565215,0.5,1.0,0.5,0.0,ai_creator,ai;future_arch,2026-01-23,375.51020408163265,0,False,0.46,0.397,0.257,0.247,0.854,0.793,0.172,0.274,0.655,0.4638,136,False
dream_homeworld,4000.0,2,78500.0,19.625,0.0,1.0,1.0,0.0,ai_creator,cozy_ambience;ai,,,0,False,0.828,0.073,0.123,0.0,0.318,0.793,0.172,0.753,0.655,0.4611,137,True
archstudent.marteen,51000.0,2,18850000.0,369.6078431372549,0.5,0.0,0.0,0.0,lifestyle_influencer,architecture,,,0,False,0.996,0.397,0.977,0.0,0.318,0.238,0.172,0.065,0.655,0.4605,138,True
styltechinterior_official,201000.0,5,405000.0,2.014925373134328,0.4,0.0,0.0,1.0,designer_studio,room_generic;luxury_room;hotel_resort,2026-01-15,794.4664031620554,2,True,0.418,0.209,0.429,0.494,0.927,0.238,0.939,0.065,0.655,0.4583,139,False
joinfirstchair,96000.0,2,104000.0,1.0833333333333335,1.0,1.0,1.0,1.0,other,style,,,0,False,0.28,0.881,0.161,0.0,0.318,0.793,0.701,0.753,0.036,0.4581,140,False
nemoza_interiors,96000.0,2,403900.0,4.207291666666667,0.5,1.0,0.5,0.5,designer_studio,luxury_room;style,,,0,False,0.598,0.397,0.425,0.0,0.318,0.793,0.452,0.274,0.655,0.4579,141,False
luxoraify,29000.0,3,267000.0,9.206896551724139,0.0,1.0,0.0,1.0,theme_page,luxury_room;hotel_resort;room_generic,,,0,False,0.724,0.073,0.287,0.0,0.718,0.793,0.701,0.065,0.19,0.4578,142,True
kerala_architectures,239000.0,2,3647000.0,15.26287753595162,1.0,0.0,0.5,0.0,theme_page,architecture,,,0,False,0.801,0.881,0.87,0.0,0.318,0.238,0.172,0.274,0.19,0.4568,143,True
royashabboui,191000.0,3,593000.0,3.1047120418848166,0.6666666666666666,0.0,0.6666666666666666,0.6666666666666666,real_estate,luxury_home;location,,,0,False,0.513,0.644,0.527,0.0,0.718,0.238,0.525,0.412,0.655,0.4536,144,False
realtordenisbibik,91000.0,4,260500.0,2.8626373626373627,0.75,0.0,0.75,0.5,real_estate,luxury_room;luxury_home;pool,2025-05-26,186.8583162217659,0,False,0.498,0.713,0.28,0.101,0.854,0.238,0.452,0.454,0.655,0.4534,145,False
proud_and_property,50000.0,2,7188500.0,143.77,0.5,0.0,0.0,0.0,real_estate,luxury_home,,,0,False,0.981,0.397,0.931,0.0,0.318,0.238,0.172,0.065,0.655,0.4529,146,True
pride_and__property,1000000.0,2,3100000.0,3.1,1.0,0.0,0.0,1.0,real_estate,luxury_room,,,0,False,0.51,0.881,0.854,0.0,0.318,0.238,0.701,0.065,0.655,0.4523,147,False
capsulecastle004,246000.0,2,2865900.0,11.65026381284221,0.5,0.0,0.0,1.0,brand_manufacturer,fantasy_dream,,,0,False,0.759,0.397,0.835,0.0,0.318,0.238,0.701,0.065,0.655,0.4517,148,True
byreginamalina,55000.0,2,1178000.0,21.418181818181818,0.5,0.0,0.5,0.5,lifestyle_influencer,style,,,0,False,0.843,0.397,0.69,0.0,0.318,0.238,0.452,0.274,0.655,0.45,149,True
butnomatter.theroadislife,969000.0,2,2250000.0,2.321981424148607,1.0,0.0,1.0,0.0,lifestyle_influencer,location,,,0,False,0.444,0.881,0.801,0.0,0.318,0.238,0.172,0.753,0.655,0.4498,150,False
cozycabinlife1,13000.0,2,314500.0,24.192307692307693,0.5,1.0,0.5,0.0,theme_page,ai,,,0,False,0.854,0.397,0.337,0.0,0.318,0.793,0.172,0.274,0.19,0.4491,151,True
travel_withben,590000.0,3,873000.0,1.4796610169491526,0.6666666666666666,0.0,0.6666666666666666,1.0,lifestyle_influencer,location,,,0,False,0.349,0.644,0.621,0.0,0.718,0.238,0.701,0.412,0.655,0.4477,152,False
theacedesignco,169000.0,3,181000.0,1.0710059171597632,0.6666666666666666,0.3333333333333333,1.0,0.6666666666666666,designer_studio,style;interior_generic,,,0,False,0.272,0.644,0.222,0.0,0.718,0.481,0.525,0.753,0.655,0.4455,153,False
kainos_architecture,5000.0,2,58952.0,11.7904,0.0,1.0,1.0,0.0,designer_studio,architecture;future_arch,,,0,False,0.762,0.073,0.096,0.0,0.318,0.793,0.172,0.753,0.655,0.4454,154,True
foxterradesign,2000000.0,3,954000.0,0.477,0.6666666666666666,0.0,1.0,1.0,contractor_trade,garden_outdoor;pool,,,0,False,0.153,0.644,0.648,0.0,0.718,0.238,0.701,0.753,0.655,0.4454,155,False
the.tnk.loft,237000.0,2,493000.0,2.080168776371308,1.0,0.0,1.0,0.5,lifestyle_influencer,style,,,0,False,0.429,0.881,0.471,0.0,0.318,0.238,0.452,0.753,0.655,0.4418,156,False
baliinteriordesign,64000.0,2,184700.0,2.8859375,0.5,1.0,1.0,0.0,designer_studio,style,,,0,False,0.502,0.397,0.226,0.0,0.318,0.793,0.172,0.753,0.655,0.4387,157,False
dwanderess,399000.0,2,2074000.0,5.197994987468672,0.5,0.0,1.0,0.0,lifestyle_influencer,location,,,0,False,0.632,0.397,0.789,0.0,0.318,0.238,0.172,0.753,0.655,0.4377,158,True
mike.tokyohousing,89000.0,2,805500.0,9.05056179775281,1.0,0.0,0.5,0.0,real_estate,location,,,0,False,0.716,0.881,0.609,0.0,0.318,0.238,0.172,0.274,0.655,0.4372,159,True
ioscapes,117000.0,2,283000.0,2.4188034188034186,1.0,1.0,0.5,0.0,ai_creator,future_arch;ai,,,0,False,0.452,0.881,0.303,0.0,0.318,0.793,0.172,0.274,0.655,0.437,160,False
modernistgarage,38000.0,2,203050.0,5.343421052631579,0.5,0.0,1.0,1.0,lifestyle_influencer,style,,,0,False,0.64,0.397,0.238,0.0,0.318,0.238,0.701,0.753,0.655,0.437,161,True
scottsdaledesignservices,177000.0,2,538900.0,3.044632768361582,0.5,0.0,1.0,1.0,designer_studio,style,,,0,False,0.506,0.397,0.494,0.0,0.318,0.238,0.701,0.753,0.655,0.4358,162,False
purehotelbyhollywood,10000.0,2,802997.0,80.2997,0.5,0.0,0.5,0.5,other,hotel_resort,,,0,False,0.958,0.397,0.605,0.0,0.318,0.238,0.452,0.274,0.036,0.4336,163,True
pahome_official,440000.0,2,2748300.0,6.246136363636364,0.5,0.0,0.0,1.0,brand_manufacturer,luxury_room,,,0,False,0.667,0.397,0.831,0.0,0.318,0.238,0.701,0.065,0.655,0.433,164,True
luxuriatetouche,4000000.0,2,5900000.0,1.4749999999999999,1.0,1.0,0.0,0.0,theme_page,luxury_home;fantasy_dream,,,0,False,0.345,0.881,0.92,0.0,0.318,0.793,0.172,0.065,0.19,0.433,165,False
homedecorbymusfira,54000.0,2,470000.0,8.703703703703704,0.0,1.0,0.0,1.0,theme_page,luxury_room,,,0,False,0.709,0.073,0.464,0.0,0.318,0.793,0.701,0.065,0.19,0.4323,166,True
islandgal_5homedecor,497000.0,3,1000000.0,2.0161290322580645,0.6666666666666666,0.0,0.0,1.0,lifestyle_influencer,garden_outdoor;room_generic;interior_generic,,,0,False,0.421,0.644,0.657,0.0,0.718,0.238,0.701,0.065,0.655,0.4312,167,False
antt,57000.0,2,1428500.0,25.06140350877193,0.5,0.0,0.0,1.0,other,luxury_home,,,0,False,0.866,0.397,0.72,0.0,0.318,0.238,0.701,0.065,0.036,0.4307,168,True
toptravelplaces_,315000.0,2,2313850.0,7.345555555555555,0.5,0.0,1.0,0.0,theme_page,hotel_resort,,,0,False,0.693,0.397,0.812,0.0,0.318,0.238,0.172,0.753,0.19,0.429,169,True
home_designfr,83000.0,2,291000.0,3.5060240963855422,0.5,0.0,1.0,1.0,lifestyle_influencer,style;room_generic,,,0,False,0.548,0.397,0.312,0.0,0.318,0.238,0.701,0.753,0.655,0.4261,170,False
briarandlinen,21000.0,2,76989.0,3.666142857142857,0.5,0.5,1.0,1.0,theme_page,style;luxury_room,,,0,False,0.559,0.397,0.115,0.0,0.318,0.51,0.701,0.753,0.19,0.4261,171,False
richbynature09,39000.0,3,370000.0,9.487179487179487,0.6666666666666666,0.0,0.6666666666666666,0.0,theme_page,interior_generic,,,0,False,0.728,0.644,0.398,0.0,0.718,0.238,0.172,0.412,0.19,0.4252,172,True
hakatayaken,110000.0,3,649000.0,5.9,0.6666666666666666,0.0,0.3333333333333333,0.0,lifestyle_influencer,location,,,0,False,0.663,0.644,0.548,0.0,0.718,0.238,0.172,0.146,0.655,0.4238,173,True
luxxeinteriors,142000.0,2,241700.0,1.702112676056338,0.5,1.0,0.5,1.0,designer_studio,luxury_home,,,0,False,0.372,0.397,0.268,0.0,0.318,0.793,0.701,0.274,0.655,0.4218,174,False
thetenderline,11000.0,2,116550.0,10.595454545454546,0.0,0.0,1.0,1.0,brand_manufacturer,style,,,0,False,0.751,0.073,0.18,0.0,0.318,0.238,0.701,0.753,0.655,0.4211,175,True
dhrh_construction,125000.0,2,128600.0,1.0288,1.0,0.5,1.0,0.5,contractor_trade,unusual_home;luxury_home,,,0,False,0.264,0.881,0.184,0.0,0.318,0.51,0.452,0.753,0.655,0.4209,176,False
vacations,7000000.0,4,669500.0,0.09564285714285714,1.0,0.0,0.5,0.0,theme_page,hotel_resort;location,2020-09-02,3161.698283649503,0,False,0.069,0.881,0.563,0.865,0.854,0.238,0.172,0.274,0.19,0.4199,177,False
theluxuryhomeshow,2000000.0,9,202000.0,0.101,0.4444444444444444,0.0,0.8888888888888888,0.2222222222222222,media_publication,luxury_home;location;style,2024-10-02,2766.2517289073307,1,True,0.08,0.218,0.234,0.854,0.989,0.238,0.851,0.502,0.036,0.4182,178,False
tarakanovadesign,347000.0,2,1760500.0,5.073487031700289,0.5,0.0,0.0,1.0,designer_studio,style;interior_generic,,,0,False,0.628,0.397,0.755,0.0,0.318,0.238,0.701,0.065,0.655,0.4176,179,True
ant.archviz,214000.0,2,301500.0,1.4088785046728973,0.5,1.0,1.0,0.0,designer_studio,ai,,,0,False,0.337,0.397,0.326,0.0,0.318,0.793,0.172,0.753,0.655,0.4157,180,False
inakiencasas,238000.0,2,2400000.0,10.084033613445378,0.5,0.0,0.5,0.0,real_estate,unusual_home;location,,,0,False,0.739,0.397,0.82,0.0,0.318,0.238,0.172,0.274,0.655,0.4144,181,True
fortune.sketches,791000.0,2,1926000.0,2.4348925410872315,0.5,1.0,0.5,0.0,theme_page,unusual_home;future_arch,,,0,False,0.456,0.397,0.77,0.0,0.318,0.793,0.172,0.274,0.19,0.4127,182,False
theroomedit007,13000.0,2,30207.0,2.3236153846153846,0.5,1.0,1.0,0.0,ai_creator,style;unusual_home,,,0,False,0.448,0.397,0.065,0.0,0.318,0.793,0.172,0.753,0.655,0.4119,183,False
cyborg.digitalart,967000.0,2,1096000.0,1.1334022750775594,0.0,1.0,1.0,0.0,ai_creator,ai,,,0,False,0.291,0.073,0.678,0.0,0.318,0.793,0.172,0.753,0.655,0.4094,184,False
ringchen.furniture,144000.0,2,597000.0,4.145833333333334,0.5,0.0,0.5,1.0,brand_manufacturer,interior_generic,,,0,False,0.59,0.397,0.533,0.0,0.318,0.238,0.701,0.274,0.655,0.4086,185,False
nesthome.03,39000.0,3,102000.0,2.6153846153846154,0.3333333333333333,1.0,0.6666666666666666,0.0,theme_page,cozy_ambience,2026-04-30,263.5135135135135,0,True,0.475,0.184,0.157,0.18,0.718,0.793,0.172,0.412,0.19,0.4058,186,False
helenjzhao,55000.0,2,1603500.0,29.154545454545456,0.5,0.0,0.5,0.0,other,location,,,0,False,0.881,0.397,0.747,0.0,0.318,0.238,0.172,0.274,0.036,0.4045,187,True
barnesrealty,391000.0,2,399500.0,1.0217391304347827,1.0,0.0,1.0,0.5,real_estate,location,,,0,False,0.261,0.881,0.418,0.0,0.318,0.238,0.452,0.753,0.655,0.4027,188,False
interior_home_design1,688000.0,8,27500.0,0.03997093023255814,0.375,1.0,0.875,0.125,theme_page,ai;future_arch;unusual_home,2024-11-11,1007.3206442166911,0,False,0.011,0.199,0.057,0.629,0.989,0.793,0.345,0.496,0.19,0.4023,189,False
earth_esence,11000.0,2,34300.0,3.118181818181818,0.0,1.0,0.5,1.0,ai_creator,unusual_home,,,0,False,0.517,0.073,0.077,0.0,0.318,0.793,0.701,0.274,0.655,0.3994,190,False
interioralchemyhq,6000.0,3,7208.0,1.2013333333333334,0.0,0.5,1.0,1.0,designer_studio,style;luxury_room,,,0,False,0.31,0.073,0.011,0.0,0.718,0.51,0.701,0.753,0.655,0.3969,191,False
ibuilddevelopers,601000.0,4,312500.0,0.5199667221297837,0.25,0.0,0.0,1.0,contractor_trade,luxury_room;luxury_home,2026-01-24,2463.1147540983607,0,False,0.176,0.157,0.333,0.82,0.854,0.238,0.701,0.065,0.655,0.3968,192,False
remodel_design_,77000.0,3,73700.0,0.9571428571428572,0.0,1.0,1.0,0.6666666666666666,theme_page,future_arch;fantasy_dream;luxury_room,,,0,False,0.253,0.073,0.107,0.0,0.718,0.793,0.525,0.753,0.19,0.3966,193,False
andreaday_travel,38000.0,2,245950.0,6.472368421052631,0.5,0.0,1.0,0.0,lifestyle_influencer,hotel_resort,,,0,False,0.678,0.397,0.272,0.0,0.318,0.238,0.172,0.753,0.655,0.3952,194,True
deirdres_design,1000000.0,4,26650.0,0.02665,0.0,0.75,0.5,0.75,theme_page,luxury_room;style,2025-02-09,1686.3406408094436,3,True,0.004,0.073,0.05,0.775,0.854,0.563,0.969,0.274,0.19,0.3943,195,False
_.decor_and_more._,227000.0,2,343000.0,1.5110132158590308,0.5,0.0,1.0,1.0,designer_studio,luxury_room,,,0,False,0.356,0.397,0.372,0.0,0.318,0.238,0.701,0.753,0.655,0.3937,196,False
luxuryhouseview,389000.0,10,158000.0,0.40616966580976865,0.4,0.8,0.3,0.7,theme_page,future_arch;luxury_home;interior_generic,2025-09-01,1000.0,0,True,0.142,0.209,0.215,0.607,0.989,0.571,0.548,0.134,0.19,0.3935,197,False
balamoda,410000.0,2,506000.0,1.2341463414634146,1.0,0.0,1.0,0.0,lifestyle_influencer,luxury_home;location,,,0,False,0.318,0.881,0.485,0.0,0.318,0.238,0.172,0.753,0.655,0.3929,198,False
ai.perfect.world,14000.0,3,3447.0,0.24621428571428572,0.0,1.0,0.6666666666666666,0.0,ai_creator,location;ai;unusual_home,2024-08-19,18.252933507170795,3,True,0.119,0.073,0.008,0.011,0.718,0.793,0.939,0.412,0.655,0.3915,199,False
takemyhearteverywhere,1000000.0,3,409000.0,0.409,0.6666666666666666,0.0,1.0,0.3333333333333333,lifestyle_influencer,location;pool,,,0,False,0.146,0.644,0.433,0.0,0.718,0.238,0.379,0.753,0.655,0.3902,200,False
estudiolfarq,651000.0,2,342000.0,0.5253456221198156,0.5,1.0,1.0,0.0,designer_studio,luxury_home,,,0,False,0.18,0.397,0.36,0.0,0.318,0.793,0.172,0.753,0.655,0.3877,201,False
kaiboet,368000.0,2,413000.0,1.1222826086956523,0.5,0.0,1.0,1.0,lifestyle_influencer,style,,,0,False,0.287,0.397,0.437,0.0,0.318,0.238,0.701,0.753,0.655,0.3864,202,False
navafamilytx,794000.0,2,1539500.0,1.9389168765743072,1.0,0.0,0.5,0.0,lifestyle_influencer,luxury_home,,,0,False,0.398,0.881,0.736,0.0,0.318,0.238,0.172,0.274,0.655,0.3862,203,False
cozyzen.ai,498000.0,3,27000.0,0.05421686746987952,0.3333333333333333,1.0,0.0,0.6666666666666666,ai_creator,ai,2024-08-05,637.6440460947504,1,True,0.023,0.184,0.054,0.416,0.718,0.793,0.862,0.065,0.655,0.3862,204,False
wolferizorinteriors,20000.0,2,113934.0,5.6967,0.5,0.0,0.5,1.0,designer_studio,luxury_home;luxury_room,,,0,False,0.655,0.397,0.172,0.0,0.318,0.238,0.701,0.274,0.655,0.3856,205,True
mojisstyle,778000.0,2,636500.0,0.8181233933161953,0.5,0.0,1.0,1.0,lifestyle_influencer,room_generic;interior_generic,,,0,False,0.23,0.397,0.54,0.0,0.318,0.238,0.701,0.753,0.655,0.3852,206,False
flexicube.pl,227000.0,2,588600.0,2.5929515418502205,0.5,0.0,0.5,1.0,brand_manufacturer,unusual_home,,,0,False,0.471,0.397,0.521,0.0,0.318,0.238,0.701,0.274,0.655,0.3837,207,False
herjoliejourney,88000.0,2,342850.0,3.8960227272727272,0.5,0.0,1.0,0.0,lifestyle_influencer,hotel_resort;location,,,0,False,0.571,0.397,0.364,0.0,0.318,0.238,0.172,0.753,0.655,0.383,208,False
lifeofblahhh,58000.0,2,87700.0,1.5120689655172415,0.5,1.0,0.5,0.5,designer_studio,style,,,0,False,0.36,0.397,0.148,0.0,0.318,0.793,0.452,0.274,0.655,0.3826,209,False
cozynomadstudio,57000.0,2,153050.0,2.6850877192982456,0.0,1.0,0.5,0.5,ai_creator,ai;unusual_home,,,0,False,0.487,0.073,0.203,0.0,0.318,0.793,0.452,0.274,0.655,0.381,210,False
house_of_reservations,210000.0,2,1007500.0,4.7976190476190474,0.5,0.0,0.5,0.5,theme_page,style;luxury_home,,,0,False,0.617,0.397,0.667,0.0,0.318,0.238,0.452,0.274,0.19,0.3792,211,False
rvnxii_,21000.0,2,1769950.0,84.28333333333333,0.0,0.0,0.0,0.0,theme_page,location,,,0,False,0.962,0.073,0.759,0.0,0.318,0.238,0.172,0.065,0.19,0.3761,212,True
tinylivingdesignsi,298000.0,2,375650.0,1.2605704697986577,0.5,1.0,0.5,0.0,ai_creator,pool,,,0,False,0.326,0.397,0.402,0.0,0.318,0.793,0.172,0.274,0.655,0.3732,213,False
little_dreamy_mist,8000.0,2,25900.0,3.2375,0.0,1.0,0.5,0.5,ai_creator,cozy_ambience;ai,,,0,False,0.525,0.073,0.046,0.0,0.318,0.793,0.452,0.274,0.655,0.373,214,False
thehouserealty,265000.0,4,100450.0,0.3790566037735849,0.25,0.25,0.75,0.25,real_estate,location;luxury_home,2025-07-20,613.425925925926,0,False,0.138,0.157,0.153,0.404,0.854,0.475,0.36,0.454,0.655,0.37,215,False
kohlectcabins,434000.0,2,11935300.0,0.16267281105990783,0.5,0.5,1.0,0.0,theme_page,cozy_ambience;unusual_home,,,0,False,0.1,0.397,0.966,0.0,0.318,0.51,0.172,0.753,0.19,0.3664,216,False
nestseekersdubai,189000.0,4,142150.0,0.7521164021164021,0.25,0.0,0.75,1.0,real_estate,location;luxury_home,2024-09-28,259.97248968363135,0,False,0.226,0.157,0.192,0.169,0.854,0.238,0.701,0.454,0.655,0.3663,217,False
dunlaphollowcabins,410000.0,2,711500.0,1.7353658536585366,0.5,0.0,1.0,0.5,other,unusual_home,,,0,False,0.375,0.397,0.59,0.0,0.318,0.238,0.452,0.753,0.036,0.3635,218,False
cozy_winter_homes,27000.0,2,59600.0,2.2074074074074073,0.0,1.0,1.0,0.0,theme_page,cozy_ambience,,,0,False,0.437,0.073,0.1,0.0,0.318,0.793,0.172,0.753,0.19,0.3574,219,False
jameseditioncom,167000.0,2,343691.5,2.0580329341317367,0.5,0.0,1.0,0.0,real_estate,luxury_home,,,0,False,0.425,0.397,0.379,0.0,0.318,0.238,0.172,0.753,0.655,0.3554,220,False
volcanicbuildx,18000.0,2,74500.0,4.138888888888889,0.0,1.0,0.0,0.0,ai_creator,ai;unusual_home,,,0,False,0.586,0.073,0.111,0.0,0.318,0.793,0.172,0.065,0.655,0.3429,221,False
zachariemaille_,546000.0,2,593000.0,1.0891779788838611,0.5,0.0,1.0,0.0,real_estate,location,,,0,False,0.284,0.397,0.527,0.0,0.318,0.238,0.172,0.753,0.655,0.3418,222,False
mybeautifulblisshome,109000.0,2,297500.0,2.729357798165138,0.0,0.0,0.5,1.0,lifestyle_influencer,interior_generic;luxury_room,,,0,False,0.49,0.073,0.318,0.0,0.318,0.238,0.701,0.274,0.655,0.3349,223,False
relaxinoffgrid,1000000.0,3,79100.0,0.0791,0.3333333333333333,1.0,0.6666666666666666,0.6666666666666666,theme_page,cozy_ambience;unusual_home,,,0,False,0.046,0.184,0.126,0.0,0.718,0.793,0.525,0.412,0.19,0.3342,224,False
westmod,575000.0,2,697650.0,1.213304347826087,0.5,0.0,0.5,0.5,designer_studio,pool;garden_outdoor,,,0,False,0.314,0.397,0.582,0.0,0.318,0.238,0.452,0.274,0.655,0.3335,225,False
homeaiapp,617000.0,2,79600.0,0.12901134521880064,0.5,1.0,0.5,0.5,ai_creator,style;unusual_home,,,0,False,0.088,0.397,0.13,0.0,0.318,0.793,0.452,0.274,0.655,0.3264,226,False
andreavetrano,1000000.0,2,157000.0,0.157,0.5,0.0,1.0,1.0,lifestyle_influencer,hotel_resort,,,0,False,0.096,0.397,0.211,0.0,0.318,0.238,0.701,0.753,0.655,0.3255,227,False
fancyhomeai,26000.0,2,13100.0,0.5038461538461538,0.0,1.0,1.0,0.0,ai_creator,style;unusual_home,,,0,False,0.172,0.073,0.019,0.0,0.318,0.793,0.172,0.753,0.655,0.3197,228,False
kuchecucina,93000.0,2,108400.0,1.1655913978494623,0.5,0.0,0.5,1.0,brand_manufacturer,room_generic;luxury_room,,,0,False,0.307,0.397,0.165,0.0,0.318,0.238,0.701,0.274,0.655,0.3151,229,False
step_designfirm,13000.0,2,17518.0,1.3475384615384616,0.0,0.5,0.5,1.0,designer_studio,luxury_room;hotel_resort,,,0,False,0.33,0.073,0.027,0.0,0.318,0.51,0.701,0.274,0.655,0.3144,230,False
luxlocators,44000.0,2,144150.0,3.276136363636364,0.5,0.0,0.5,0.0,real_estate,luxury_home,,,0,False,0.536,0.397,0.195,0.0,0.318,0.238,0.172,0.274,0.655,0.3113,231,False
lifetime_interior_design,294000.0,2,32550.0,0.11071428571428571,0.0,1.0,1.0,0.0,ai_creator,luxury_room;luxury_home,,,0,False,0.084,0.073,0.073,0.0,0.318,0.793,0.172,0.753,0.655,0.3075,232,False
yourfantasyhomes,23000.0,3,24800.0,1.0782608695652174,0.3333333333333333,1.0,0.0,0.0,theme_page,future_arch,2024-04-15,25.755879059350505,0,True,0.276,0.184,0.042,0.034,0.718,0.793,0.172,0.065,0.19,0.3052,233,False
dutch_belgium_gardens,213000.0,2,396500.0,1.8615023474178403,0.0,0.0,1.0,0.0,theme_page,garden_outdoor,,,0,False,0.387,0.073,0.414,0.0,0.318,0.238,0.172,0.753,0.19,0.2955,234,False
perfect_decorss,83000.0,3,20100.0,0.2421686746987952,0.0,1.0,0.0,0.6666666666666666,theme_page,luxury_room;fantasy_dream,,,0,False,0.115,0.073,0.031,0.0,0.718,0.793,0.525,0.065,0.19,0.2926,235,False
sapphireluxuryhomes,89000.0,3,85900.0,0.9651685393258427,0.0,0.0,0.6666666666666666,0.3333333333333333,contractor_trade,luxury_home;luxury_room,,,0,False,0.257,0.073,0.142,0.0,0.718,0.238,0.379,0.412,0.655,0.2921,236,False
itsmesohaib,352000.0,2,301000.0,0.8551136363636365,1.0,0.0,0.0,0.0,lifestyle_influencer,location,,,0,False,0.234,0.881,0.322,0.0,0.318,0.238,0.172,0.065,0.655,0.291,237,False
trillionaireestates,362000.0,3,80700.0,0.2229281767955801,0.0,0.3333333333333333,1.0,0.0,theme_page,location;future_arch,,,0,False,0.107,0.073,0.134,0.0,0.718,0.481,0.172,0.753,0.19,0.2881,238,False
thenightfallgroup,2000000.0,2,115750.0,0.057875,0.5,0.0,1.0,0.5,real_estate,location,,,0,False,0.031,0.397,0.176,0.0,0.318,0.238,0.452,0.753,0.655,0.2841,239,False
terplanet,1000000.0,2,498500.0,0.4985,0.0,0.0,1.0,0.0,lifestyle_influencer,hotel_resort,,,0,False,0.169,0.073,0.479,0.0,0.318,0.238,0.172,0.753,0.655,0.2816,240,False
skyviewexperts,350000.0,3,28000.0,0.08,0.6666666666666666,0.0,0.6666666666666666,0.0,real_estate,pool;real_estate;ai,,,0,False,0.05,0.644,0.061,0.0,0.718,0.238,0.172,0.412,0.655,0.2791,241,False
beyondbespokevillas,109000.0,2,153150.0,1.405045871559633,0.5,0.0,0.5,0.5,other,luxury_home;hotel_resort,,,0,False,0.333,0.397,0.207,0.0,0.318,0.238,0.452,0.274,0.036,0.2689,242,False
heritageclass,1000000.0,2,304500.0,0.3045,0.5,0.0,1.0,0.0,theme_page,interior_generic,,,0,False,0.13,0.397,0.33,0.0,0.318,0.238,0.172,0.753,0.19,0.2681,243,False
shltr,1000000.0,3,55400.0,0.0554,0.0,0.6666666666666666,0.6666666666666666,0.3333333333333333,theme_page,style;pool;hotel_resort,,,0,False,0.027,0.073,0.088,0.0,0.718,0.546,0.379,0.412,0.19,0.2638,244,False
itsblankcreative,820000.0,2,360000.0,0.43902439024390244,0.5,0.0,0.5,0.5,theme_page,location;luxury_room,,,0,False,0.149,0.397,0.387,0.0,0.318,0.238,0.452,0.274,0.19,0.2578,245,False
cozyroom_10,188000.0,2,16250.0,0.08643617021276595,0.0,1.0,0.0,0.5,ai_creator,cozy_ambience;future_arch,,,0,False,0.061,0.073,0.023,0.0,0.318,0.793,0.452,0.065,0.655,0.2571,246,False
interiordesign.addicts,1000000.0,2,77900.0,0.0779,0.5,0.5,0.5,0.5,theme_page,style;ai,,,0,False,0.042,0.397,0.119,0.0,0.318,0.51,0.452,0.274,0.19,0.2503,247,False
visitibz,129000.0,2,111700.0,0.8658914728682171,0.5,0.0,0.5,0.0,real_estate,location,,,0,False,0.238,0.397,0.169,0.0,0.318,0.238,0.172,0.274,0.655,0.2489,248,False
theresortscollection,392000.0,3,58100.0,0.14821428571428572,0.3333333333333333,0.0,1.0,0.0,other,hotel_resort,,,0,False,0.092,0.184,0.092,0.0,0.718,0.238,0.172,0.753,0.036,0.2478,249,False
best_vacationrentals,877000.0,2,266750.0,0.3041619156214367,0.5,0.0,0.0,1.0,theme_page,unusual_home,,,0,False,0.126,0.397,0.284,0.0,0.318,0.238,0.701,0.065,0.19,0.2468,250,False
classyibiza,170000.0,2,49050.0,0.28852941176470587,0.5,0.0,0.5,0.5,real_estate,location,,,0,False,0.123,0.397,0.084,0.0,0.318,0.238,0.452,0.274,0.655,0.2454,251,False
nature_cozy_vibe,119000.0,2,24400.0,0.20504201680672268,0.0,1.0,0.5,0.0,theme_page,unusual_home,,,0,False,0.103,0.073,0.038,0.0,0.318,0.793,0.172,0.274,0.19,0.2367,252,False
dimension.xy,811000.0,2,68200.0,0.08409371146732429,0.0,1.0,0.5,0.0,theme_page,luxury_home,,,0,False,0.054,0.073,0.103,0.0,0.318,0.793,0.172,0.274,0.19,0.2332,253,False
themillionaires_mindset,855000.0,2,39700.0,0.0464327485380117,0.0,0.5,1.0,0.0,theme_page,luxury_home;future_arch,,,0,False,0.015,0.073,0.08,0.0,0.318,0.51,0.172,0.753,0.19,0.2286,254,False
isaacfrench_,247000.0,2,218000.0,0.882591093117409,0.0,0.0,0.5,0.0,real_estate,unusual_home,,,0,False,0.245,0.073,0.245,0.0,0.318,0.238,0.172,0.274,0.655,0.2257,255,False
mccleandesign,332000.0,2,32250.0,0.09713855421686747,0.0,0.0,1.0,0.0,designer_studio,location,,,0,False,0.077,0.073,0.069,0.0,0.318,0.238,0.172,0.753,0.655,0.2222,256,False
parametric.architecture,2000000.0,2,147500.0,0.07375,0.5,0.5,0.5,0.0,media_publication,fantasy_dream;ai,,,0,False,0.038,0.397,0.199,0.0,0.318,0.51,0.172,0.274,0.036,0.2219,257,False
amazinghotel.s,551000.0,2,343000.0,0.6225045372050817,0.5,0.0,0.0,0.0,theme_page,location;hotel_resort,,,0,False,0.203,0.397,0.372,0.0,0.318,0.238,0.172,0.065,0.19,0.2181,258,False
mipropertiespk,24000.0,2,11613.5,0.4838958333333333,0.0,0.0,0.0,1.0,real_estate,room_generic;luxury_room,,,0,False,0.157,0.073,0.015,0.0,0.318,0.238,0.701,0.065,0.655,0.217,259,False
swisschaletca,46000.0,2,3287.0,0.07145652173913043,0.0,0.0,1.0,0.0,brand_manufacturer,location,,,0,False,0.034,0.073,0.004,0.0,0.318,0.238,0.172,0.753,0.655,0.2073,260,False
millionaire_homes,421000.0,2,21100.0,0.0501187648456057,0.0,0.0,0.0,0.0,theme_page,luxury_home,,,0,False,0.019,0.073,0.034,0.0,0.318,0.238,0.172,0.065,0.19,0.1152,261,False
