channel,video_id,title,views,list,ch_index,hooks
Isla | Interior Designer,cFq4zgr5fQk,Used RenoMuse app and turned my room into Blanket Fort 😭,5500000,popular,14.705882352941176,['transformation']
Isla | Interior Designer,9KYhovFAwzs,my landlord said NO to changes... so I showed him AI 😈,2900000,popular,7.754010695187166,['fantasy_ai']
Isla | Interior Designer,EOS4L0nfIGA,RenoMuse app is insane... turned my room into a ball pit and hot tub 😂,2600000,popular,6.951871657754011,"['curiosity', 'transformation']"
Isla | Interior Designer,1qRFnQC3d1A,I used RenoMuse app and got 6 designs,2200000,popular,5.882352941176471,['descriptive']
Isla | Interior Designer,dB4n8No0KvI,I showed my bf what AI could do to our living room 😂,2000000,popular,5.347593582887701,['fantasy_ai']
Isla | Interior Designer,vpEnVCaMH-w,RenoMuse app made my boring room look like a luxury hotel,1700000,popular,4.545454545454546,['money_status']
Isla | Interior Designer,jEYQWhWT7s8,RenoMuse app turned my room into a Bowling Alley and Cats Lounge 😭,1700000,popular,4.545454545454546,['transformation']
Isla | Interior Designer,R7W6Y6yRi3g,RenoMuse app is insane for room design,1100000,popular,2.9411764705882355,['curiosity']
Isla | Interior Designer,GlV134_vI4I,I used RenoMuse app and showed my bf what AI could do 😂,1000000,popular,2.6737967914438503,['fantasy_ai']
Isla | Interior Designer,1choP6SAYUc,I used RenoMuse app and now my room has a pool AND a barn 😂,1000000,popular,2.6737967914438503,['descriptive']
Isla | Interior Designer,7jNHaFFEd5A,Weekend project: transform this boring corner using AI ✨ Which design should I pick? #diyhome #inter,987000,popular,2.6390374331550803,"['question', 'choice', 'transformation', 'fantasy_ai']"
Isla | Interior Designer,Jm8F9DsFrbE,I used RenoMuse app and got 7 completely different room designs,968000,popular,2.588235294117647,['descriptive']
Isla | Interior Designer,DU57iaZDNn0,RenoMuse app is crazy... my landlord said NO so I showed him AI 😈,935000,popular,2.5,"['curiosity', 'fantasy_ai']"
Isla | Interior Designer,XDM7mvt__dU,I can't believe this is the same space 😳 AI transformation,934000,popular,2.4973262032085564,"['transformation', 'fantasy_ai']"
Isla | Interior Designer,Fof9Y1WdE6M,"RenoMuse app built a Blanket Fort, Bowling alley and Zen room in seconds",919000,both,2.4572192513368982,['transformation']
Isla | Interior Designer,kZYHMXbwNsA,RenoMuse app is insane 😱 6 years of no then AI happened,802000,popular,2.144385026737968,"['curiosity', 'fantasy_ai']"
Isla | Interior Designer,Pf1oTNHWLec,I used RenoMuse app and my jaw dropped 😭,750000,popular,2.0053475935828877,['descriptive']
Isla | Interior Designer,WTAwYyQsC-o,RenoMuse app changed how I see my home 🏠,715000,popular,1.911764705882353,['descriptive']
Isla | Interior Designer,Rurcv4RsXZ4,RenoMuse: This AI app transformed my room 🤯,676000,popular,1.8074866310160427,"['curiosity', 'transformation', 'fantasy_ai']"
Isla | Interior Designer,z533G6Ih1Bo,RenoMuse app is crazy... look at these designs,645000,popular,1.7245989304812834,['curiosity']
Isla | Interior Designer,j-pRmquYfUU,RenoMuse app changed how I see my home,636000,popular,1.7005347593582887,['descriptive']
Isla | Interior Designer,DQAyNfCAHac,RenoMuse app created a stranger things lab and knitting studio... my bf was mind blown 💀,632000,popular,1.6898395721925135,['curiosity']
Isla | Interior Designer,IZXudU_WiHs,Which one’s the best??? 🤯,609000,popular,1.6283422459893049,"['question', 'choice', 'curiosity']"
Isla | Interior Designer,e4eW1-DQhPY,RenoMuse app is wild — uploaded my room and got a starbucks inside 😂,587000,popular,1.5695187165775402,['descriptive']
Isla | Interior Designer,gGWQoYD4cfw,"RenoMuse app generated McDonalds Ball Pit, Garden, AND Bicycles Storage 🚲",583000,popular,1.5588235294117647,['instructional']
Isla | Interior Designer,jcYk1fI8dNA,RenoMuse app gave my room a KFC theme and a Waterfall setup 💀,573000,popular,1.532085561497326,['descriptive']
Isla | Interior Designer,hcCiClvmYnI,RenoMuse app is insane... a casino room and coffee corner in my boring space 😈,572000,popular,1.5294117647058822,['curiosity']
Isla | Interior Designer,kkT0twrLV8A,RenoMuse app designed a Cats Paradise and an Indoor Pool,562000,both,1.5026737967914439,['descriptive']
Isla | Interior Designer,Wcg5TLQ1zBs,I used RenoMuse app and now I'm obsessed 😍,560000,popular,1.4973262032085561,['descriptive']
Isla | Interior Designer,rLwUGo4V5rs,"I used RenoMuse app and got Barbershop, Sun room, AND Chess ideas ♟️",540000,popular,1.4438502673796791,['instructional']
Isla | Interior Designer,LIMLuFJMSO4,"RenoMuse app suggested IKEA Store, Car Garage, AND Grandmas Urn ideas 🏠",533000,both,1.4251336898395721,['instructional']
Isla | Interior Designer,pqziHpyKGKo,RenoMuse app made a fireman pole room and cats house from one photo 🚒🐱,526000,popular,1.4064171122994653,['descriptive']
Isla | Interior Designer,nT6jsqP2ayM,I asked RenoMuse app to redesign my room and it gave me Aquarium,523000,popular,1.3983957219251337,['descriptive']
Isla | Interior Designer,fu10kaEsOWg,RenoMuse app turned one photo into a home office AND blanket fort 🛋️💼,452000,popular,1.2085561497326203,['transformation']
Isla | Interior Designer,E7KwByzL2mo,"RenoMuse app suggested Mona Lisa, Sarcophagus, AND Art installation ideas 🖼️",451000,popular,1.2058823529411764,['instructional']
Isla | Interior Designer,v9mu-YFm7pk,"RenoMuse app built a Boho Area, Hot tub and Zen Area",447000,both,1.195187165775401,['transformation']
Isla | Interior Designer,9nSLJqvE1Fw,RenoMuse app built a Mcdonalds Drive Thru and a Fish Pond,424000,both,1.1336898395721926,['transformation']
Isla | Interior Designer,wwBNDPsOWFs,"RenoMuse app designed a Cowbarn, Aquarium and Gym room instantly",422000,both,1.1283422459893049,['descriptive']
Isla | Interior Designer,S1mCKPjL-Bs,"RenoMuse app suggested Podcast Studio, Boba Tea Cafe, AND Barber's room 🎙️",410000,popular,1.0962566844919786,['descriptive']
Isla | Interior Designer,Y-lmbxl9yyI,RenoMuse app turned one photo into 8 completely different rooms,407000,popular,1.088235294117647,['transformation']
Isla | Interior Designer,bpwkJNf0UT0,I asked RenoMuse app to redesign my room and it gave me Burried Treasure,407000,popular,1.088235294117647,['descriptive']
Isla | Interior Designer,9DVlOaRFr04,RenoMuse app built a traitor's turret and kebab diner... I can't stop looking at it 💀,401000,popular,1.072192513368984,['transformation']
Isla | Interior Designer,RGoEdSlpQ-o,RenoMuse app redesigned my room as Bags Display and Candles 🏠,383000,popular,1.0240641711229947,['descriptive']
Isla | Interior Designer,p4omaLLokiE,RenoMuse app fixed a messy room into a Japanese Zen Area,382000,both,1.0213903743315509,['location']
Isla | Interior Designer,LExscw6hzgQ,RenoMuse app created a ball pit room AND cats place from one photo 🐱🎈,374000,popular,1.0,['descriptive']
Isla | Interior Designer,y775LsbIx0I,RenoMuse app created 10 different room designs in seconds,372000,popular,0.9946524064171123,['descriptive']
Isla | Interior Designer,Ff7TVHNRaTs,RenoMuse app gave my room a Wall climbing wall and Tea Party setup 🧗,371000,popular,0.9919786096256684,['descriptive']
Isla | Interior Designer,XJaSuwj9Jcw,RenoMuse app makes interior design so easy ✨,359000,popular,0.9598930481283422,['descriptive']
Isla | Interior Designer,ZCD8-7vycD8,My House Has an Escalator and a Cat Paradise,33000,newest,0.08823529411764706,['descriptive']
Isla | Interior Designer,zJO40lC10KQ,ATM Machine and a Homeschool Classroom,23000,newest,0.06149732620320856,['descriptive']
Isla | Interior Designer,joxZ70xWNkg,Fortune Teller Booth and a Pool — Same House,38000,newest,0.10160427807486631,['descriptive']
Isla | Interior Designer,8lvqVFT_l9k,There's an Elevator and an Indoor Beach in My House,142000,newest,0.37967914438502676,['descriptive']
Isla | Interior Designer,gahJzfe8Rx8,McDonald's Front Desk — In My House Now,39000,newest,0.10427807486631016,['descriptive']
Isla | Interior Designer,z54373sG9io,"The Pillar Collection: Brick, LED, and Wood",56000,newest,0.1497326203208556,['descriptive']
Isla | Interior Designer,34FeBt0L3n8,"Bowling Lane and Mini Golf, Inside My House",34000,newest,0.09090909090909091,['descriptive']
Isla | Interior Designer,54i_SsczV7Y,Aquarium Wall and Wine Storage — My House Tour,42000,newest,0.11229946524064172,['instructional']
Isla | Interior Designer,pcXlI6XwmJ0,My House Has a Dancing Pole and an Indoor Garden,17000,newest,0.045454545454545456,['descriptive']
Isla | Interior Designer,tzt-5s1oYrY,RenoMuse app designed a Shawarma Grill Machine and a Mini Golf,201000,newest,0.5374331550802139,['descriptive']
Isla | Interior Designer,EH65maJBqRQ,RenoMuse app built a Walmart and a Hamster Place out of nothing,1600,newest,0.0042780748663101605,['transformation']
Isla | Interior Designer,KonL5mzVcl0,RenoMuse app designed a Telephone booth and a Cats Tower,17000,newest,0.045454545454545456,['descriptive']
Isla | Interior Designer,iY_f2Aezwog,"RenoMuse app built a Witchcraft room, Party room and Home Library",61000,newest,0.16310160427807488,['transformation']
Isla | Interior Designer,W0_eKS_SBr8,RenoMuse app designed a Laundry room and a Wines Storage,51000,newest,0.13636363636363635,['instructional']
Isla | Interior Designer,hb31hIt4Lqg,RenoMuse app designed a Casino room and a Futuristic Wine Bar,83000,newest,0.22192513368983957,['descriptive']
Isla | Interior Designer,h8hdC18Fz6I,RenoMuse app built a Cinderella Dwarves House from scratch,56000,newest,0.1497326203208556,"['transformation', 'location']"
Isla | Interior Designer,3KVT2dyFTV8,"RenoMuse app designed a Karaoke Booth, Ball Pit and Sauna",125000,newest,0.3342245989304813,['descriptive']
Isla | Interior Designer,6sbWuQ5Ul5o,RenoMuse app built an Alien pod and a Boxing practice area,43000,newest,0.11497326203208556,['transformation']
Isla | Interior Designer,72gO4SME8IA,RenoMuse app designed a WIne Cellar and a Music room,76000,newest,0.20320855614973263,['descriptive']
Isla | Interior Designer,2l6DrFEoi-U,RenoMuse app built an ATM Machine and a Make-up Room,70000,newest,0.18716577540106952,['transformation']
Isla | Interior Designer,H-vQP74yR3M,RenoMuse app designed a Kids Play Area and a Coffee Bar,104000,newest,0.27807486631016043,['descriptive']
Isla | Interior Designer,jHMsU3_V0Pk,RenoMuse app built a Kebab Shop and a Prison out of nothing,89000,newest,0.23796791443850268,['transformation']
Isla | Interior Designer,nLYVMQW0vi0,RenoMuse app designed a Barbers Place and a Library,194000,newest,0.5187165775401069,['descriptive']
Isla | Interior Designer,pBmwjXuqxDs,"RenoMuse app designed a Dog room, Gaming Room and Music Room",73000,newest,0.19518716577540107,['descriptive']
Isla | Interior Designer,lwDx3YtUx_E,RenoMuse app built a DJ Booth and Bowling Alley instantly,133000,newest,0.35561497326203206,['transformation']
Isla | Interior Designer,BTj6HSVaogc,RenoMuse app designed a Fire Place and Wine Storage,125000,newest,0.3342245989304813,['instructional']
Isla | Interior Designer,vGInyaZ9lkc,RenoMuse app designed a Chicken Coop and a Coffee Bar Store,141000,newest,0.3770053475935829,['descriptive']
Isla | Interior Designer,plhsu-N8M5U,RenoMuse app designed a Waterfall and a Wine Bar in seconds,84000,newest,0.22459893048128343,['descriptive']
Isla | Interior Designer,2IGrPdfM9TI,RenoMuse app designed a LIDL Bread Shop and Horse Stable from scratch,120000,newest,0.32085561497326204,['descriptive']
Isla | Interior Designer,rczmD1Vq9Us,"RenoMuse app made a LIDL, Horse Stall and Reading Nook out of nothing",144000,newest,0.3850267379679144,['descriptive']
Isla | Interior Designer,EOAl3wDRSoI,RenoMuse app designed a Cats Resting Area and a Wall Climbing room,167000,newest,0.446524064171123,['descriptive']
Isla | Interior Designer,1i3ckLSAuWE,"I used RenoMuse app and got Starbucks, Grandfather clock, AND Pet Paradise ☕",163000,newest,0.4358288770053476,['descriptive']
Isla | Interior Designer,bW4uCjq1PqU,"RenoMuse app generated Gallery Paintings, Make-up room, AND Blanket Ford 🎨",231000,newest,0.6176470588235294,['descriptive']
Isla | Interior Designer,lm_sFGJ8bsc,"I used RenoMuse app and got Bookshelf with secret room, Pilates Studio, AND Wine Cellar 🍷",169000,newest,0.45187165775401067,['curiosity']
Isla | Interior Designer,xRumUnQoEfI,"RenoMuse app suggested CCTV watchroom, Popcorn Bar, AND Gymnasts Practice room 🤸",217000,newest,0.5802139037433155,['descriptive']
Isla | Interior Designer,FoZMZ9kg8UI,"I used RenoMuse app and got Ramen House, Toy Merch, AND Waiting Area 🍜",85000,newest,0.22727272727272727,['descriptive']
Isla | Interior Designer,vg3D-pVX5Y0,"RenoMuse app generated Shawarma Store, Bank Vault, AND Music Area 🥙",103000,newest,0.27540106951871657,['descriptive']
Isla | Interior Designer,kMdGb_ZWtqY,"I used RenoMuse app and got Portal, Basketball area, AND Mirror ideas 🏀",182000,newest,0.48663101604278075,['instructional']
Isla | Interior Designer,s0AM8gTnNAY,"I used RenoMuse app and got Rocket Ship, Gym area, AND Phone booth ideas 🚀",113000,newest,0.30213903743315507,['instructional']
Isla | Interior Designer,yunfnymiZXg,"RenoMuse app generated Tea Party, Garden with Fountain, AND LIDL ideas 🫖",73000,newest,0.19518716577540107,['instructional']
Isla | Interior Designer,0XdExNV27_Y,"I used RenoMuse app and got Bedroom, Greenhouse, AND Fire Place ideas 🌿",316000,newest,0.8449197860962567,['instructional']
Vinarch Group Official,gvibCosKCvc,How to make your home secure 🔥 #interiordesign #interior #furniture #foryou #fyp #shorts,76000000,both,36.19047619047619,"['question', 'instructional']"
Vinarch Group Official,KgO-ubTaqiU,#interiordesign #interior #furniture #furnituredesign #foryou #fyp #shorts,42000000,both,20.0,['descriptive']
Vinarch Group Official,fI4FrAtjYVc,Amazing concepts 🎥: @超人不会飞 #interiordesign #interior #furniture #furnituredesign #homedecor #shorts,36000000,both,17.142857142857142,['descriptive']
Vinarch Group Official,4UwFOEkcjn0,Amazing designs 💯 #furniture #furnituredesign #interiordesign #interior #foryou #fyp #shorts,29000000,both,13.80952380952381,['descriptive']
Vinarch Group Official,hQiCZeIAF5I,Space saving folding stair 🎥 江苏梯卫士阁楼梯工厂#interiordesign #interior #furniture #spacesaving #shorts,8700000,both,4.142857142857143,['descriptive']
Vinarch Group Official,6Xq4Jndj6uE,Sink designs 💯 #interiordesign #interior #furniture #furnituredesign #foryou #fyp #shorts,6100000,both,2.9047619047619047,['descriptive']
Vinarch Group Official,Vcra7Iiqc9c,Amazing designs💯 #interiordesign #interior #furniture #furnituredesign #creative #innovation #shorts,6100000,both,2.9047619047619047,['descriptive']
Vinarch Group Official,JrUg0Txm_l4,#interiordesign #interior #furniture #furnituredesign #architecture #foryou #fyp #shorts,4600000,both,2.1904761904761907,['descriptive']
Vinarch Group Official,ubwjzHrwGCE,#interiordesign #interior #kitchen #kitchengadgets #furniture #kitchenappliance #foryou #fyp #shorts,2100000,both,1.0,['descriptive']
Vinarch Group Official,lGDKOkpKBsE,These designs are completely secret 🤫 #interiordesign #interior #furniture #secrets #fyp #shorts,727000,both,0.3461904761904762,['curiosity']
Vinarch Group Official,MJUJ427XuME,Amazing designs 💯 #interiordesign #interior #furniture #furnituredesign #home #foryou #fyp #shorts,642000,both,0.3057142857142857,['descriptive']
Vinarch Group Official,EIXMUkHep5U,Amazing designs 💯💯💯 #interiordesign #interior #furniture #furnituredesign #foryou #fyp #shorts,474000,both,0.2257142857142857,['descriptive']
Vinarch Group Official,qrTlDNIUvHU,Incredibly creative furniture #interiordesign #interior #furniture #creative #foryou #fyp #shorts,409000,both,0.19476190476190477,['descriptive']
Vinarch Group Official,pADOW689giI,Amazing inventions 🎥: @sunroom_queen #architecture #interiordesign #furniture #construction #shorts,367000,both,0.17476190476190476,['descriptive']
Vinarch Group Official,H9F0BAzfJ-A,Amazing ideas 💯💯💯 (📽: 超人不会飞/Douyin) #interiordesign #interior #furniture #furnituredesign #shorts,136000,both,0.06476190476190476,['instructional']
Vinarch Group Official,nUgSQTVWcX8,Kitchen designs 💯 #interiordesign #interior #kitchen #kitchengadgets #furniture #foryou #fyp #shorts,136000,both,0.06476190476190476,['descriptive']
Vinarch Group Official,q_SR-u4h7_I,Stair designs 💯 #architecture #interiordesign #interior #furniture #creative #foryou #fyp #shorts,25000,both,0.011904761904761904,['descriptive']
UnrealLife,i5ot2RecvDw,Choose your dream bedroom 😴💤 #aesthetic #relatable #chill #vibes,22000000,popular,444.44444444444446,"['choice', 'fantasy_ai']"
UnrealLife,of5xFqBa1cY,Choose your dream bedroom🛏️😳 #vibes #chill #bedroom #aesthetic,1900000,popular,38.38383838383838,"['choice', 'fantasy_ai']"
UnrealLife,wRGN9nroHwo,Wich bedroom do you choose?💤😳 #vibes #chill #bedroom #aesthetic,1400000,popular,28.282828282828284,"['question', 'choice']"
UnrealLife,ZBJ19hYhutg,Choose your DREAM bedroom😴🛏️ #aesthetic #vibes #relatable #chill,689000,popular,13.919191919191919,"['choice', 'fantasy_ai']"
UnrealLife,sRITGiBWk9M,Choose your dream bedroom 🛏️💭 #vibes #bedroom #chill #aesthetic,428000,popular,8.646464646464647,"['choice', 'fantasy_ai']"
UnrealLife,JHkIBsXpPoU,Choose your dream bedroom 🛏️ #relatable #aesthetic #chill #vibes,319000,popular,6.444444444444445,"['choice', 'fantasy_ai']"
UnrealLife,nSbscUhsdoQ,Choose your dream bedroom 😴🛏️ #vibes #bedroom #aesthetic #chill,311000,popular,6.282828282828283,"['choice', 'fantasy_ai']"
UnrealLife,lypvRveNodg,Choose your dream bedroom😳💤 #vibes #chill #aesthetic #bedroom,236000,popular,4.767676767676767,"['choice', 'fantasy_ai']"
UnrealLife,0KXLG7CSFFw,Choose your dream bedroom🛏️💤 Pt.27 #vibes #chill #bedroom #aesthetic,219000,popular,4.424242424242424,"['choice', 'fantasy_ai']"
UnrealLife,IP6kf2iUWjY,Choose your dream bedroom💤 #aesthetic #vibes #chill,213000,popular,4.303030303030303,"['choice', 'fantasy_ai']"
UnrealLife,a88H0gHCeXw,Choose Your Dream Bedroom 😳💤 #vibes #chill #aesthetic #bedroom,192000,popular,3.878787878787879,"['choice', 'fantasy_ai']"
UnrealLife,I-L2UQJepWY,Choose your bedroom to relax🛏️😳 #vibes #chill #aesthetic #bedroom,187000,popular,3.7777777777777777,"['choice', 'cozy_ambience']"
UnrealLife,Gn8mCFyZ_IU,Choose your dream bedroom 🛏️😳 #vibes #chill #bedroom #aesthetic,164000,popular,3.313131313131313,"['choice', 'fantasy_ai']"
UnrealLife,sSsASfxoL9I,Choose your dream bedroom😴🛏️ #vibes #bedroom #aesthetic #chill,144000,popular,2.909090909090909,"['choice', 'fantasy_ai']"
UnrealLife,kcDhScLj6cs,Choose Your Dream Bedroom😳💤 #bedroom #aesthetic #vibes #chill,143000,popular,2.888888888888889,"['choice', 'fantasy_ai']"
UnrealLife,CPb_WlfJo3o,Choose your dream bedroom😌💤 #vibes #bedroom #chill #aesthetic,140000,popular,2.8282828282828283,"['choice', 'fantasy_ai']"
UnrealLife,JGblunbKSfQ,Choose your dream bedroom🛏️💤 #vibes #bedroom #chill #aesthetic,134000,popular,2.707070707070707,"['choice', 'fantasy_ai']"
UnrealLife,JUzQZtHQY9c,Choose your dream bedroom🛏️💤 #vibes #chill #bedroom #aesthetic,130000,popular,2.6262626262626263,"['choice', 'fantasy_ai']"
UnrealLife,6q4kONKg1As,Where are you napping the hardest?💤😴 #aesthetic #relatable #chill #vibes,125000,popular,2.525252525252525,['question']
UnrealLife,SKfV-IxPD0k,Choose your DREAM bedroom😳💭 #bedroom #vibes #chill #aesthetic,112000,popular,2.2626262626262625,"['choice', 'fantasy_ai']"
UnrealLife,XGO-2Mw6ceM,Choose your dream bedroom💤😳 #vibes #chill #aesthetic #bedroom,112000,popular,2.2626262626262625,"['choice', 'fantasy_ai']"
UnrealLife,M4D75RFFFcs,Which bed is your favorite?😳💤 #vibes #bedroom #chill #aesthetic,111000,popular,2.242424242424242,['question']
UnrealLife,zlXTM29JgI0,Choose your dream bedroom😳🛏️ #vibes #chill #aesthetic #bedroom,106000,popular,2.1414141414141414,"['choice', 'fantasy_ai']"
UnrealLife,mOSAg71I14w,Choose your dream bedroom😳💤 #vibes #chill #bedroom #aesthetic,104000,popular,2.101010101010101,"['choice', 'fantasy_ai']"
UnrealLife,AP-zzNsz0fg,Choose your DREAM bedroom😳💤 #vibes #aesthetic #chill #bedroom,103000,popular,2.080808080808081,"['choice', 'fantasy_ai']"
UnrealLife,_9GX2jPa9dI,Times when life feels unreal Pt.35 #aesthetic #relatable #nostalgia #vibes,98000,popular,1.97979797979798,['curiosity']
UnrealLife,OWbU7LsesdQ,Choose your dream bedroom 💤😳 #vibes #chill #bedroom #aesthetic,96000,popular,1.9393939393939394,"['choice', 'fantasy_ai']"
UnrealLife,1-7BuLDGW14,Choose your DREAM bedroom 💭🌧️ #aesthetic #vibes #bedroom  #chill,95000,popular,1.9191919191919191,"['choice', 'fantasy_ai']"
UnrealLife,uNPahvhPQXU,Choose your dream bedroom 🛏️💤 Pt.20 #aesthetic #vibes #bedroom #chill,95000,popular,1.9191919191919191,"['choice', 'fantasy_ai']"
UnrealLife,uuqGNu5Q9VU,Choose your dream bedroom😳💤 #vibes #chill #bedroom #aesthetic,93000,popular,1.878787878787879,"['choice', 'fantasy_ai']"
UnrealLife,liesbI7ieXU,Choose your dream bedroom🥺💤 #vibes #chill #aesthetic #bedroom,89000,popular,1.797979797979798,"['choice', 'fantasy_ai']"
UnrealLife,Kb8qdDZEr20,Choose your DREAM bedroom Pt.16😳 #aesthetic #vibes #chill,80000,popular,1.6161616161616161,"['choice', 'fantasy_ai']"
UnrealLife,_GT4kqYvgQQ,Choose your dream bedroom🛏️😳💤 #vibes #chill #aesthetic #bedroom,79000,popular,1.595959595959596,"['choice', 'fantasy_ai']"
UnrealLife,Ptk6cHM6FhM,Choose your dream bedroom 😴💤 #vibes #aestheic #chill #relatable,76000,both,1.5353535353535352,"['choice', 'fantasy_ai']"
UnrealLife,tP3TXvIdbUg,Choose your dream bedroom 😴🛏️ #aesthetic #cozy #relatable #vibes,74000,both,1.494949494949495,"['choice', 'fantasy_ai', 'cozy_ambience']"
UnrealLife,KhutjDBdD3U,Choose your FAVORITE bedroom 🛏️ #vibes #bedroom #chill #aesthethic,70000,popular,1.4141414141414141,['choice']
UnrealLife,dacwr2pkxR0,Choose your dream bedroom 😳 #aesthetic #relatable #vibes #chill,68000,popular,1.3737373737373737,"['choice', 'fantasy_ai']"
UnrealLife,jaxWkBidJ3s,Choose your dream bedroom 🛏️😴 Pt.40 #vibes #chill #aesthetic #bedroom,67000,popular,1.3535353535353536,"['choice', 'fantasy_ai']"
UnrealLife,WEF-Dkpeq9g,Choose your DREAM bedroom 😴🌧️ #aesthetic #vibes #relatable #chill,63000,popular,1.2727272727272727,"['choice', 'fantasy_ai']"
UnrealLife,zTnQVz0oVAE,Where are you napping the hardest?😴 #aesthetic #vibes #chill,63000,popular,1.2727272727272727,['question']
UnrealLife,-5XvbKRAr9c,Choose Your Dream Bedroom💤😳 Pt.41 #vibes #bedroom #chill #aesthetic,62000,popular,1.2525252525252526,"['choice', 'fantasy_ai']"
UnrealLife,5-a7qKGvsEY,Choose your dream bedroom 😴🛏️ #aesthetic #chill #relatable #vibes,57000,popular,1.1515151515151516,"['choice', 'fantasy_ai']"
UnrealLife,7cc3SwO0kcs,Choose your dream bedroom 😴🛏️ #relaxing #aesthetic #relatable #vibes,52000,both,1.0505050505050506,"['choice', 'fantasy_ai', 'cozy_ambience']"
UnrealLife,kZEgq0tGxhU,Choose your dream bedroom🛏️💤 #relatable #aesthetic #vibes #chill,52000,popular,1.0505050505050506,"['choice', 'fantasy_ai']"
UnrealLife,_Z506FOuZHQ,Times when life feels unreal Pt.36 #aesthetic #relatable #nostalgia #vibes,51000,popular,1.0303030303030303,['curiosity']
UnrealLife,0vR_TRsR7ZQ,Choose your DREAM bedroom💤 #aesthetic #vibes #chill,50000,popular,1.0101010101010102,"['choice', 'fantasy_ai']"
UnrealLife,AFwZh5R_0ug,Choose your dream bedroom 😴💤 #relatable #aesthetic #relaxing #vibes,49000,both,0.98989898989899,"['choice', 'fantasy_ai', 'cozy_ambience']"
UnrealLife,GDD-pNW0Tz8,Times when life hits different Pt.40 #aesthetic #nostalgia #relatable  #vibes,48000,popular,0.9696969696969697,['descriptive']
UnrealLife,2Qy1C42y2oI,Choose your dream bedroom 😴🛏️ #aesthetic #cozy #relatable #viral,10000,newest,0.20202020202020202,"['choice', 'fantasy_ai', 'cozy_ambience']"
UnrealLife,8h2k3EKp904,Choose your dream bedroom 😴🛏️ #cozy #relatable #vibes #aesthetic,9500,newest,0.1919191919191919,"['choice', 'fantasy_ai', 'cozy_ambience']"
UnrealLife,d_CqoUpZ_GM,Choose your dream bedroom 😴🛏️ #aesthetic #cozy #relatable #vibes,12000,newest,0.24242424242424243,"['choice', 'fantasy_ai', 'cozy_ambience']"
UnrealLife,5DyiLMQu68M,Choose your dream bedroom 😴🛏️ #aesthetic #cozy #relatable #vibes,23000,newest,0.46464646464646464,"['choice', 'fantasy_ai', 'cozy_ambience']"
UnrealLife,AiJMvJiYmw4,Choose your dream bedroom 😴🛏️ #aesthetic #cozy #relatable #vibes,19000,newest,0.3838383838383838,"['choice', 'fantasy_ai', 'cozy_ambience']"
UnrealLife,NwGHZTv2VZc,Choose your dream bedroom 😴🛏️ #bedroom #relatable  #cozy #aesthetic,23000,newest,0.46464646464646464,"['choice', 'fantasy_ai', 'cozy_ambience']"
UnrealLife,tUXoCOSQU3M,Choose your dream bedroom 😴🛏️ #bedroom #cozy #aesthetic #relatable,30000,newest,0.6060606060606061,"['choice', 'fantasy_ai', 'cozy_ambience']"
UnrealLife,lBZyDhbXXBQ,Choose your dream bedroom 😴🛏️ #bedroom #cozy #aesthetic #relatable,26000,newest,0.5252525252525253,"['choice', 'fantasy_ai', 'cozy_ambience']"
UnrealLife,VjMaKrjW1gg,Choose your dream bedroom 😴🛏️ #bedroom #cozy #aesthetic #relatable,18000,newest,0.36363636363636365,"['choice', 'fantasy_ai', 'cozy_ambience']"
UnrealLife,snmEzLIbPX8,Choose your dream bedroom 😴🛏️ #aesthetic #cozy #relatable #vibes,8400,newest,0.1696969696969697,"['choice', 'fantasy_ai', 'cozy_ambience']"
UnrealLife,OX8DtZkvI54,Choose your dream bedroom 😴🛏️ #cozy #aesthetic #relatable #vibes,6600,newest,0.13333333333333333,"['choice', 'fantasy_ai', 'cozy_ambience']"
UnrealLife,SG1vB8l0sN4,Choose your dream bedroom 😴💤 #relatable #relaxing #aesthetic #vibes,36000,newest,0.7272727272727273,"['choice', 'fantasy_ai', 'cozy_ambience']"
UnrealLife,3MX3NrT7cE4,Choose your dream bedroom 😴💤 #relatable #aesthetic #vibes #relaxing,40000,newest,0.8080808080808081,"['choice', 'fantasy_ai', 'cozy_ambience']"
UnrealLife,fr1W_vTB9XU,Choose your dream bedroom 😪🛏️ #relatable #aesthetic #relaxing #vibes,35000,newest,0.7070707070707071,"['choice', 'fantasy_ai', 'cozy_ambience']"
UnrealLife,hkIvkII5gEI,Choose your dream bedroom 😴🛏️ #relatable #aesthetic #relaxing #vibes,33000,newest,0.6666666666666666,"['choice', 'fantasy_ai', 'cozy_ambience']"
UnrealLife,dCpOyTQOsNo,Choose your dream bedroom 😪🛏️ #relatable #aesthetic #relaxing #vibes,38000,newest,0.7676767676767676,"['choice', 'fantasy_ai', 'cozy_ambience']"
UnrealLife,BmqUEcwp9cU,Choose your dream bedroom 😪🛏️ #relatable #aesthetic #relaxing #vibes,27000,newest,0.5454545454545454,"['choice', 'fantasy_ai', 'cozy_ambience']"
UnrealLife,ugxvlae7G-I,Choose your dream bedroom 😴🛏️ #relatable #aesthetic #relaxing #vibes,22000,newest,0.4444444444444444,"['choice', 'fantasy_ai', 'cozy_ambience']"
UnrealLife,d58-Y2kAjQg,Choose your dream bedroom 😴💤 #relatable #aesthetic #relaxing #vibes,26000,newest,0.5252525252525253,"['choice', 'fantasy_ai', 'cozy_ambience']"
UnrealLife,Y8TlIuU30rU,Choose your dream bedroom 😪💤 #relatable #aesthetic #vibes #relaxing,23000,newest,0.46464646464646464,"['choice', 'fantasy_ai', 'cozy_ambience']"
UnrealLife,mcch_u1s0-A,Choose your dream bedroom 😴🛏️ #relatable #aesthetic #vibes #relaxing,24000,newest,0.48484848484848486,"['choice', 'fantasy_ai', 'cozy_ambience']"
UnrealLife,5zivnijYSbc,Choose your dream bedroom 😪💤 #relatable #aesthetic #vibes #relaxing,27000,newest,0.5454545454545454,"['choice', 'fantasy_ai', 'cozy_ambience']"
UnrealLife,9aiuBQ8YNew,Choose your dream bedroom 😪🛏️ #relatable #aesthetic #relaxing #vibes,30000,newest,0.6060606060606061,"['choice', 'fantasy_ai', 'cozy_ambience']"
UnrealLife,DzJRf7f2tVM,Choose your dream bedroom 😪💤 #relatable #aesthetic #vibes #relaxing,18000,newest,0.36363636363636365,"['choice', 'fantasy_ai', 'cozy_ambience']"
UnrealLife,Y_6zt-p5eJQ,Choose your dream bedroom 😪🛏️ #relatable #aesthetic #vibes #relaxing,31000,newest,0.6262626262626263,"['choice', 'fantasy_ai', 'cozy_ambience']"
UnrealLife,DzhbbK5855E,Choose your dream bedroom 😪🛏️ #relatable #aesthetic #vibes #relaxing,23000,newest,0.46464646464646464,"['choice', 'fantasy_ai', 'cozy_ambience']"
UnrealLife,n0okQ2JhC0Q,Choose your dream bedroom 😴💤 #relatable #aesthetic #vibes #relaxing,26000,newest,0.5252525252525253,"['choice', 'fantasy_ai', 'cozy_ambience']"
UnrealLife,lbpQgbiC9mE,Choose your dream bedroom 😴🛏️ #relatable #aesthetic #vibes #relaxing,28000,newest,0.5656565656565656,"['choice', 'fantasy_ai', 'cozy_ambience']"
UnrealLife,TezanLcxvuI,Choose your dream bedroom 😪💤 #relatable #aesthetic #vibes #relaxing,11000,newest,0.2222222222222222,"['choice', 'fantasy_ai', 'cozy_ambience']"
UnrealLife,ZW0EACNBuDQ,Choose your dream bedroom 😪🛏️ #relatable #aesthetic #relaxing #vibes,38000,newest,0.7676767676767676,"['choice', 'fantasy_ai', 'cozy_ambience']"
UnrealLife,LF4T3o1RxbA,Choose your dream bedroom 😪💤 #relatable #aesthetic #vibes #relaxing,24000,newest,0.48484848484848486,"['choice', 'fantasy_ai', 'cozy_ambience']"
UnrealLife,OrqKdvxyu58,Choose your dream bedroom 😴💤 #relatable #aesthetic #vibes #relaxing,22000,newest,0.4444444444444444,"['choice', 'fantasy_ai', 'cozy_ambience']"
UnrealLife,OlCDllYTuMQ,Choose your dream bedroom 😴💤 #relatable #aesthetic #vibes #relaxing,26000,newest,0.5252525252525253,"['choice', 'fantasy_ai', 'cozy_ambience']"
UnrealLife,3kq52c9r6Bo,Which bedroom do you choose 😳💤 #relatable #aesthetic #vibes #relaxing,13000,newest,0.26262626262626265,"['question', 'choice', 'cozy_ambience']"
UnrealLife,u4fIPohmoSk,Choose your dream bedroom 😴🛏️ #relatable #aesthetic #vibes #relaxing,38000,newest,0.7676767676767676,"['choice', 'fantasy_ai', 'cozy_ambience']"
UnrealLife,Z1b-nIzeTdo,Choose your dream bedroom 😪🛏️ #relatable #aesthetic #vibes #relaxing,24000,newest,0.48484848484848486,"['choice', 'fantasy_ai', 'cozy_ambience']"
UnrealLife,4Tt8sEshK60,Choose your dream bedroom 😪🛏️ #aesthetic #relatable #vibes #relaxing,23000,newest,0.46464646464646464,"['choice', 'fantasy_ai', 'cozy_ambience']"
UnrealLife,NxFAOs-6xqM,Choose your dream bedroom 😪🛏️ #chill #aesthetic #relatable #vibes,30000,newest,0.6060606060606061,"['choice', 'fantasy_ai']"
UnrealLife,nhggyhbi4Lg,Choose your dream bedroom 😪🛏️ #chill #aesthetic #relatable #vibes,23000,newest,0.46464646464646464,"['choice', 'fantasy_ai']"
UnrealLife,00l6DXzgNq8,Choose your dream bedroom 😴🛏️ #chill #aesthetic #relatable #vibes,35000,newest,0.7070707070707071,"['choice', 'fantasy_ai']"
UnrealLife,j5oba7KF_jU,Choose your dream bedroom 😪💤 #chill #aesthetic #relatable #vibes,48000,newest,0.9696969696969697,"['choice', 'fantasy_ai']"
UnrealLife,l_zrqQPxP58,Choose your dream bedroom 😪💤 #chill #aesthetic #relatable #vibes,28000,newest,0.5656565656565656,"['choice', 'fantasy_ai']"
UnrealLife,xqC8i3dtLsQ,Choose your dream bedroom 😴🛏️ #chill #aesthetic #relatable #vibes,24000,newest,0.48484848484848486,"['choice', 'fantasy_ai']"
UnrealLife,Plv_BE-TtyM,Choose your dream bedroom 😪💤#chill #vibes #aesthetic #relatable,19000,newest,0.3838383838383838,"['choice', 'fantasy_ai']"
Dreamy Interior,ABCQ2EDzW7U,This Tiny Bedroom Transformation Is Genius #shorts,32000000,both,83.00907911802854,"['curiosity', 'transformation']"
Dreamy Interior,lR68CsyPaSM,Smart Renovation Ideas For A Family Of 3 In A Small Apartment #shorts,18000000,both,46.69260700389105,"['transformation', 'instructional']"
Dreamy Interior,mJm-Djq2iUk,A Tiny Home Designed For Comfortable Living #shorts,13000000,both,33.72243839169909,['descriptive']
Dreamy Interior,Rias-p0ruUA,This Clever Bedroom Design Creates Two Private Spaces #shorts,12000000,popular,31.1284046692607,['instructional']
Dreamy Interior,lUEarC0456Q,This Setup Turns One Room Into An Entire Living Space #shorts,10000000,popular,25.940337224383917,['transformation']
Dreamy Interior,Pff79HV9yKQ,The Perfect Small Bedroom Layout For Gaming Study & Storage #shorts,9300000,popular,24.124513618677042,['instructional']
Dreamy Interior,ZIA41R35c7Q,Perfect Bedroom Design For Siblings #shorts,8200000,both,21.27107652399481,['descriptive']
Dreamy Interior,-2YBC2vOkKk,Two Kids One Room? Genius Bedroom Design That Creates Privacy #shorts,7200000,popular,18.67704280155642,"['question', 'curiosity']"
Dreamy Interior,DksNoEkKqXU,A 3㎡ Space Transformed Into A Luxury Home #shorts,4600000,both,11.932555123216602,"['transformation', 'money_status']"
Dreamy Interior,_Vq-xYWO1BU,Tiny Room Transformed Into Study Gaming and Relaxation Zone #shorts,3900000,popular,10.116731517509727,"['transformation', 'cozy_ambience']"
Dreamy Interior,dx11fB8NA8o,Amazing Space-Saving Bedroom Design For Modern Homes #shorts,3100000,both,8.041504539559014,['descriptive']
Dreamy Interior,15_iaGAJUWE,A Tiny Bedroom Turned Into A Full Luxury Setup #shorts,3000000,popular,7.782101167315175,['money_status']
Dreamy Interior,SgmOuh2rjxU,Smart Storage Ideas For A Tiny Bedroom #shorts,2400000,both,6.22568093385214,['instructional']
Dreamy Interior,x10xryzvy0w,Tiny Bedroom Makeover That Fits Two Kids Perfectly #shorts,2200000,both,5.706874189364462,['transformation']
Dreamy Interior,igKykvOuh9k,Parents Of 6 Kids Built The Perfect Room For Their Growing Family #shorts,2000000,popular,5.188067444876784,['transformation']
Dreamy Interior,_7fIiI8Wop4,This Genius Layout Turns One Bedroom Into 4 Perfect Spaces #shorts,1200000,popular,3.11284046692607,"['curiosity', 'transformation']"
Dreamy Interior,C_94S3SWNQs,Small Bedroom Transformation With Hidden Storage & Walk-In Closet #shorts,1100000,popular,2.853437094682231,"['curiosity', 'transformation', 'instructional']"
Dreamy Interior,e_Xc2uUJV-M,Brilliant Transformation Of A 3 Square Meter Room #shorts,1100000,both,2.853437094682231,['transformation']
Dreamy Interior,m1fo4gXgGzQ,Tiny Bedroom Renovation With Genius Storage Ideas #shorts,986000,popular,2.557717250324254,"['curiosity', 'transformation', 'instructional']"
Dreamy Interior,0UpmRiuReys,Next-Level Small Bedroom Design For 2 Kids #shorts,834000,both,2.1634241245136185,['descriptive']
Dreamy Interior,AOaTbFMMKEw,This Tiny Room Fits A Family Of Three #shorts,738000,both,1.9143968871595332,['descriptive']
Dreamy Interior,J6NnxJERev4,The Ultimate Makeover For A Tiny Bedroom #shorts,682000,both,1.769130998702983,['transformation']
Dreamy Interior,-hf9kCInguU,Kitchen Trends 2027 | The Future Of Modern Kitchen Design #shorts,642000,popular,1.6653696498054475,['descriptive']
Dreamy Interior,8UKP1UF0UmM,Small Room Big Ideas | The Ultimate Bedroom Transformation #shorts #interiordesign,608000,popular,1.577172503242542,"['transformation', 'instructional']"
Dreamy Interior,_jpTRLcJnTY,Tiny Apartment Renovation With Genius Storage #shorts,559000,both,1.450064850843061,"['curiosity', 'transformation', 'instructional']"
Dreamy Interior,wX0kMKDFA8M,Tiny Bedroom Transformation Featuring A Walk-In Closet #shorts,518000,both,1.3437094682230868,['transformation']
Dreamy Interior,BuMpmrE6hc4,A Tiny Bedroom Transformed Into A Perfect Space #shorts,512000,both,1.3281452658884565,['transformation']
Dreamy Interior,EQZ5FpkYJps,Tiny Bedroom Renovation With Genius Hidden Storage Ideas #shorts,495000,both,1.284046692607004,"['curiosity', 'transformation', 'instructional']"
Dreamy Interior,cWJ1oLu4xlY,Smart Renovation Turns a Tiny Space Into A Dream Home #shorts,478000,both,1.2399481193255513,"['transformation', 'instructional', 'fantasy_ai']"
Dreamy Interior,NLk0s7XqSZ4,A Tiny Bedroom Transformed Into A Practical Dream Space #shorts,471000,both,1.2217898832684826,"['transformation', 'fantasy_ai']"
Dreamy Interior,RTNM4YTKxto,Small Room Makeover With Hidden Bed Gaming Setup And Private Cinema #shorts,415000,popular,1.0765239948119325,"['curiosity', 'transformation']"
Dreamy Interior,RDsmHbgn84I,The Perfect Bedroom Makeover For Comfort Storage And Style #shorts,408000,both,1.0583657587548638,"['transformation', 'instructional']"
Dreamy Interior,HR7Qinouz-U,A Clever Bedroom Design For 12 Growing Children #shorts,393000,both,1.0194552529182879,['instructional']
Dreamy Interior,cSiH3wXm4w8,Clever Bedroom Makeover That Feels Bigger Than An Apartment #shorts,390000,popular,1.0116731517509727,"['transformation', 'instructional']"
Dreamy Interior,-HcN4XNY4V4,This Tiny Bedroom Makeover Is Next-Level Genius #shorts,381000,both,0.9883268482490273,"['curiosity', 'transformation']"
Dreamy Interior,6uBM7huOSVI,Bay Window Design Ideas That Add Storage And Style #shorts,379000,both,0.9831387808041504,['instructional']
Dreamy Interior,5xb8VihbkA8,Small Bedroom Transformation That Fits Bed Desk And Storage Perfectly #shorts,375000,popular,0.9727626459143969,"['transformation', 'instructional']"
Dreamy Interior,q-SqSU_ncLk,This Next-Level Layout Turns Any Bedroom Into A Smart Living Zone #shorts,367000,popular,0.9520103761348897,"['transformation', 'instructional']"
Dreamy Interior,gOQhjA5ehFo,Tiny Bedroom Design With Huge Storage Capacity #shorts,359000,both,0.9312581063553826,['instructional']
Dreamy Interior,eGe2XqbsQ1k,Tiny Bathroom Transformation From Cramped To Luxury Space #shorts,353000,both,0.9156939040207522,"['transformation', 'money_status']"
Dreamy Interior,SCAi9EW5TY8,Tiny Bedroom Renovation With Luxury Storage And Workspace Design #shorts,351000,popular,0.9105058365758755,"['transformation', 'money_status', 'instructional']"
Dreamy Interior,DStwIbQMo64,Clever Split-Level Bedroom Design For Modern Homes #shorts,348000,popular,0.9027237354085603,['instructional']
Dreamy Interior,mqDTzrRD_Pk,The Best Bedroom Storage Ideas For Small Homes #shorts,319000,both,0.8274967574578469,['instructional']
Dreamy Interior,tZpsiDBi7I8,Small Room Big Storage | A Genius Bedroom Renovation #shorts,317000,both,0.8223086900129701,"['curiosity', 'transformation', 'instructional']"
Dreamy Interior,XcpcxZKvykE,8㎡ Tiny Bedroom Transformation With A Luxury Walk-In Closet #shorts,310000,popular,0.8041504539559015,"['transformation', 'money_status']"
Dreamy Interior,sWuLq4rGQ_Y,Tiny Bedroom Makeover With A Hidden Walk-In Closet #shorts,295000,popular,0.7652399481193255,"['curiosity', 'transformation']"
Dreamy Interior,hT82e8CvoEI,How To Transform A Tiny Bedroom For A Growing Child #shorts,285000,both,0.7392996108949417,"['question', 'transformation', 'instructional']"
Dreamy Interior,RlgiELAF0y8,The Small Bedroom Renovation For Better Living #shorts,282000,both,0.7315175097276264,['transformation']
Dreamy Interior,6D61H_KaFFQ,The Perfect Modern Bedroom Design For Small Spaces #shorts,4200,newest,0.010894941634241245,['descriptive']
Dreamy Interior,WquYQzVWIoI,This Bedroom Is Small but Brilliantly Designed #shorts,30000,newest,0.07782101167315175,['descriptive']
Dreamy Interior,WWmjIGLpaPM,A Tiny Room With A Surprisingly Big Transformation #shorts,105000,newest,0.2723735408560311,['transformation']
Dreamy Interior,EsIgvhcW3ps,The Perfect Bedroom Design For Growing Kids #shorts,83000,newest,0.21530479896238652,['descriptive']
Dreamy Interior,5TDlGBOwFPY,The Perfect Layout For A Tiny Bedroom #shorts,80000,newest,0.20752269779507135,['descriptive']
Dreamy Interior,6cIXpyp7f2s,A Genius Renovation For A Tiny Bedroom #shorts,123000,newest,0.31906614785992216,"['curiosity', 'transformation']"
Dreamy Interior,vEc0ZTi9mes,Brilliant Makeover Of A Tiny Family Home #shorts,104000,newest,0.2697795071335927,['transformation']
Dreamy Interior,oFgk0F2dgNw,A Small Bedroom Transformed Into A Smart And Cozy Space #shorts,62000,newest,0.1608300907911803,"['transformation', 'instructional', 'cozy_ambience']"
Dreamy Interior,BJGhXIz9R3s,A Genius Makeover For A Small Bedroom #shorts,76000,newest,0.19714656290531776,"['curiosity', 'transformation']"
Dreamy Interior,-wDM4tqVLfY,This Living Room Makeover Is Surprisingly Practical #shorts,157000,newest,0.4072632944228275,['transformation']
Dreamy Interior,Wl9_p_tFQV4,This Tiny Room Fits A Bed Desk And More #shorts,270000,newest,0.7003891050583657,['descriptive']
Dreamy Interior,iao7M3S57Zc,This Tiny Space Became His Perfect Home #shorts,97000,newest,0.251621271076524,['descriptive']
Dreamy Interior,4np7nNjw3ew,This Tiny Bedroom Is Perfectly Designed For A Couple #shorts,120000,newest,0.311284046692607,['descriptive']
Dreamy Interior,ldBHxRVe6o8,A Genius Way To Maximize Bathroom Storage #shorts,104000,newest,0.2697795071335927,"['curiosity', 'instructional']"
Dreamy Interior,jIjPgsOxtvc,A Genius Solution For A Small Bedroom #shorts,198000,newest,0.5136186770428015,['curiosity']
Dreamy Interior,b1GnE9isRMo,Tiny Balcony Transformed Into The Multi Purpose Space #shorts,147000,newest,0.38132295719844356,['transformation']
Dreamy Interior,kkAfNKEoWY8,This Tiny Bedroom Gets A Dream Walk-In Closet #shorts,188000,newest,0.4876783398184176,['fantasy_ai']
Dreamy Interior,YT4eCIhkYdY,Amazing Bedroom Makeover #shorts,179000,newest,0.46433203631647213,['transformation']
Dreamy Interior,jIxOWkXqgj4,Built A Home In 0.84m² #shorts,142000,newest,0.36835278858625164,['transformation']
Dreamy Interior,EKhL4_Np5w4,Build A Bathroom That Stays Clean And Organized,241000,newest,0.6251621271076524,['transformation']
Kou Yang,K8bDEG-n9Ak,Backyard Glow Up From Abandoned,30000000,popular,187.5,['transformation']
Kou Yang,Im_IxXzGtdk,Shocking Abandoned Backyard Renovation #adobefirefly #renovation #shorts,18000000,popular,112.5,"['curiosity', 'transformation']"
Kou Yang,llYawO4Esdk,Shocking House Transformation  #adobefirefly #homeimprovement,14000000,popular,87.5,"['curiosity', 'transformation']"
Kou Yang,bOIYYqdNiRY,Shocking Modern Kitchen Transformation,9700000,popular,60.625,"['curiosity', 'transformation']"
Kou Yang,iMFNoo4koXE,This Tiny Room Makeover Will Shock You!,8700000,popular,54.375,['transformation']
Kou Yang,NHm5fbvGD0g,Amazing Abandoned Mini House Restore! #photoshop #adobe #renovation,7800000,popular,48.75,['transformation']
Kou Yang,cO5O65ZDd9Q,Amazing Clean up Then Rebuild #photoshop #adobe #renovation,7700000,popular,48.125,['transformation']
Kou Yang,gV2yL4lLB7s,Amazing Old to Modern Kitchen,5800000,popular,36.25,['descriptive']
Kou Yang,mgYdJXOO37I,Ruined Room Restoration,5200000,popular,32.5,['transformation']
Kou Yang,lBiVWnIoFjQ,Backyard Glow Up From Plain to Pool Paradise,4600000,popular,28.75,['transformation']
Kou Yang,ImsIRGcjnPU,From Empty Yard to Epic Hangout!,1900000,popular,11.875,['transformation']
Kou Yang,ubjugjgiMec,You Won't Believe This House Makeover!,1800000,popular,11.25,"['curiosity', 'transformation']"
Kou Yang,qLmQxyxhc4c,Turning Space Into a Cozy Room,1500000,popular,9.375,['cozy_ambience']
Kou Yang,vmwmzhMGKY4,The ULTIMATE Backyard Glow-Up,1400000,popular,8.75,['descriptive']
Kou Yang,YzuufmYdMtU,Wait Until You See the Ending of This Backyard Transformation!,1300000,popular,8.125,['transformation']
Kou Yang,wP7CAIZKyRQ,Turning This Backyard Into a Dream Pool,1100000,popular,6.875,['fantasy_ai']
Kou Yang,xJDnhqJr8sE,Stunning Countryside Backyard Pool Design,993000,popular,6.20625,['descriptive']
Kou Yang,S8xDEfGkmVw,Abandoned Room Gets a Shocking Makeover,794000,popular,4.9625,"['curiosity', 'transformation']"
Kou Yang,o_GrYCKSbh8,Abandoned House Rebuilding,780000,popular,4.875,['transformation']
Kou Yang,-FwXEfpc0y4,From Abandoned to Dream Yard #BackyardTransformation #BackyardUpgrade,768000,popular,4.8,"['transformation', 'fantasy_ai']"
Kou Yang,76BuWO9FnQc,Hollywood Backyard Transformation You Won’t Believe,656000,popular,4.1,['transformation']
Kou Yang,d_J-B85nZso,Burned Down House Reborn Modern,655000,popular,4.09375,['descriptive']
Kou Yang,gEJj_c-2tfU,Unbelievable Home Makeover #homeimprovement #renovation,633000,popular,3.95625,['transformation']
Kou Yang,Q253Uvtjgjw,Amazing Abandoned House Makeover! #photoshop #adobe #renovation,629000,popular,3.93125,['transformation']
Kou Yang,1eciG8DNSz4,Turning My Backyard Into a Real Fish Pond!,616000,popular,3.85,['descriptive']
Kou Yang,q7ZD1HgbSdQ,From Abandoned to Minimalist Luxury,605000,popular,3.78125,"['transformation', 'money_status']"
Kou Yang,DusfPp8SM2Q,Modern Mini Home From Ruins,485000,popular,3.03125,['descriptive']
Kou Yang,09W1JZkE70M,Modern Minimalist Kitchen Design,471000,popular,2.94375,['descriptive']
Kou Yang,OynnLf7opgM,Stunning Black Marble Shower Renovation,461000,popular,2.88125,['transformation']
Kou Yang,Q_Bgj3qIP1Q,Backyard Makeover With a Luxury Pool,448000,popular,2.8,"['transformation', 'money_status']"
Kou Yang,iAd7nVlV1bE,Shocking Modern Dream House Tranformation!,430000,popular,2.6875,"['curiosity', 'fantasy_ai']"
Kou Yang,FsvlIaFxzms,Turning a Forgotten Home To New,419000,popular,2.61875,['descriptive']
Kou Yang,GiLAzCpIYz4,This Pool Makeover Will Blow Your Mind!,413000,popular,2.58125,"['curiosity', 'transformation']"
Kou Yang,0HaleKfzaZA,Insane Backyard Transformation You Have to See!,409000,popular,2.55625,"['curiosity', 'transformation']"
Kou Yang,WloznQ5sqpo,Transforming This Abandoned Room,409000,popular,2.55625,['transformation']
Kou Yang,BFmdKUntQLI,Unbelievable Kitchen Glow-Up,408000,popular,2.55,['descriptive']
Kou Yang,ETayZKKqBXg,From Abandoned Backyard to Million Dollar View,405000,popular,2.53125,"['transformation', 'money_status']"
Kou Yang,p1WmRfI_21U,Adding a Stunning Pool to This Backyard,400000,popular,2.5,['descriptive']
Kou Yang,A5BRBNM0fP4,From Empty to Epic Backyard!,390000,popular,2.4375,['transformation']
Kou Yang,O8nKzYMuGXY,Amazing Dream House Created From Nothing #Renovation #photoshop,389000,popular,2.43125,"['transformation', 'fantasy_ai']"
Kou Yang,Ii-d1BeuKZ8,Watch This Crazy Backyard Turn Into a Pool Heaven!,386000,popular,2.4125,['curiosity']
Kou Yang,illjhEaHS4Q,From Total Ruin to Dream Home,375000,popular,2.34375,"['transformation', 'fantasy_ai']"
Kou Yang,GcQHNLsRYzQ,I Can’t Believe This Room Looked Like THIS Before!,347000,popular,2.16875,['transformation']
Kou Yang,4Keek6RyDQM,Shocking Backyard Transformation,337000,popular,2.10625,"['curiosity', 'transformation']"
Kou Yang,HlPe33BYvE4,Turning My Backyard Into a Japanese Garden Paradise,335000,popular,2.09375,['location']
Kou Yang,CXmE3eGop3I,You Won’t Believe This Abandoned House Transformation!,320000,popular,2.0,['transformation']
Kou Yang,RbL10Iy1HX0,From Abandoned to Amazing Backyard,306000,popular,1.9125,['transformation']
Kou Yang,OSbAdiwdb4w,Transforming an Old Alley Into a Japanese Pathway!,304000,popular,1.9,"['transformation', 'location']"
Kou Yang,SAQnYHNpMG4,The Ultimate Budget Gaming Room Transformation,3300,newest,0.020625,['transformation']
Kou Yang,pZPClJilmY8,From Dirt and Dust to RGB Gaming Setup,2800,newest,0.0175,['transformation']
Kou Yang,C-D6HWtwnYc,Watch This Slum Room Become a Modern Gaming Haven,2700,newest,0.016875,['descriptive']
Kou Yang,NTrNCHFWyeg,This Tiny Slum Room Got an Epic Gaming Makeover,3000,newest,0.01875,['transformation']
Kou Yang,dArIpB6QJuQ,You Won't Believe This Gaming Room Makeover,16000,newest,0.1,"['curiosity', 'transformation']"
Kou Yang,KoSTBAbq3bs,From Slum Room to Ultimate Gaming Setup,3600,newest,0.0225,['transformation']
Kou Yang,57D1JqgeyRU,From Empty Slum Room to Modern Gaming Room,5400,newest,0.03375,['transformation']
Kou Yang,2qEweUhvbD4,From Broken Room to Clean Gaming Paradise,5700,newest,0.035625,['transformation']
Kou Yang,mTujR3w5gw0,Epic RGB Gaming Bedroom Upgrade,2200,newest,0.01375,['descriptive']
Kou Yang,idrxrlZHm3A,Watch This Old Room Turn Into Something Amazing,1200,newest,0.0075,['descriptive']
Kou Yang,mw3sHFt-Cvc,Incredible Old Room Makeover Transformation,1000,newest,0.00625,['transformation']
Kou Yang,9EnDIuOQFBs,Shocking Ocean View Backyard Remodeling!!,3000,newest,0.01875,['curiosity']
Kou Yang,aS6jS9epvh8,Ocean Inspired Backyard Makeover,2800,newest,0.0175,['transformation']
Kou Yang,YgheKiZg5Mg,This Abandoned Backyard Turned Into a Lagoon,3200,newest,0.02,['descriptive']
Kou Yang,bVQ_CFexMrY,This Backyard Turned Into an Ocean… You Won’t Believe It,3100,newest,0.019375,['descriptive']
Kou Yang,I8_S3cbQGzM,This Abandoned Backyard Became a Beach 😱,2400,newest,0.015,['curiosity']
Kou Yang,tFGh4G6NPWA,This Backyard Became a Beach 😱,2700,newest,0.016875,['curiosity']
Kou Yang,N8gbNRiOO7I,This Backyard Became a Clearwater Pool,1900,newest,0.011875,['descriptive']
Kou Yang,N5RhpUZNGrg,Mini Backyard Design Ideas,1800,newest,0.01125,['instructional']
Kou Yang,r-4-AaM_vgs,This Abandoned Backyard Turned Into a Dream Pool 😱,1700,newest,0.010625,"['curiosity', 'fantasy_ai']"
Kou Yang,9mZeCj9XFLQ,You Won’t Believe This Abandoned Yard in San Francisco,1900,newest,0.011875,['descriptive']
Kou Yang,yjpAmzXrfAA,Shocking Abandoned to Amazing Resort!,1800,newest,0.01125,['curiosity']
Kou Yang,DZM4b-aRszg,Abandoned To Luxury Paradise Backyard,1600,newest,0.01,['money_status']
Kou Yang,gnq0ffDP9jw,Amazing Luxury Resort Design,2300,newest,0.014375,['money_status']
Kou Yang,RCpCSxq6h2Y,Luxury Lagoon Pool Backyard Design Idea,1900,newest,0.011875,"['money_status', 'instructional']"
Kou Yang,oy3CN2mVTDY,Amazing Luxury Backyard Pool Renovation,1700,newest,0.010625,"['transformation', 'money_status']"
Kou Yang,kkALaWF9B5g,Creating a Lagoon Pool Backyard,1800,newest,0.01125,['descriptive']
Kou Yang,ZhYckHP6Iz8,Shocking! Remodel Backyard to Luxury Pool,1800,newest,0.01125,"['curiosity', 'money_status']"
Kou Yang,DMu_8ZyE32E,Ruined Room to Cozy Heaven!,4200,newest,0.02625,['cozy_ambience']
Kou Yang,GjmEUpHPC5M,Built a Cozy Bedroom in the Countryside!,4800,newest,0.03,"['transformation', 'cozy_ambience']"
Kou Yang,pakvrHVXyhs,Dirty Room Turned Beautiful,3000,newest,0.01875,['descriptive']
Kou Yang,NvSgk7oiZaE,You Won’t Believe This Room Restoration!,2500,newest,0.015625,['transformation']
Kou Yang,6CZM9dHzb4g,You Won’t Believe This Cabin Bedroom Makeover!,2700,newest,0.016875,['transformation']
Kou Yang,49EUQYnTZq4,Extreme Hangout Room Renovation,2300,newest,0.014375,['transformation']
Kou Yang,D2BX493xON4,This Room Was Completely Wrecked,2500,newest,0.015625,['descriptive']
Kou Yang,JEGwiu4gb5I,Forgotten Space Turned Bedroom,2000,newest,0.0125,['descriptive']
Kou Yang,GRQbrgyA16U,Shocking Waiting Room Transformation!,3900,newest,0.024375,"['curiosity', 'transformation']"
Kou Yang,d7_UcTlkIjk,Crazy Abandoned Room Makeover!,2800,newest,0.0175,"['curiosity', 'transformation']"
Kou Yang,ggk5R4o1tSk,Shocking Cozy Bedroom Transformation!,3000,newest,0.01875,"['curiosity', 'transformation', 'cozy_ambience']"
Kou Yang,Jd5yGqofm5E,Insane Outdoor Kitchen Transformation,2600,newest,0.01625,"['curiosity', 'transformation']"
Kou Yang,gl9v58jQ2fg,Tiny Studio Turns Into a Dream Setup!,3500,newest,0.021875,['fantasy_ai']
Kou Yang,JY5qoj3giPw,Abandoned Room Glow-Up,3700,newest,0.023125,['descriptive']
Kou Yang,aikBtHtfd3I,Ultimate Gaming Room Transformation,3000,newest,0.01875,['transformation']
Kou Yang,E7_CfJanbOM,Abandoned Countryside Room Turns Cozy!,2600,newest,0.01625,['cozy_ambience']
Kou Yang,r_kLKwR7cwo,You Won’t Believe This Bedroom Glow-Up!,4600,newest,0.02875,['descriptive']
Kou Yang,xPuDYIyfD18,From Total Ruin to Modern Room!,2400,newest,0.015,['transformation']
Kou Yang,NDvMGzbv400,Watch This Space Transform Completely!,5400,newest,0.03375,['transformation']
Kou Yang,raX4wUdiLBA,Shocking Cozy Bedroom Restoration,3900,newest,0.024375,"['curiosity', 'transformation', 'cozy_ambience']"
Calm Creations,11hXysGlPu0,I Built a Secret Room Under My Swimming Pool,181000000,both,379.05759162303667,"['curiosity', 'transformation']"
Calm Creations,nPq4uS1sP4M,I Built a Secret Bunker Under My Backyard,24000000,both,50.261780104712045,"['curiosity', 'transformation']"
Calm Creations,bEn4kXbUzfo,From Container to Luxury Underground Poker Lounge,15000000,both,31.413612565445025,"['transformation', 'money_status']"
Calm Creations,qGbjwkrK2vQ,I Built a Secret Room Under My Front Door,15000000,both,31.413612565445025,"['curiosity', 'transformation']"
Calm Creations,DAWqDAWfVxg,I Built a Secret Ocean Container Home,14000000,both,29.319371727748692,"['curiosity', 'transformation']"
Calm Creations,sXKdcBBz8M0,I Built a Tiny Guest House Inside My Shed,12000000,both,25.130890052356023,['transformation']
Calm Creations,n6KkiGZQW2Q,I Built a Secret Container Room Inside a Cliff,8800000,both,18.42931937172775,"['curiosity', 'transformation']"
Calm Creations,8wSuwIudz6E,I Built a Secret Room Under My Golf Course,6500000,both,13.612565445026178,"['curiosity', 'transformation']"
Calm Creations,tI0qcoxSomQ,I Built a Secret Room Under My Koi Pond,6400000,both,13.403141361256544,"['curiosity', 'transformation']"
Calm Creations,ZtVC70pb0rk,Secret Underwater Container Home Build,5700000,both,11.93717277486911,"['curiosity', 'transformation']"
Calm Creations,5itClgpKgGA,I Built a Secret Lounge Under My Basketball Court,3000000,both,6.282722513089006,"['curiosity', 'transformation']"
Calm Creations,NsXYsCemScU,I Built a Secret Room Under My Pond,2000000,both,4.18848167539267,"['curiosity', 'transformation']"
Calm Creations,EJvQmX1g2iw,I Built a Secret Room Under My Padel Court,2000000,both,4.18848167539267,"['curiosity', 'transformation']"
Calm Creations,_OomiYaYbHE,I Built a Secret Cabin Under the Snow,1700000,both,3.56020942408377,"['curiosity', 'transformation', 'cozy_ambience']"
Calm Creations,fhm7mZpMVGk,I Built a Hidden Room Under a Fountain,1500000,both,3.141361256544503,"['curiosity', 'transformation']"
Calm Creations,xyQMjwdRlhE,I Turned My Garage Into a Secret Underground Bunker,1200000,both,2.513089005235602,"['curiosity', 'transformation']"
Calm Creations,xBtGfeqZO2I,I Built a Secret Room Under My Skate Park,1100000,both,2.303664921465969,"['curiosity', 'transformation']"
Calm Creations,pzwwNMMwsZ8,I Built a Secret Room Under My Driveway,1000000,both,2.094240837696335,"['curiosity', 'transformation']"
Calm Creations,xeoYx3rWbLs,I Built a Hidden Room Under a Lazy River,950000,both,1.9895287958115184,"['curiosity', 'transformation']"
Calm Creations,RPRSDUTySsA,I Built a Secret Underwater Container Home,667000,both,1.3968586387434554,"['curiosity', 'transformation']"
Calm Creations,E1vUXLrCtGw,I Built a Secret Room in the Forest,666000,both,1.3947643979057591,"['curiosity', 'transformation']"
Calm Creations,SXOEp4eumG0,I Built a Secret Room Inside a Hill 🤯,576000,both,1.206282722513089,"['curiosity', 'transformation']"
Calm Creations,AEkh1y8OJDQ,I Built a Secret Room in the Mountains,565000,both,1.1832460732984293,"['curiosity', 'transformation']"
Calm Creations,NJY5hD5uBoE,I Built a Secret Wine Cellar Under a Vineyard,559000,both,1.1706806282722513,"['curiosity', 'transformation']"
Calm Creations,kA42tBniIXk,I Built a Secret Lounge Under My Football Pitch,523000,both,1.0952879581151833,"['curiosity', 'transformation']"
Calm Creations,NNqhWyauijk,I Built a Secret Room Under My Tennis Court,432000,both,0.9047120418848168,"['curiosity', 'transformation']"
Calm Creations,MGvgjCNamnk,I Built a Secret Room Under a Playground,372000,both,0.7790575916230367,"['curiosity', 'transformation']"
Calm Creations,D94mRvHkb80,I Built a Hidden Room Under My Backyard Helipad,363000,both,0.7602094240837697,"['curiosity', 'transformation']"
Calm Creations,-heIFDZX92Q,I Hid a Luxury Room Under My Go-Kart Track,333000,both,0.6973821989528796,['money_status']
Calm Creations,1l2CFjq86Ag,Turning a Giant Pringles Can Into a Luxury Room,309000,both,0.6471204188481675,['money_status']
Calm Creations,q28C90gy14E,I Built a Secret Room Under My Ranch,286000,both,0.5989528795811518,"['curiosity', 'transformation']"
Calm Creations,8dM8yFvC0IE,I Built a Secret Bunker Inside a Shipping Container by the Waterfall,262000,both,0.5486910994764398,"['curiosity', 'transformation']"
Calm Creations,tPVu-ArgqDA,I Turned a Horse Trailer Into a Tiny Guest House,252000,both,0.5277486910994764,['transformation']
Calm Creations,BNi1gSkMNUw,Building a Secret Underwater Container Room in a Frozen River,247000,both,0.5172774869109947,"['curiosity', 'transformation']"
Calm Creations,x5mU6VTGbow,I Built a Secret Bunker Under My Living Room,216000,both,0.4523560209424084,"['curiosity', 'transformation']"
Calm Creations,fU9XIzmE38w,I Hid a Secret Room Under My Football Field,206000,both,0.431413612565445,['curiosity']
Calm Creations,46vhyZHP1-w,Building a Secret Pub Inside a Cave,185000,both,0.387434554973822,"['curiosity', 'transformation']"
Calm Creations,2oaIrSLCaXM,I Turned a U-Haul Truck Into a Luxury Tiny Home,185000,both,0.387434554973822,"['transformation', 'money_status']"
Calm Creations,q6DdqOgYXbk,I Built a Secret Room Inside Hedges,182000,both,0.381151832460733,"['curiosity', 'transformation']"
Calm Creations,iFKngkMw_QI,From Empty Shed to Dream Sauna,175000,both,0.36649214659685864,"['transformation', 'fantasy_ai']"
Calm Creations,FLHFBJP_hrA,I Built a Secret Gym Inside a Giant Kettlebell,161000,both,0.33717277486910996,"['curiosity', 'transformation']"
Calm Creations,uGskw7Y0dhU,I Built an Underground Survival Bunker for My Cat,156000,both,0.3267015706806283,['transformation']
Calm Creations,ytNb-dEyOTo,I Built a Tiny Apartment Inside a Military Vehicle,150000,both,0.31413612565445026,['transformation']
Calm Creations,FDAdHn2KC_M,I Built a Secret Room Inside a Giant Vintage Radio,150000,both,0.31413612565445026,"['curiosity', 'transformation']"
Calm Creations,CgX8qD8z6Uo,I Turned a FedEx Delivery Van Into a Cozy Tiny House,132000,popular,0.2764397905759162,"['transformation', 'cozy_ambience']"
Calm Creations,03I0cFSMUYo,I Turned an Abandoned Ice Cream Truck Into a Tiny Home,121000,both,0.2534031413612565,['transformation']
Calm Creations,ruy0Bf919DA,I Built a Secret Room on a Cliff Edge,118000,both,0.24712041884816754,"['curiosity', 'transformation']"
Calm Creations,5DL9MrpgHTQ,I Built a Hidden Room Underground!,113000,popular,0.23664921465968586,"['curiosity', 'transformation']"
Calm Creations,i6-FIPpyBTU,I Turned an Old Camper Into a Tiny Guest House,110000,newest,0.23036649214659685,['transformation']
Calm Creations,ZWGUtkBYed0,I Built a Secret Bunker to Hide From My Wife,98000,newest,0.20523560209424083,"['curiosity', 'transformation']"
BuildFlow,10SmTJT6kds,Turning a giant strawberry into a tiny  house 🏡,24000000,both,774.1935483870968,['descriptive']
BuildFlow,CCqPQbyfSiA,Turning a giant lemon into tiny House 🍋,6100000,both,196.7741935483871,['descriptive']
BuildFlow,4j4Qoh2Yvj0,Building My Dream Container Home over a flowing river side 😀,4700000,both,151.61290322580646,"['transformation', 'fantasy_ai']"
BuildFlow,OOZX47gAa8E,Turning a giant papaya into a tiny room #satisfying #timelapse #asmr,4600000,both,148.38709677419354,['cozy_ambience']
BuildFlow,ACq6UhYbgVY,Turning a giant pomegranate into  luxury room #satisfying #timelapse #asmr,4400000,both,141.93548387096774,"['money_status', 'cozy_ambience']"
BuildFlow,yVURcmVWeYw,Turning a giant watermelon into a tiny house 🏠,4000000,both,129.03225806451613,['descriptive']
BuildFlow,fX_q44wUUlc,Turning a giant apple into a tiny house 🏡,3200000,both,103.2258064516129,['descriptive']
BuildFlow,i1Y_Xf3zUGo,turning a giant pomegranate into the lursxy room,1600000,both,51.61290322580645,['descriptive']
BuildFlow,MB7aBfutfEE,Turning a giant carrots into a tiny house 🏡 🥕,1300000,both,41.935483870967744,['descriptive']
BuildFlow,5RnUXshgQjk,Don't Throw Away old Glove's! Brilliant Diy concrete planter,662000,both,21.35483870967742,['descriptive']
BuildFlow,GcgAkzE8CrU,Turning a giant coconut into a tiny house 🥥,617000,both,19.903225806451612,['descriptive']
BuildFlow,9i4aN5-futw,I Built a secret pool for my neighbors..,592000,both,19.096774193548388,"['curiosity', 'transformation']"
BuildFlow,c94SrMluExM,I built a secret underground room inside of hills,526000,both,16.967741935483872,"['curiosity', 'transformation']"
BuildFlow,M0j3AsoVXjo,l built a hidden article ice cave room,160000,both,5.161290322580645,"['curiosity', 'transformation']"
BuildFlow,jKNQzxwcEmA,❄️ “Frozen to Fortune: Luxury Ice Cave Built by One Worker” 🕳️✨,55000,both,1.7741935483870968,"['transformation', 'money_status']"
BuildFlow,eC19Mg1xCMg,Ocean vs Love 💙💖 Split Epoxy Floor Transformation | Most Satisfying Luxury Living Room,45000,both,1.4516129032258065,"['choice', 'transformation', 'money_status']"
BuildFlow,I-B4C4lPryA,I built a secret room under my pond,43000,both,1.3870967741935485,"['curiosity', 'transformation']"
BuildFlow,92qZXzFwNuc,I built a secret room under my stake Park,41000,both,1.3225806451612903,"['curiosity', 'transformation']"
BuildFlow,Q4K7rAl-Fj8,100 gram bavdi #funny #viral,40000,both,1.2903225806451613,['descriptive']
BuildFlow,s9akv3uz474,This apple isn't Normal....it's perfect star⭐🍎,39000,both,1.2580645161290323,['descriptive']
BuildFlow,pYBwN90kWGo,“This Galaxy Floor Will Blow Your Mind 🤯🌌”,38000,both,1.2258064516129032,['curiosity']
BuildFlow,ACVF184B9nk,Baby funny 🤣 #lifeisbutadream #funny,35000,both,1.1290322580645162,['fantasy_ai']
BuildFlow,FQO_buaPua0,Insane Epoxy Floor + Aquarium Wall Transformation (Before to After),31000,both,1.0,"['curiosity', 'transformation']"
BuildFlow,I2REJhz538Y,Turning a giant muskmelon into a tiny house 🏠,30000,both,0.967741935483871,['descriptive']
BuildFlow,yHarbCJmp-w,I Built a Giant Phoenix Fire Pit 🔥 Watch It Rise at Night”,30000,both,0.967741935483871,['transformation']
BuildFlow,KlmE8yH7xHg,Giant Panda Garden Transformation 🐼✨,29000,both,0.9354838709677419,['transformation']
BuildFlow,xP96fxJfMMI,I built a secret room under my Park,28000,both,0.9032258064516129,"['curiosity', 'transformation']"
BuildFlow,9TdelZHiQGQ,Giant Turtle Koi Sanctuary 🐢,28000,both,0.9032258064516129,['descriptive']
BuildFlow,Nft1DGwS06c,Blue vs Pink Epoxy Floor Transformation 😱 Star vs Heart Living Room,26000,both,0.8387096774193549,"['choice', 'curiosity', 'transformation']"
BuildFlow,3dOOkE_NnXg,“Mesmerizing Metallic Epoxy Living Room with Built-In Aquarium”,26000,both,0.8387096774193549,['transformation']
BuildFlow,FYgofhpatUo,“Turning a Basic Living Room into a Cosmic Luxury Space 🚀”,24000,both,0.7741935483870968,['money_status']
BuildFlow,tSHsEN9oPNY,Funny 🤣🤣#funny #fyp #foryou,10000,both,0.3225806451612903,['descriptive']
BuildFlow,j3K0rt7f0Uo,Funny 😂🤣 #funny #fyp #foryou #viralvideo #baby,2700,both,0.08709677419354839,['descriptive']
BuildFlow,ggYp2MPGXxk,MrBeast x Joe Rogan Podcast #MrBeast #paidpartner,2300,both,0.07419354838709677,['descriptive']
BuildFlow,4B_kYl_33LE,"One person one dream, building a cozy off grid Roundhouse from scratch",2200,both,0.07096774193548387,"['transformation', 'fantasy_ai', 'cozy_ambience']"
BuildFlow,rYSROYe9ObI,MrBeast x Joe Rogan Podcast #MrBeast#paidpartner,1600,both,0.05161290322580645,['descriptive']
BuildFlow,vXar9LFuCMg,Mrbeastpodcast #mrbeast#paidpartner,1000,both,0.03225806451612903,['descriptive']
BuildFlow,3aSJTusSLtA,29 July 2026,892,both,0.028774193548387096,['descriptive']
BuildFlow,0CkYFHpLIPY,Mrbeast podcast#MrBeast#paidpartner,828,both,0.02670967741935484,['descriptive']
BuildFlow,snL0nGz-CvU,Mr beast podcast#MrBeast#paidpartner,755,both,0.024354838709677418,['descriptive']
BuildFlow,d4BZrsbpPd4,#mrbeast#vyro,661,both,0.02132258064516129,['descriptive']
BuildFlow,uRBnyiLg8ds,#mrbeast#vyro,660,both,0.02129032258064516,['descriptive']
BuildFlow,HzzeyHJ8nM8,MrBeast Drops a Plane Onto a House! 😱#mrbeast#vyro,586,both,0.018903225806451613,['curiosity']
BuildFlow,WQtAYaOxsoA,#mrbeast#vyro,555,both,0.017903225806451612,['descriptive']
BuildFlow,eQC6nWf0yH0,#podcast,423,both,0.013645161290322581,['descriptive']
Deck Haven,EZC6eXmJuz4,Three Kids. One Tiny Room. Endless Storage #shorts #interiordesign,6700000,both,194.20289855072463,['instructional']
Deck Haven,rz-B_0CIkbA,The Smartest Small Kids' Room I've Seen #shorts,2700000,both,78.26086956521739,['instructional']
Deck Haven,1byd3p5Hq0c,"4 Kids, 1 Room — This Layout Solved Everything #shorts",738000,popular,21.391304347826086,['descriptive']
Deck Haven,fB0iji2Dexo,From One Bed to Two Private Zones #shorts,311000,popular,9.014492753623188,['transformation']
Deck Haven,muf3HiOkvjA,This 12㎡ Room Feels Twice as Big 🤯 #shorts,204000,popular,5.913043478260869,['curiosity']
Deck Haven,EQZpxJvehHM,The Most Insane Kids’ Room Ever Built 🔥 #shorts,161000,popular,4.666666666666667,"['curiosity', 'transformation']"
Deck Haven,-9xfSOcDmAk,How Americans will Design Tiny Kid's Bedroom #shorts,118000,both,3.420289855072464,['question']
Deck Haven,o7K6qmmE5vk,"2 Kids, 1 Room, Perfect Layout #shorts",114000,popular,3.3043478260869565,['descriptive']
Deck Haven,GOkyP8wpjyY,This Brother & Sister Shared Bedroom Changes Everything #shorts,93000,both,2.6956521739130435,['descriptive']
Deck Haven,Bn9MRBMtbEo,We Removed Our Daughter’s Platform Bed… Look What We Built Instead #shorts,66000,both,1.9130434782608696,['transformation']
Deck Haven,ycTsDLCBpWU,This Tiny Kid's Bedroom Solves Everything #shorts,61000,both,1.7681159420289856,['descriptive']
Deck Haven,ES432xLhEbo,The Craziest Bedroom Setup for an Anime Gamer #shorts,61000,popular,1.7681159420289856,['descriptive']
Deck Haven,7-G8ORohcJY,This Layout Solves Small Bedroom Problems #shorts,51000,both,1.4782608695652173,['descriptive']
Deck Haven,s1nsjKens7M,Fix Your Bedroom Layout in 5 Steps #shorts,50000,popular,1.4492753623188406,['descriptive']
Deck Haven,69P1TGK6DgY,9㎡ Bedroom Don’t Put the Bed in the Middle #shorts,48000,popular,1.391304347826087,['descriptive']
Deck Haven,FvbjVOpaabU,Stop Designing Bedrooms Like This #shorts #interiordesign,47000,popular,1.3623188405797102,['descriptive']
Deck Haven,cRGP-fL8OLo,This Small Room Solved a Big Problem #shorts,47000,popular,1.3623188405797102,['descriptive']
Deck Haven,-Kd1gkIStYw,This Built-In Bedroom Changes Everything #shorts,42000,both,1.2173913043478262,['transformation']
Deck Haven,Ii5AVftLdn0,Future Kids Bedrooms Will Look Like This #shorts,41000,both,1.1884057971014492,['descriptive']
Deck Haven,9bsBUiMW0tA,"Two Kids, One Room — The Smartest Layout Ever #shorts",39000,popular,1.1304347826086956,['instructional']
Deck Haven,rGNaZMFvTNs,This Entryway Hack Creates 3X More Storage #shorts,39000,both,1.1304347826086956,['instructional']
Deck Haven,UiUdJnswsEI,Why don't Americans build kid's Bedroom like this 😳 #shorts,37000,both,1.0724637681159421,"['question', 'transformation']"
Deck Haven,QgLi2UtHpIY,This 6㎡ Bedroom Feels Huge #shorts,37000,popular,1.0724637681159421,['descriptive']
Deck Haven,8innhWCojj0,Small Bedroom ? Move Your Closet Here #shorts,37000,popular,1.0724637681159421,['question']
Deck Haven,JSsZWgi76C0,Our Twins Were Fighting Over Space… So I Got Rid of Both Beds #shorts,36000,both,1.0434782608695652,['descriptive']
Deck Haven,3lzmAaFEsrw,How to Fix a Cramped Bedroom Instantly #shorts,35000,popular,1.0144927536231885,"['question', 'instructional']"
Deck Haven,JzMRDwRGEP0,9㎡ Bedroom Turned Into a Functional Dream Space #shorts,34000,popular,0.9855072463768116,['fantasy_ai']
Deck Haven,nAPgjS4hgVM,"2 Kids, 1 Room… No Bunk Bed Needed #shorts",34000,popular,0.9855072463768116,['descriptive']
Deck Haven,PDv9AD8pZys,Why Is Everyone Still Buying Bedside Tables? #shorts,31000,both,0.8985507246376812,['question']
Deck Haven,Ewjoz_mfXiU,"Two Kids, One Room? Try This Genius Design #shorts #interiordesign #bedroom #kidsroom #creativehome",31000,popular,0.8985507246376812,"['question', 'curiosity']"
Deck Haven,9QJgCXXStDs,"2 Kids, 1 Room — No Bunk Bed Needed #shorts",30000,popular,0.8695652173913043,['descriptive']
Deck Haven,EFZpq67sCyM,No More Bunk Beds: The Best 3-Kid Bedroom Setup #shorts,30000,popular,0.8695652173913043,['descriptive']
Deck Haven,jdvMn94PAfs,No More Clutter — This Bedroom Design Changes Everything #shorts,30000,popular,0.8695652173913043,['descriptive']
Deck Haven,9I7Az9jd6r0,The Ultimate Space-Saving Bedroom Setup #shorts,30000,popular,0.8695652173913043,['descriptive']
Deck Haven,hihpNorSNFI,10 Kids. 1 Bedroom. Insane Space-Saving Design #shorts,29000,popular,0.8405797101449275,['curiosity']
Deck Haven,4Ztx5PNfYns,The Laundry Upgrade That Saves Your Back #shorts,29000,popular,0.8405797101449275,['descriptive']
Deck Haven,Paw_ev1RdnA,"Small Room, Luxury Feel, Genius Storage #shorts",28000,popular,0.8115942028985508,"['curiosity', 'money_status', 'instructional']"
Deck Haven,VjsE8cb1M5o,7 Genius Space-Saving Ideas for a Small Home #shorts,4800,newest,0.1391304347826087,"['curiosity', 'instructional']"
Deck Haven,nHrtVDuwM5c,Why Don’t People in the US Design Tiny Bedrooms Like This?#shorts #smallliving,26000,newest,0.7536231884057971,['question']
Deck Haven,wLyaRdGmaIE,Why Don’t People in the US Put Washing Machines Like This? #shorts,20000,newest,0.5797101449275363,['question']
Deck Haven,0U5J1mI_dRs,How to Give 2 Kids Their Own Space in One Bedroom #shorts,24000,newest,0.6956521739130435,"['question', 'instructional']"
Deck Haven,WupwxUx4Om0,Every gamer dreams of a bedroom like this... 🎮 #shorts,20000,newest,0.5797101449275363,['fantasy_ai']
Deck Haven,6JJ56A4MsEI,Stop Putting Your Bed Here in a Small Bedroom #shorts,16000,newest,0.463768115942029,['descriptive']
Deck Haven,_mKM4XdCyVg,Stop Putting Your Bed On The Floor #shorts,19000,newest,0.5507246376811594,['descriptive']
Deck Haven,grN4zjqra0k,How Americans Will Design Balconies In The Future #shorts,15000,newest,0.43478260869565216,['question']
Deck Haven,F8oJZy0MhX0,Stop Putting Your Washer On The Floor #shorts #interiordesign,8100,newest,0.23478260869565218,['descriptive']
Deck Haven,o10iRmkRzyU,How Americans Maximize Small Kids' Bedrooms #shorts #kidsroom #interiordesign,14000,newest,0.4057971014492754,['question']
Deck Haven,rgQbsQlb-0w,Every Bedroom Is Wasting These 9 Areas #shorts,6000,newest,0.17391304347826086,['descriptive']
Deck Haven,joVtmfMSUBo,The Master Bedroom Layout Mistake Everyone Makes #shorts,6200,newest,0.17971014492753623,['descriptive']
Deck Haven,17C4sLrpfq8,Stop Putting Your Bed In The Middle #shorts,26000,newest,0.7536231884057971,['descriptive']
Deck Haven,E6KrkDU9xv4,"How to Fit 8 Kids in One Bedroom Without Losing Your Mind ,#shorts",7300,newest,0.21159420289855072,"['question', 'curiosity', 'instructional']"
Deck Haven,oJsn1zNs36k,I Wish I Knew This Small Bedroom Hack Earlier #shorts,9000,newest,0.2608695652173913,['instructional']
Simple Vision,t3P14HN8vVg,Folding attic ladder project. Stairs hidden in a closet #interior #diningtabledesign #home,66000000,popular,227.1944922547332,['curiosity']
Simple Vision,Xi0N_TYABXM,Design of solid wood inverted folding bookshelf #furnituredesign #interiordesign #home #furniture,52000000,popular,179.00172117039588,['descriptive']
Simple Vision,Mjcbv9382bo,hidden staircase is very convenient #furnituredesign #interior #furniture #staircase,51000000,popular,175.5593803786575,['curiosity']
Simple Vision,AYr3KRLI3Eo,Convenient and beautiful hidden staircase #home #furnituredesign #staircase,37000000,popular,127.36660929432014,['curiosity']
Simple Vision,s090QlrnpMk,Smart Furniture Hidden Chairs and Expanding Table  #interiordesign #furniture #furnituredesign,33000000,popular,113.5972461273666,"['curiosity', 'instructional']"
Simple Vision,g4hqlcttK3U,Auto Close Premium Slide Door Latch Design,14000000,popular,48.19277108433735,['descriptive']
Simple Vision,z_LjV9g7rec,Folding Staircase to Hidden Room – Smart Home Design  #home #interiordesign,5900000,popular,20.309810671256454,"['curiosity', 'instructional']"
Simple Vision,je8yj7t6F8g,Home Office  DIY Concept Design  You Won't Believe This Desk Hides in a Cabinet! #furnituredesign,5200000,popular,17.900172117039588,['curiosity']
Simple Vision,XVvU-xw9tFQ,Folding ladder. Smart kitchen design #interiordesign #home #furnituredesign,4500000,both,15.49053356282272,['instructional']
Simple Vision,aExRYBAjSZg,Multifunctional sofa bed solid wood furniture #furnituredesign #home #furniture,3900000,popular,13.42512908777969,['descriptive']
Simple Vision,EQ81mFy1_A8,Folding attic ladder. Hidden space behind the stairs!  #interiordesign  #home #furnituredesign,3500000,both,12.048192771084338,['curiosity']
Simple Vision,WlTVUKnp9G8,Solid wood multifunctional tatami bench furniture design #interiordesign #home #furnituredesign,3000000,popular,10.327022375215146,['descriptive']
Simple Vision,5NsBepjYADo,The hidden staircase is quite handy  #interior #diningtabledesign #home,2800000,popular,9.63855421686747,['curiosity']
Simple Vision,OEf8E3lbTao,Hidden transformation of a bed into a chair and a desk #furniture #furnituredesign #funnyshorts,2000000,both,6.884681583476764,"['curiosity', 'transformation']"
Simple Vision,ciwtyr2MSh0,Staircase Gate Enclosure. Under the stairs #home #furnituredesign,1900000,both,6.540447504302926,['descriptive']
Simple Vision,pQ94b52XeOE,Folding attic ladder project Very convenient and beautiful  #diningtabledesign #interiordesign #home,1800000,popular,6.196213425129088,['descriptive']
Simple Vision,aUBFmEcxqfQ,folding dining table and chair  #furnituredesign #furniture,1700000,popular,5.851979345955249,['descriptive']
Simple Vision,Ktlr0fdlj7k,Space Saving Attic Stairs You’ll Actually Love! #home #furnituredesign #staircase,1700000,popular,5.851979345955249,['descriptive']
Simple Vision,GwQ9W4MCGZ0,Convenient and smart revolving cabinet in the kitchen  #home #furnituredesign #kitchen,1500000,popular,5.163511187607573,['instructional']
Simple Vision,QC9ihRu1-RA,Round transformable table with hidden curved chairs smart design #furnituredesign,1500000,popular,5.163511187607573,"['curiosity', 'transformation', 'instructional']"
Simple Vision,aM9tX3jmPAU,This table magically hides in your kitchen drawers! Minimalist furniture design,1300000,popular,4.475043029259897,['fantasy_ai']
Simple Vision,P4RSnm7WgTY,Transformable table. From coffee table to dining table  #interiordesign #furniture #furnituredesign,1300000,popular,4.475043029259897,['transformation']
Simple Vision,ZXM6QNPrMIM,Compact Cabinet Transforms Into Desk with Hidden Chair  DIY Design Concept,1200000,popular,4.130808950086059,"['curiosity', 'transformation']"
Simple Vision,8H_iEI9zT2w,Great solution for a small apartment  #interiordesign #diningtabledesign,901000,both,3.1015490533562824,['descriptive']
Simple Vision,99b5krrkL58,Slide Door Auto Lock   Premium Build  #doorhardware #wood #safetylock #woodworking #doorlock #tools,858000,popular,2.9535283993115318,['transformation']
Simple Vision,_j5Mxm8iJOo,Convenient and beautiful hidden staircase  #interiordesign #diningtabledesign,810000,popular,2.7882960413080893,['curiosity']
Simple Vision,uLZbp_QU9Jw,Heavy Duty Slide Door Auto Close Wooden Lock,733000,popular,2.523235800344234,['descriptive']
Simple Vision,Bm6J0HEnOSE,Convenient climbing ladder saves space #furniture #interiordesign,636000,popular,2.189328743545611,['descriptive']
Simple Vision,DpUUZKHz5ZI,"One door, two uses #home #design  #interiordesign  #furnituredesign",596000,popular,2.0516351118760756,['descriptive']
Simple Vision,HqXPlTFdcFw,Solid Wood Furniture Design Multifunctional Bed and Folding Ladder #interiordesign #furnituredesign,555000,both,1.910499139414802,['descriptive']
Simple Vision,97o0-wf1z1s,Folding ladder with a view of the closet #interior #diningtabledesign #home,546000,popular,1.8795180722891567,['descriptive']
Simple Vision,m8K980dKpy8,Retractable ladder on wheels convenient and fast | van de zip up #furniture  #interior,501000,popular,1.7246127366609294,['descriptive']
Simple Vision,BbywoAcrAzQ,Smart mini kitchen furniture with hidden chairs and an extendable table  #home #furnituredesign,406000,popular,1.3975903614457832,"['curiosity', 'instructional']"
Simple Vision,XG-81QpA7LE,Automatic Latching Door Lock Sliding Gate Latch #Shorts #GateLock #SlidingLatch,399000,popular,1.3734939759036144,['descriptive']
Simple Vision,cHXVJzhCW3U,Portable solid wood cross chair furniture design #furnituredesign,369000,popular,1.270223752151463,['descriptive']
Simple Vision,2OcijTn4I_o,Smart stool transformer #furniture #diningtabledesign,330000,popular,1.1359724612736661,"['transformation', 'instructional']"
Simple Vision,nu2kOjc8JTo,Convenient and beautiful hidden staircase | Shelves in the stairs  #interiordesign #furnituredesign,327000,both,1.125645438898451,['curiosity']
Simple Vision,dyy4lDu0QbA,Space Saving Goose Step Ladder Folding Attic Stair Design #interiordesign #home #furnituredesign,310000,both,1.0671256454388984,['descriptive']
Simple Vision,CINkU8_hAo4,Smart closet design with pull out hanger #home #diningtabledesign #furnituredesign #interior,307000,popular,1.0567986230636832,['instructional']
Simple Vision,F6IVWvQpluA,Glass Table Transforms from Round to Square   Sleek Convertible Furniture Design #furnituredesign,304000,popular,1.0464716006884682,['transformation']
Simple Vision,SVPG01C9C2w,This Wardrobe Turns Into A Full Bed! Solid Wood Furniture Design,301000,popular,1.036144578313253,['descriptive']
Simple Vision,NxIPOmEx5SI,Amazing 😱🔥 Room divider   Room Separator #shorts #interiordesign #furnituredesign,295000,popular,1.0154905335628228,['curiosity']
Simple Vision,bcc6kKNCw9U,Home Office. The closet transforms into an office  #interiordesign #furniture,294000,popular,1.0120481927710843,['transformation']
Simple Vision,Q3Gb9V6HVy4,2 in 1 Table — From Coffee to Dinner #interiordesign #furnituredesign #diningtabledesign,287000,popular,0.9879518072289156,['transformation']
Simple Vision,s9dKWb64qgI,Solid Wood Furniture Design #interior #furnituredesign,272000,popular,0.9363166953528399,['descriptive']
Simple Vision,GagDkaeTh3Q,Folding Attic Ladder Project. Stairs Hidden in a closet  #interior #home,272000,both,0.9363166953528399,['curiosity']
Simple Vision,dffZkWI0lKk,This Desk Turns Into a Bed in Seconds! Multifunctional Furniture Design #furnituredesign #furniture,271000,popular,0.9328743545611016,['descriptive']
Simple Vision,AVYbjYF9eX8,Smart Modern Furniture for Maximum Space! #furnituredesign #home,268000,both,0.9225473321858864,['instructional']
Simple Vision,oYFkol7HX9A,This Wardrobe Is Actually a Hidden Door 👀,3100,newest,0.010671256454388985,['curiosity']
Simple Vision,9kObm0YJi6Y,How can you make a small apartment more functional without making it bigger? 🏠✨,1600,newest,0.005507745266781412,['question']
Simple Vision,EjCyCoOyy_8,How It's Built: Modern Coat Rack 🔨,6600,newest,0.022719449225473323,"['question', 'transformation']"
Simple Vision,NqJxmf8cHqg,How This Space Saving Furniture System Actually Works,8700,newest,0.029948364888123923,['question']
Simple Vision,deseUVpP_NE,The Ultimate 4-in-1 Space Saver 📐 #shorts,4800,newest,0.016523235800344233,['descriptive']
Simple Vision,jBI8L29rEFQ,Smart Staircase Design: Empty Space Transformation,11000,newest,0.0378657487091222,"['transformation', 'instructional']"
Simple Vision,1rhy2J4xgto,20m² Apartment Transformation. Smart CGI Concept #Shorts,7200,newest,0.024784853700516352,"['transformation', 'instructional']"
Simple Vision,5aijpODInz4,Smart 2-in-1 Concept: Tiny Table Transformation! 📐🍽️ #shorts #spacesaving,8200,newest,0.028227194492254734,"['transformation', 'instructional']"
Simple Vision,fC52mLTMquE,Hidden Loft Ladder Concept | Smart Space-Saving Hack 🏠✨,15000,newest,0.05163511187607573,"['curiosity', 'instructional']"
Simple Vision,PVGMIimcTew,The most satisfying bar stool ever? 🥂 #shortsvideo,15000,newest,0.05163511187607573,['question']
Simple Vision,c5ZayjkY4QA,From a tiny cabinet to a full office! 💻 🪄 #shorts,19000,newest,0.06540447504302926,['transformation']
Simple Vision,ynBKp2O2h58,Roof Access 2.0: Is this the smartest way to the roof? 🪜 #shorts,17000,newest,0.058519793459552494,"['question', 'instructional']"
Simple Vision,qasws7-Fqn8,More than just a TV wall... 🪄 Hidden Staircase 2.0 #shorts,7900,newest,0.027194492254733218,['curiosity']
Simple Vision,CW12ZT-1LHM,20 sqm never felt so big. Smart Tiny Apartment Design 🏠✨,14000,newest,0.04819277108433735,['instructional']
Simple Vision,HrYmRI53mj0,Smart Studio: Transforming Hidden Staircase & Wardrobe System,11000,newest,0.0378657487091222,"['curiosity', 'transformation', 'instructional']"
Simple Vision,VsNh3iWwVLs,Hidden Space: The Ultimate Secret Staircase Transformation,17000,newest,0.058519793459552494,"['curiosity', 'transformation']"
Simple Vision,5GT96_q9lU0,Why this Hidden Staircase is so Convenient,55000,newest,0.18932874354561102,"['question', 'curiosity']"
Simple Vision,kkqhl9y_s08,Ultimate 3 in 1 Smart Bedroom Concept! 😱🏠 #shorts,40000,newest,0.13769363166953527,"['curiosity', 'instructional']"
Simple Vision,eTNZ64_F0XM,Hidden Folding Stairs Inside a Closet #smartspaces #interiordesign,31000,newest,0.10671256454388985,"['curiosity', 'instructional']"
Simple Vision,8w4wK1jb3Mo,Hidden Staircase Concept for Compact Spaces #shorts #SmartFurniture #home,20000,newest,0.06884681583476764,"['curiosity', 'instructional']"
Simple Vision,aqY7H22Lxsw,DIY: This Hidden Table is Genius! 🤯 | Space Saving Furniture,16000,newest,0.055077452667814115,['curiosity']
Simple Vision,Z-6z0o4WG_4,Hidden Under-Stair Cabinet Design idea: Light & Style ✨,18000,newest,0.06196213425129088,"['curiosity', 'instructional']"
Simple Vision,TksDevrFLls,This Smart Rotating Corner Cabinet Changes Kitchen Storage,25000,newest,0.08605851979345955,['instructional']
Simple Vision,vtNPyN6hOtg,Smart Entryway Design Hidden Clothes Rack & Foldable Seat #furnituredesign,36000,newest,0.12392426850258176,"['curiosity', 'instructional']"
Simple Vision,Rhjn-0wXL3U,Genius Under Stairs Storage 😱 Zero Wasted Space  #furnituredesign #home #interior #smartfurniture,34000,newest,0.11703958691910499,"['curiosity', 'instructional']"
Simple Vision,tFPmyiAEvKQ,This Glass Table Expands in Seconds #FurnitureDesign #ModernFurniture #SmartFurniture,20000,newest,0.06884681583476764,['instructional']
Simple Vision,KLR2tFpaARw,This Ceiling Hides a Folding Staircase  #interiordesign #home #smartfurniture #foldingstairs,23000,newest,0.07917383820998279,['instructional']
Simple Vision,S35zrKLEtoQ,Wall Mounted Folding Table  #furnituredesign #home #interiordesign #smartfurniture,38000,newest,0.13080895008605853,['instructional']
Simple Vision,ModGOPhMaGc,This Staircase Hides Smart Storage  #spacesaving #homedesign #smarthome #diy #furnituredesign,49000,newest,0.1686746987951807,['instructional']
Simple Vision,w-59L5P4GX0,A Hidden Basement Entrance Under the Couch  #homedesign #interiordesign #secretroom #home,49000,newest,0.1686746987951807,['curiosity']
Simple Vision,3Bv8dKOIpDU,Secret Door Leads to an Attic Office,21000,newest,0.07228915662650602,['curiosity']
Simple Vision,5RWeSqSoZBY,Pull out hidden table. Smart kitchen #furnituredesign #home,114000,newest,0.3924268502581756,"['curiosity', 'instructional']"
Simple Vision,LrxsVi7Gimg,Hidden staircase for a beautiful bedroom #furnituredesign #home #interiordesign,47000,newest,0.16179001721170397,['curiosity']
Simple Vision,NgRrb-eGQu4,Retractable hidden staircase. Comfortable office space  #furnituredesign #home,163000,newest,0.5611015490533563,['curiosity']
Simple Vision,5oAPxKBHcOM,Space saving corner Christmas tree 🎄 #creative #christmastree #spacesaving,71000,newest,0.24440619621342513,['descriptive']
Simple Vision,3ONk9tTWuNY,DIY Christmas Tree #christmas #christmastree #newyear2026DIY & Crafts Beautiful Transformable,50000,newest,0.1721170395869191,['transformation']
Simple Vision,mXasdTc5mzk,Furniture Design of Solid wood Multifunctional bed and desk  #interiordesign #furnituredesign,145000,newest,0.4991394148020654,['descriptive']
Simple Vision,kPbUYLKxXwM,Walk in closet behind the cabinet #furnituredesign  #murphydoor #door #hide,116000,newest,0.3993115318416523,['descriptive']
Home Graphix,2f2mKB5-02k,Designing 3m² Apartment in New York! #3dhousedesgin #shorts,167000000,both,154.9165120593692,['location']
Home Graphix,qZwtLVasGWE,Ultimate Small Room Transformation #shorts #3dhousedesign,22000000,both,20.408163265306122,['transformation']
Home Graphix,ZwhdU6ImnK8,Next-Level Bedroom Design | Smarter And More Functional #shorts,21000000,both,19.48051948051948,['instructional']
Home Graphix,7x00K83aLuA,Smart Design Turns The Smallest Bedroom Into A Luxury Space #shorts,17000000,both,15.769944341372913,"['transformation', 'money_status', 'instructional']"
Home Graphix,l1ynOY0m2UI,Your Wardrobe Is Wasting Space — Try This Genius Full-Height Layout #shorts,13000000,both,12.059369202226344,['curiosity']
Home Graphix,L28FT60BgF8,This Room Design Gives Two People Full Privacy In One Space #shorts,9000000,both,8.348794063079778,['descriptive']
Home Graphix,Uvsz6SBOxSc,A Smart Renovation That Gave This Bedroom A Whole New Life #shorts,6800000,both,6.307977736549165,"['transformation', 'instructional']"
Home Graphix,VIWHdL2Co5M,A Modern Bedroom Design That Makes The Room Feel Bigger #shorts,6000000,both,5.565862708719852,['descriptive']
Home Graphix,XRfSL3n2iZI,The Perfect Layout For A Tiny Bedroom #shorts,4900000,both,4.545454545454546,['descriptive']
Home Graphix,yDTaTcvv4oY,The Tiniest Apartment Turned Into A Fully Functional Home,4600000,both,4.267161410018553,['descriptive']
Home Graphix,udGTE6byDmI,Genius Bedroom Transformation #shorts #3dhousedesign,4600000,both,4.267161410018553,"['curiosity', 'transformation']"
Home Graphix,3ESG2HfP9nU,The Genius Redesign That Transformed A Tiny Bedroom,2500000,both,2.3191094619666046,"['curiosity', 'transformation']"
Home Graphix,leZZdvzpJ-M,How This Tiny Bedroom Became A Comfortable And Organized Space #shorts,2400000,both,2.226345083487941,['question']
Home Graphix,ecWxE8m8h9A,Declutter And Expand | Modern Bedroom Transformation #shorts,2300000,both,2.1335807050092765,['transformation']
Home Graphix,7P3E5baR0K0,Tiny Room Transformed Into 2 Bedrooms With Full Privacy And Storage #shorts,2100000,both,1.948051948051948,"['transformation', 'instructional']"
Home Graphix,eNJe2DJZyos,Tiny Room Transformed Into Two Functional Zones #shorts,2000000,both,1.8552875695732838,['transformation']
Home Graphix,s66ro0ilsvE,The Perfect Entryway Cabinet Design For Every Family #shorts,2000000,both,1.8552875695732838,['descriptive']
Home Graphix,hwrMzERPjrg,Incredible Tiny Home Renovation #shorts,1900000,both,1.7625231910946197,['transformation']
Home Graphix,D3qqSYIKE8U,A Genius Redesign For Tiny Spaces #shorts,1700000,both,1.5769944341372912,['curiosity']
Home Graphix,pkmyo8E1aew,Small Bedroom Big Upgrade | Hidden Storage And Secret Base Design #shorts,1700000,both,1.5769944341372912,"['curiosity', 'instructional']"
Home Graphix,pNoFgG6_RIE,Bedroom Makeover That Doubled The Space #shorts,1700000,both,1.5769944341372912,['transformation']
Home Graphix,3e1ZhY3mqpw,Twin Girls One Room #shorts,1200000,both,1.1131725417439704,['descriptive']
Home Graphix,y0YLNBczOpw,Innovative Bedroom Design That Maximizes Storage And Comfort #shorts,1200000,both,1.1131725417439704,['instructional']
Home Graphix,Ilj33tfX050,A Brilliant Small Bedroom Transformation #shorts,1200000,both,1.1131725417439704,['transformation']
Home Graphix,CKUi0SZJtA4,This 6㎡ Bedroom Had No Walkway | The Redesign Is Brilliant,956000,both,0.8868274582560297,['descriptive']
Home Graphix,3ifVBfRaa20,Every Girl’s Dream Room — Designed in Just 9 Square Meters #shorts,910000,both,0.8441558441558441,['fantasy_ai']
Home Graphix,zNoa2Iy-hqM,Tiny Bedroom Full Upgrade | Fit A Walk-In Closet Without Feeling Crowded #shorts,833000,both,0.7727272727272727,['descriptive']
Home Graphix,VLnza-1gzck,This Simple Redesign Makes Any Bedroom Perfect #shorts,752000,both,0.6975881261595547,['descriptive']
Home Graphix,6p4BhNIp5X0,This Is How You Fix A Small Bedroom Without Making It Feel Smaller #shorts,734000,both,0.6808905380333952,['descriptive']
Home Graphix,y0o4TmP4tp0,Tiny Bedroom Renovation With A Compact Walk-In Closet,704000,both,0.6530612244897959,['transformation']
Home Graphix,EUNSe4xrZnY,Smart Bed Design That Turns One Room Into Two Private Spaces #shorts,665000,both,0.6168831168831169,"['transformation', 'instructional']"
Home Graphix,3_RvYtAv4yY,Small Bedroom Upgrade That Feels Like A Whole New Home #shorts,601000,both,0.5575139146567718,['descriptive']
Home Graphix,fFk2oWST-sw,Genius Design Turns A Small Room Into A Full Feature Space #shorts,589000,both,0.5463821892393321,"['curiosity', 'transformation']"
Home Graphix,bSvhIxfpMfk,This Bedroom Design Finally Gave 3 Kids Their Own Space #shorts,587000,both,0.5445269016697588,['descriptive']
Home Graphix,aWiG1nRUQsY,Tiny Bedroom Renovation Unlocks A Full Gaming & Storage Base #shorts,586000,both,0.5435992578849722,"['transformation', 'instructional']"
Home Graphix,H3rwcZtXS1M,This Small Bedroom Design Will Dominate The Next 10 Years,579000,both,0.5371057513914657,['descriptive']
Home Graphix,ZvH2eY5aY4k,A Small Bedroom Redesign That Smartly Doubled The Usable Space #shorts,528000,both,0.4897959183673469,['instructional']
Home Graphix,miURrJcN5B8,Tiny 6㎡ Bedroom Transformed Into A Cozy Study + Play Zone #shorts,521000,both,0.48330241187384043,"['transformation', 'cozy_ambience']"
Home Graphix,WZ_u4YaUvso,Small Room Big Comfort | Transforming 9㎡ Into A Stylish Bedroom #shorts,483000,both,0.44805194805194803,['transformation']
Home Graphix,g1WlYCruQLY,Best Small Bedroom Design Idea For Growing Kids #shorts,480000,both,0.4452690166975881,['instructional']
Home Graphix,8ik-V5znR4s,The Upgrade That Turned Laundry Into Easy Work #shorts,441000,both,0.4090909090909091,['transformation']
Home Graphix,n2e4is1FzXg,Tiny Room Transformed Into A Perfect Bedroom For Two Kids,413000,both,0.38311688311688313,['transformation']
Home Graphix,KyEnq1DVzm0,This Small Bedroom Fits An Entire Collection Without Feeling Crowded #shorts,402000,both,0.37291280148423006,['descriptive']
Home Graphix,Ec_36XJHKvI,A Genius Layout That Completely Transforms A Small Bedroom #shorts,386000,both,0.3580705009276438,"['curiosity', 'transformation']"
Home Graphix,v0mBYeMxRl4,Tiny Room Turned Into A Perfect Space For Three Kids #shorts,361000,both,0.33487940630797774,['descriptive']
Home Graphix,r_0WHkCxjYM,Small Bedroom Makeover | Smart Storage Ideas For Tiny Rooms #shorts,356000,both,0.3302411873840445,"['transformation', 'instructional']"
Home Graphix,mDzf_jia2SA,This Genius Bedroom Layout Solves All Small-Space Problems #shorts,309000,both,0.28664192949907236,['curiosity']
Home Graphix,ungt2Bis6cE,This Small Bedroom Renovation Solves Every Space Problem At Once #shorts,240000,both,0.22263450834879406,['transformation']
Buildenza,sb_ysSkErW0,Buried a Root Cellar Underground...,19000000,both,128.3783783783784,['descriptive']
Buildenza,BbCpsKf5hVE,Buried a Submarine Underground… Then Made It a Hidden Military Base,16000000,both,108.10810810810811,['curiosity']
Buildenza,TOj6qNi-r3I,I Buried a Water Tank… Then Transformed It Into a Hobbit House.,14000000,both,94.5945945945946,['transformation']
Buildenza,8gbWinVFHCk,I Buried a Boeing 747 Underground and Turned It Into the Most Insane Mansion Ever Built,13000000,both,87.83783783783784,"['curiosity', 'transformation']"
Buildenza,gXVG1TtaUNU,He Turned a Container Into a Floating Underwater Room,8600000,both,58.108108108108105,['transformation']
Buildenza,5OH4fOHJo6s,They Turned Barrels Into a Floating Sphere Bedroom,6800000,both,45.945945945945944,['transformation']
Buildenza,Rv14mfpyT1s,Built a Floating Cabin on 10 Blue Barrels,5100000,both,34.45945945945946,['transformation']
Buildenza,uDngidTKY1E,Most Satisfying Underground Garden Build,3400000,both,22.972972972972972,['transformation']
Buildenza,sBk8iH9wQvo,Ancient Pit House Built Underground — Stone Walls & Fireplace,2100000,both,14.18918918918919,['transformation']
Buildenza,cSDS2yC6yTc,DIY Rainwater Harvesting — Oddly Satisfying Build 🌧️,1800000,both,12.162162162162161,"['transformation', 'cozy_ambience']"
Buildenza,Lp_-RgskIVQ,Built a Submarine From a Water Tank 🌊,1600000,both,10.81081081081081,['transformation']
Buildenza,TxRkL2C92Es,Would you stay in this floating glass lounge?,1100000,both,7.4324324324324325,['question']
Buildenza,PPDlBOddpIk,He Built a Glass Villa Carved Into a Cliff Face,894000,both,6.04054054054054,"['transformation', 'location']"
Buildenza,QVYQFJUqghQ,I Buried a Sauna Underground (Nobody Expected This),835000,both,5.641891891891892,['curiosity']
Buildenza,N0gH5ig2pdk,Buried a Mushroom Farm Underground 🍄,721000,both,4.871621621621622,['descriptive']
Buildenza,fg4We2QVXQM,Buried America's Most Dangerous Aircraft... Then Turned It Into a Nuclear Fallout Shelter,667000,both,4.506756756756757,['transformation']
Buildenza,64s370SPBXU,They Said It Was Impossible… So I Built a Geodesic Dome #shorts,630000,both,4.256756756756757,"['curiosity', 'transformation']"
Buildenza,OsGH4GLjzxA,We Built a Floating Greenhouse in the Middle of a Lake,350000,both,2.364864864864865,['transformation']
Buildenza,6CyaqwIxqug,Buried a Space Shuttle… Then Turned It Into a Secret NASA Mission Control,343000,both,2.3175675675675675,"['curiosity', 'transformation']"
Buildenza,cldwRnSDhp4,DIY Garden Tunnel Build - Satisfying Construction Timelapse,148000,both,1.0,['transformation']
Buildenza,mJzgjF1_bRw,Buried a cargo container... Then Turned It Into a Luxury Movie Theater,142000,both,0.9594594594594594,"['transformation', 'money_status']"
Buildenza,czE_5Qgk70I,He Built a Cozy Cabin That Hangs Off the Edge of a Cliff,93000,both,0.6283783783783784,"['transformation', 'cozy_ambience']"
Buildenza,EbU22GEJ6po,Buried a Military Helicopter... Then Built a Hidden Ops Base ✅,92000,both,0.6216216216216216,"['curiosity', 'transformation']"
Buildenza,8SnZ81aXC8E,He turned recycled tires into a hidden underground root cellar. 🔄,86000,both,0.581081081081081,"['curiosity', 'transformation']"
Buildenza,m_-1crFCHbI,He Built an Igloo. Then Carved a Secret Room Beneath the Ice.,80000,both,0.5405405405405406,"['curiosity', 'transformation']"
Buildenza,FfwQOrrUVaY,Built a Secret Mars Colony After Landing My Rocket,70000,both,0.47297297297297297,"['curiosity', 'transformation']"
Buildenza,LUFtOnOdYl0,He Turned 3 Water Tanks Into a Hobbit Home,62000,both,0.4189189189189189,['transformation']
Buildenza,5kF3OFWiosg,He Built a Desert Dome House From Sandbags.,30000,both,0.20270270270270271,['transformation']
Buildenza,rXC1Bj69a1Y,He Built a Luxury Floating Cabin Inside a Giant Metal Tank,2700,both,0.018243243243243244,"['transformation', 'money_status']"
Buildenza,s4NFtkVXsqI,He Built a Floating Cabin From Plastic Bottles on an Empty Beach,2200,both,0.014864864864864866,['transformation']
Buildenza,feCb75daBT8,We Built a Hobbit House Inside a Metal Cylinder in the Snow,1900,both,0.012837837837837839,"['transformation', 'cozy_ambience']"
Buildenza,iTRf-85URNI,He Built a Secret Library From Old Tires,1800,both,0.012162162162162163,"['curiosity', 'transformation']"
Buildenza,6h3KaORK_TI,Would You Sleep in This Floating Bedroom Built Inside a Boat?,1500,both,0.010135135135135136,"['question', 'transformation', 'cozy_ambience']"
Buildenza,hnqL6acWe0U,Building a Geodesic Dome That Floats on Water | Construction Timelapse,1300,both,0.008783783783783784,['transformation']
Buildenza,JwvkFugG7rw,Built a Secret Egyptian Hut in the Middle of the Desert,1000,both,0.006756756756756757,"['curiosity', 'transformation']"
Buildenza,Bz19jJrqMLs,This Double Dome House Floats — Lake Build Construction Timelapse,1000,both,0.006756756756756757,['transformation']
Buildenza,m4oTv8ktQRc,He Built a Tiny Reading Pod in His Backyard,883,both,0.005966216216216216,['transformation']
Buildenza,uVULPuFUBkQ,We Built a Luxury Cabin Inside a Floating Van - Construction Timelapse,647,both,0.004371621621621621,"['transformation', 'money_status']"
Buildenza,ZCEVdJg9Ozk,He Built a Secret Flower Apothecary in His Backyard,417,both,0.0028175675675675676,"['curiosity', 'transformation']"
Aura Frame,n09mWzjehrU,THIS SPLIT FLOOR IS AMAZING! 😱🟣💛 Luxury Epoxy Transformation #epoxy #epoxyfloor,101000000,both,1553.8461538461538,"['curiosity', 'transformation', 'money_status']"
Aura Frame,hiDqsdwp6Jw,A BOLD BLEND OF EMERALD LUXURY & PINK GLAM 💚💖 #epoxy #epoxyfloor #transformation,49000000,both,753.8461538461538,"['transformation', 'money_status']"
Aura Frame,LZ81DkKw8Yk,OCEAN - INSPIRED LUXURY WITH ROMANTIC ELEGANCE✨ #epoxy #epoxyfloor #transformation,5900000,both,90.76923076923077,"['transformation', 'money_status']"
Aura Frame,k1LjGQxh-SA,FROM WINTER to SPRING : A Floor Inspired by Nature's Changing Seasons ❄️⭐#epoxy #epoxyfloor,782000,both,12.03076923076923,['transformation']
Aura Frame,jFCmkHA9C1U,LUXURY 💛 MEETS BOLD❤️ COLOR IN THIS EPOXY FLOOR! ✨  #epoxy #epoxyfloor #transformation,732000,both,11.261538461538462,"['transformation', 'money_status']"
Aura Frame,dKz3CDj1T5Q,A ROOM WITH TWO COMPLETELY DIFFERENT VIBES 🔵🩷 #epoxy #epoxyfloor #transformation,716000,both,11.015384615384615,['transformation']
Aura Frame,vqmFnaYszQw,THE ULTIMATE PURPLE vs YELLOW SHOWNDOWN👑🟣💛#epoxy #epoxyfloor #luxury,586000,both,9.015384615384615,"['choice', 'money_status']"
Aura Frame,s8_MfodD_70,A SPLIT FLOOR UNLIKE ANYTHING YOU'VE SEEN!😱💙🟠 #epoxy #epoxyfloor #transformation,224000,both,3.4461538461538463,"['curiosity', 'transformation']"
Aura Frame,NzqiHZHaezk,When Blueberry Meets Lychee in Colorful Resin Floor 🫐❤️#epoxy #floor #epoxyfloor,133000,both,2.046153846153846,['descriptive']
Aura Frame,dKfnyvUJmtg,Autumn Leaves Meet Cherry Blossoms in This Dream Floor 🍁🌸 #epoxy #floor #epoxyfloor,82000,both,1.2615384615384615,['fantasy_ai']
Aura Frame,ZCdYNa9SGAo,Ocean & Lava Epoxy Floor Transformation 🌊🌋#epoxy #floor #epoxyfloor,76000,both,1.1692307692307693,['transformation']
Aura Frame,mOisIDogh4M,"One Room, Two Worlds: Day and Night 🌞🌙#epoxy #floor #epoxyfloor",73000,both,1.123076923076923,['descriptive']
Aura Frame,JBYEpB6yXNU,A Tropical Fruit Floor Full of Color 🍌🍉#epoxy #floor #epoxyfloor,72000,both,1.1076923076923078,['descriptive']
Aura Frame,XnOH7Xmnthk,Would You Walk on This Chocolate Candy Floor? 🍫🍬#epoxy #floor #epoxyfloor,68000,both,1.0461538461538462,['question']
Aura Frame,xZsvidkF_Eo,Would You Sleep on This Emerald Blue Floor That Looks Like a Gem?💎#epoxy #floor #epoxyfloor,67000,both,1.0307692307692307,"['question', 'cozy_ambience']"
Aura Frame,tSknRGmnwQE,Tea or Coffee? Which Floor Would You Choose? 🍵☕#epoxy #floor #epoxyfloor,65000,both,1.0,"['question', 'choice']"
Aura Frame,NwMSkST5WAk,A Blooming Garden Beneath Your Feet 🌸✨#epoxy #floor #epoxyfloor,58000,both,0.8923076923076924,['descriptive']
Aura Frame,-g8D7LSRT7Q,A Serene Bamboo & Rose Resin Floor 🌿🌹 #epoxy #floor #epoxyfloor,53000,both,0.8153846153846154,['descriptive']
Aura Frame,bPFlATtpyzk,This Bedroom Feels Like Outer Space 🌌✨ #epoxy #floor #epoxyfloor,50000,both,0.7692307692307693,['descriptive']
Aura Frame,vEv7bUNwblw,Bring a Pink Beach Into Your Home 🩷🏖️#epoxy #floor #epoxyfloor,49000,both,0.7538461538461538,['descriptive']
Aura Frame,VQYvpdDsiws,Purple Resin Floor That Glows Beautifully 💜 #epoxy #floor #epoxyfloor,21000,both,0.3230769230769231,['descriptive']
Aura Frame,SQ6tOieXtmc,These Ocean Coffee Tables Look Absolutely Awesome! 🌊😍  #shorts #furnituredesign #interiordesign,20000,both,0.3076923076923077,['descriptive']
Aura Frame,nmf94V4ZuDs,Satisfying Ocean Wave Floor Transformation 🌊 #epoxy #floor #home #shorts #oceanwaves,17000,both,0.26153846153846155,['transformation']
Aura Frame,4F2xz0wZzQo,A Coral Reef Hidden Inside This Floor 🪸🌊#shorts #floor #renovation #interiordesign,16000,both,0.24615384615384617,"['curiosity', 'transformation']"
Aura Frame,897JIRvcaCs,Stunning River Epoxy Floor in a Relaxing Bedroom! #shorts #floor #renovation #interiordesign,16000,both,0.24615384615384617,"['transformation', 'cozy_ambience']"
Aura Frame,fHLRMNxNwZM,Bringing Nature! This Leaves and Birch Branch Frozen Inside This Floor 🍂🤯#epoxy  #floor  #epoxyfloor,16000,both,0.24615384615384617,['curiosity']
Aura Frame,YC44pKiTg8M,Wow! Cherry Blossom Floor That Glows Beautifully 😱👏🏻 #epoxy #interiordesign #homedesign,16000,both,0.24615384615384617,['curiosity']
Aura Frame,IrIs-C2k9Q0,Dream Bedroom with a Floating Cloud Floor ☁️✨ #shorts #interiordesign #homedecor,15000,both,0.23076923076923078,['fantasy_ai']
Aura Frame,_lNHlN6pGyw,This Crystal Kitchen Island Is Pure Luxury ✨#shorts #interiordesign,14000,both,0.2153846153846154,['money_status']
Aura Frame,q8LCVitT_Sg,From Cracked Concrete to Luxury Living ✨ #shorts #renovation #interiordesign,12000,both,0.18461538461538463,"['transformation', 'money_status']"
Aura Frame,utiFX2kECwk,Official YouTube Silver Play Button Unboxing! (176K Subscribers Milestone).,3800,both,0.05846153846153846,['descriptive']
